country_id,country,year,gpr_country,inflation_ppt,gdp_pct,trade_to_gdp_ppt,shortages_index,milit_exp_to_gdp_ppt,debt_to_gdp_ppt,money_growth_ppt,govt_exp_to_gdp_ppt,gpa_country,gpt_country,st_interest_rate_ppt,exchange_rate_depreciation_ppt,gpr_global,gpr_foreign,gpr_narrative,lt_interest_rate_ppt,inflation_trim_ppt,money_growth_trim_ppt
1,Argentina,1900,-0.65175229,7.5353217,-0.072069533,-14.147788,-0.5077731,1.5816778,53.970001,,8.2530203,-0.65307939,-0.50447994,,,72.415619,21.752642,0.0,7.0100002,7.5353217,
1,Argentina,1901,-0.33288452,5.9854016,-0.028311765,-8.1664019,0.17916644,1.386639,50.950001,-1.7002612,8.0012999,-0.59965652,-0.14741658,,0.0,43.076683,12.087364,0.0,6.3000002,5.9854016,-1.7002612
1,Argentina,1902,-0.69709903,0.0,-0.088926844,-9.5144615,-0.56609321,1.46478,48.18,5.5859098,9.4123898,-0.74771172,-0.54542744,,0.089552663,43.4799,11.163213,0.0,6.1799998,0.0,5.5859098
1,Argentina,1903,-0.58092993,-0.96418732,0.0088005681,-0.56466323,-0.54454672,1.2662373,40.810001,28.760134,7.5142999,-0.71128201,-0.41131431,,0.089460991,49.491287,13.460471,0.0,5.4400001,-0.96418732,28.760134
1,Argentina,1904,-0.079009213,-3.7552156,0.073335238,0.14901172,-0.30018473,1.1384131,37.34,18.675323,7.53021,0.17407216,-0.097025365,,-0.089381032,76.692307,24.552258,0.0,5.1900001,-3.7552156,18.675323
1,Argentina,1905,-0.60795772,15.751445,0.16175148,-0.38293135,-0.039402768,0.9540329,27.719999,23.936062,10.2202,-0.6239059,-0.47977728,,0.089460991,54.05724,16.111526,0.0,4.9699998,15.751445,23.936062
1,Argentina,1906,-0.71416783,2.6217229,0.15476634,-7.5546308,0.50727445,1.0105482,25.49,3.0712149,7.1782999,-0.7688998,-0.55223745,,-0.25965148,40.733101,9.2924671,0.0,4.9499998,2.6217229,3.0712149
1,Argentina,1907,-0.65795898,6.6909976,0.11823672,-4.5646758,-0.34477004,1.0544872,27.23,1.1339452,7.23804,-0.59827662,-0.59155476,,2.6331534,34.413788,7.307817,0.0,5.0100002,6.6909976,1.1339452
1,Argentina,1908,-0.71199453,0.79817557,0.15761018,1.7958184,-0.46034932,0.99763232,23.0,15.30614,6.3888302,-0.71491694,-0.60832214,,-2.3992634,32.829559,7.7961774,0.0,4.9200001,0.79817557,15.30614
1,Argentina,1909,-0.50999284,5.4298644,0.14966054,-2.2424462,0.66010976,1.0040358,24.52,24.156118,9.41996,-0.64065289,-0.31692937,,0.0,30.923229,6.9050117,0.0,4.8899999,5.4298644,24.156118
1,Argentina,1910,-0.44445285,-0.75107294,0.16479973,-6.5196381,-0.18126489,0.91009957,22.450001,12.504031,8.9188995,-0.59567106,-0.30356377,,0.8563289,30.885345,6.0236011,0.0,4.8499999,-0.75107294,12.504031
1,Argentina,1911,-0.48403698,0.75675678,0.13165453,-7.560451,-0.17056762,1.151222,26.08,1.8802898,9.03057,-0.49633065,-0.38067979,,0.029574772,52.696037,13.298333,0.0,4.9000001,0.75675678,1.8802898
1,Argentina,1912,-0.64359957,3.6480687,0.16164771,4.6660113,0.21022321,1.2061934,22.99,8.9432793,7.6434102,-0.64404064,-0.51863623,,-0.080239199,53.76284,13.093267,0.0,4.9000001,3.6480687,8.9432793
1,Argentina,1913,-0.48860267,3.5196688,0.12075273,4.1073942,-0.19903846,1.2039219,22.74,-3.6100538,7.4712601,-0.4195475,-0.43552962,,-0.046486758,49.213394,11.601619,0.0,4.9699998,3.5196688,-3.6100538
1,Argentina,1914,1.1990319,0.0,-0.045051038,-3.5468922,-0.095937841,0.6924457,24.65,-8.6931934,8.6430197,1.8557473,0.70842105,,-0.076111905,199.27412,67.739159,0.0,,0.0,-8.6931934
1,Argentina,1915,1.1659781,7.5,-0.09125676,6.3526721,0.43986046,1.0607128,23.139999,13.563519,7.4193301,1.8845007,0.26808557,,1.1933014,269.59604,89.075043,0.0,,7.5,13.563519
1,Argentina,1916,0.30828837,7.0697675,-0.149317,2.3427503,1.2736158,0.46306857,22.0,10.240567,6.6578999,0.90081692,-0.20380642,,-1.4928521,260.30356,76.875122,0.0,,7.0697675,10.240567
1,Argentina,1917,2.1264403,17.202433,-0.26365176,0.78121859,0.81055927,0.49150148,21.690001,15.7281,6.2614198,3.6421771,0.93580735,,-3.2898979,296.97101,90.771614,0.0,,17.202433,15.7281
1,Argentina,1918,0.26783323,26.389919,-0.12093611,4.3934717,1.0875123,0.37959975,15.04,33.846016,4.8294501,0.83701777,-0.09454789,,-1.6767551,331.62021,104.76983,0.0,,26.389919,33.846016
1,Argentina,1919,0.2611329,-5.9824047,-0.11249767,13.312567,0.67509961,0.69526911,14.45,7.7079334,4.81985,0.7008155,-0.10313314,,2.7008915,166.6438,50.190941,0.0,,-5.9824047,7.7079334
1,Argentina,1920,-0.28207245,17.092951,-0.069356084,12.415949,-0.040466812,1.0109384,11.86,11.737501,4.61587,-0.34181422,-0.22416829,,10.458592,102.06319,26.661203,0.0,,17.092951,11.737501
1,Argentina,1921,-0.41982365,-11.347896,-0.0851276,-0.19404964,-0.25951165,1.1158993,13.99,-4.1454172,6.1321702,-0.30290046,-0.4625195,,23.686592,72.843681,19.233797,0.0,,-11.347896,-4.1454172
1,Argentina,1922,-0.5370633,-14.187557,-0.047692768,0.35048062,-0.20528422,1.0749495,14.97,4.528409,7.1054201,-0.43276289,-0.49857304,,-11.724467,64.923538,14.94164,0.0,,,4.528409
1,Argentina,1923,-0.37431437,-1.9230769,0.018145949,0.95955062,0.0013403117,1.325177,13.61,3.788204,6.54041,-0.33860114,-0.37860286,,4.6855354,58.87146,15.699247,0.0,,-1.9230769,3.788204
1,Argentina,1924,-0.24402955,1.9607843,0.053712077,23.642685,0.11482301,1.2222773,14.0,1.4072045,6.1538301,0.16405028,-0.464827,,0.61283833,49.706013,11.466173,0.0,,1.9607843,1.4072045
1,Argentina,1925,-0.57085913,-2.920228,0.0075756293,3.2595775,0.15478911,1.1981573,16.15,-0.34492889,6.61198,-0.42745414,-0.57151705,6.5,-14.909487,45.767529,11.589918,0.0,,-2.920228,-0.34492889
1,Argentina,1926,-0.61268008,-3.0080705,0.017292203,1.4002812,-0.174926,1.5690824,17.43,3.7758055,7.0379901,-0.62876749,-0.5303874,6.5,-0.73996598,37.680462,9.4803829,0.0,,-3.0080705,3.7758055
1,Argentina,1927,-0.60054773,-1.0590016,0.048986811,7.9848318,-0.64880621,1.2602526,19.290001,5.6439195,9.3885603,-0.5824194,-0.52959436,6.5,-4.3108368,45.88192,11.835318,0.0,,-1.0590016,5.6439195
1,Argentina,1928,-0.048077609,-0.53516817,0.07202553,6.8204317,-0.47517207,1.0891625,19.17,10.04608,7.7671099,-0.079787657,0.072044827,6.0,-0.12278643,37.190571,8.8908091,0.0,,-0.53516817,10.04608
1,Argentina,1929,-0.56140304,0.53804767,0.079633452,3.4612086,0.088134535,1.0339774,17.940001,-1.2851878,8.0125103,-0.66165727,-0.41098124,6.25,1.3692826,40.538773,10.651196,0.0,6.3400002,0.53804767,-1.2851878
1,Argentina,1930,0.21140406,1.0703363,-0.0025247608,-5.2344394,-0.21651492,1.6424897,19.08,0.083997548,9.39853,0.49077615,0.078347698,6.25,14.519907,42.976971,10.62974,0.0,6.2600002,1.0703363,0.083997548
1,Argentina,1931,-0.30291668,-13.464448,-0.10559405,1.4859649,-0.16954179,1.09539,24.32,-8.6931934,9.9196501,-0.058319766,-0.34797737,6.25,26.168562,44.57341,11.248445,0.0,6.52,-13.464448,-8.6931934
1,Argentina,1932,0.53785962,-10.751748,-0.16967104,1.5693597,-0.37931824,1.1166996,28.200001,-0.72954643,9.3712597,0.6777727,0.3885456,6.25,12.486251,59.718971,15.97393,0.0,7.1500001,-10.751748,-0.72954643
1,Argentina,1933,0.51968575,12.732615,-0.15258427,-3.5178573,-0.49361396,1.2979072,28.9,-1.3678424,8.8736897,0.97918099,0.27287623,5.25,-16.802183,52.87656,13.594784,0.0,7.0,12.732615,-1.3678424
1,Argentina,1934,0.58461279,-11.294526,-0.10495117,0.68607962,0.8296833,1.3248788,26.469999,0.62491113,8.5838604,0.47117206,0.57037157,5.25,22.245937,52.097977,11.774797,0.0,5.3899999,-11.294526,0.62491113
1,Argentina,1935,0.58245587,6.6601372,-0.09129186,1.5564716,0.2880567,1.4887581,30.040001,0.79778087,8.4636803,0.38156497,0.68707675,3.5,-3.807524,82.748703,24.436594,0.0,5.2399998,6.6601372,0.79778087
1,Argentina,1936,1.0904799,9.4582186,-0.10954452,0.8756063,1.0370284,1.7167944,31.469999,8.6066332,8.5314703,0.72452432,1.3202612,2.4000001,-5.4573679,91.402847,27.987152,0.0,5.0900002,9.4582186,8.6066332
1,Argentina,1937,0.070442244,2.2651007,-0.065180928,6.0426784,0.91853273,2.0824792,27.16,6.2729106,8.6089401,-0.27787852,0.2351678,2.25,-7.3942199,87.478371,28.255762,0.0,4.9899998,2.2651007,6.2729106
1,Argentina,1938,0.44672897,-1.1484823,-0.088743851,-4.3750057,-0.41949654,1.1239423,28.83,-1.954543,9.2724895,-0.14410037,0.81288785,2.3900001,17.627445,102.05727,35.061569,0.0,4.9899998,-1.1484823,-1.954543
1,Argentina,1939,1.8419701,1.1618258,-0.07725434,-2.3305666,0.51301259,1.6166708,30.549999,3.101243,10.0371,2.3680828,1.2959484,2.5,10.52941,191.01532,69.274361,0.0,4.9699998,1.1618258,3.101243
1,Argentina,1940,1.5070466,2.2969646,-0.087588102,-4.6220493,0.72303045,1.9085945,30.4,10.244548,8.80091,2.6366763,0.56742167,2.3099999,-7.5785618,200.07191,75.570229,0.0,4.9899998,2.2969646,10.244548
1,Argentina,1941,1.3193449,10.344828,-0.062420256,-5.3177176,2.2613389,1.9547354,29.879999,85.533821,8.4965401,2.1733565,0.48202959,2.0999999,0.0,241.92404,81.957199,0.0,4.96,10.344828,83.488998
1,Argentina,1942,1.4656215,1.5625,-0.077848762,-3.7696314,2.8532593,2.7221508,28.049999,17.164606,8.3787603,3.0683279,0.044831414,1.11,0.0,306.14059,90.130554,0.0,4.1500001,1.5625,17.164606
1,Argentina,1943,0.58765548,-3.0769231,-0.11134735,-0.54184926,2.4675431,1.4648435,28.92,17.00474,9.1829205,1.3677182,-0.11567043,1.1,0.0,344.39383,103.07147,0.0,4.1500001,-3.0769231,17.00474
1,Argentina,1944,1.0733448,4.7619047,-0.02957687,-10.405914,1.8682022,4.7664099,26.92,21.078196,11.0057,1.2549516,0.72968805,1.04,0.0,376.73724,115.62753,0.0,4.1300001,4.7619047,21.078196
1,Argentina,1945,2.5164607,19.69697,-0.089298859,-2.6092453,3.1521645,5.649518,27.610001,17.200377,11.3986,3.7679315,1.1947358,0.99000001,0.0,240.73561,75.493637,1.5113091,4.1799998,19.69697,17.200377
1,Argentina,1946,0.76330787,18.987341,-0.03616051,1.7106602,6.5825949,3.9169006,24.24,22.539751,9.8926401,0.20804067,0.96696645,1.08,0.0,122.23141,36.725601,0.0,3.1099999,18.987341,22.539751
1,Argentina,1947,0.71824569,14.893617,0.037339155,4.7037082,3.1816797,3.5052581,20.09,21.954271,9.31709,0.97597241,0.33133364,1.42,0.0,99.266258,26.094032,0.0,3.2,14.893617,21.954271
1,Argentina,1948,0.5993582,7.4074073,0.057570282,12.112421,1.0826663,3.4372077,19.4,26.879959,12.8943,-0.14665046,0.90768987,1.48,25.000002,114.34803,32.091469,0.0,3.26,7.4074073,26.879959
1,Argentina,1949,-0.092042729,31.034483,0.0098651219,8.3900928,0.25962618,8.5048046,19.74,29.58626,11.816,-0.25399837,-0.010541629,1.5,19.999996,83.723862,22.890356,0.0,3.26,31.034483,29.58626
1,Argentina,1950,-0.2266362,39.473682,-0.012130993,17.676155,-0.21041115,2.9142857,20.51,19.473141,11.1998,-0.15218796,-0.29098824,1.53,78.861542,142.74683,42.816784,0.0,3.26,39.473682,19.473141
1,Argentina,1951,0.060033355,55.660378,-0.0056507373,10.070089,0.67272139,4.9973865,17.42,22.269827,11.9804,0.1217868,-0.0055257217,1.5,27.272732,154.43521,48.62616,0.0,3.26,55.660378,22.269827
1,Argentina,1952,-0.39856166,14.545455,-0.089987323,-6.6789546,0.059733044,5.1355247,18.719999,13.071368,11.8937,-0.17457451,-0.52376944,1.49,0.0,105.07939,31.501287,0.0,3.26,14.545455,13.071368
1,Argentina,1953,-0.56927222,-0.79365081,-0.06816528,-0.99509674,-0.30130783,4.9739718,21.440001,24.29566,11.0372,-0.52572441,-0.50864297,1.5,0.0,101.92927,31.818571,0.0,3.24,-0.79365081,24.29566
1,Argentina,1954,-0.47936228,16.266666,-0.057140607,-3.0937009,-0.3690708,5.2992301,23.91,20.194147,10.9747,-0.58760232,-0.32925841,,0.0,91.05645,27.975775,0.0,,16.266666,20.194147
1,Argentina,1955,0.028941156,7.5688071,-0.017337011,15.162443,-0.48892641,8.4173307,24.139999,18.094305,10.2167,0.17508534,-0.06390471,,21.428566,89.117783,26.148418,0.0,,7.5688071,18.094305
1,Argentina,1956,-0.40601477,15.991471,-0.018604457,10.393332,-0.67972702,5.1985126,22.030001,21.410311,10.0611,-0.30104569,-0.43569449,,78.861542,101.25542,34.235237,0.0,,15.991471,21.410311
1,Argentina,1957,-0.38819599,21.691177,0.004197537,6.0845222,-0.67084694,5.2190666,19.67,17.742962,8.4184999,-0.45597932,-0.30905545,,11.111109,99.325577,31.499727,0.0,,21.691177,17.742962
1,Argentina,1958,-0.14256544,33.383686,0.036323261,11.407952,-0.58400291,4.6449709,17.190001,18.244112,13.198,-0.26663333,-0.11535403,,19.999996,115.22129,32.028988,0.0,,33.383686,18.244112
1,Argentina,1959,0.31333372,113.27119,-0.059378527,-0.1715055,-0.6077702,0.81300002,10.19,43.934074,13.6234,0.53068566,0.10543972,,64.583344,82.10849,22.082058,0.0,,,43.934074
1,Argentina,1960,0.54895556,12.259372,-0.0098255686,-3.2074182,-0.63153148,1.55,8.3900003,35.128689,11.3048,0.49948549,0.50963622,,5.0632844,86.417786,23.155983,0.0,,12.259372,35.128689
1,Argentina,1961,-0.051770676,18.005415,0.03266127,-6.3143082,-0.7162956,2.1400001,8.6899996,-0.36000001,12.2502,-0.45180666,0.1136675,,0.0,126.08382,34.375935,0.0,,18.005415,-0.36000001
1,Argentina,1962,1.3912411,34.722752,-0.01046453,-4.1296115,-0.2355608,2.6600001,25.08,10.108,11.3456,0.17627214,1.8375229,21.440001,37.349403,124.72618,32.657867,0.0,,34.722752,10.108
1,Argentina,1963,-0.17216572,15.725234,-0.061431311,-2.3383293,-0.53088361,1.6799999,23.4,33.115002,11.1819,-0.32963011,-0.083130792,21.120001,21.052635,117.54991,30.064877,0.0,,15.725234,33.115002
1,Argentina,1964,-0.31066477,22.077906,0.011721803,-6.9184613,-0.19354504,1.15,16.75,41.379002,11.7759,-0.51100266,-0.15600644,20.02,1.4492735,90.5354,25.200186,0.0,,22.077906,41.379002
1,Argentina,1965,-0.20180435,28.483974,0.07453531,-7.608007,-0.41376182,1.0700001,15.88,27.003,11.612,-0.23984678,-0.13961607,22.82,20.714291,99.786484,27.764675,0.0,,28.483974,27.003
1,Argentina,1966,-0.299622,31.670238,0.055387795,-6.2919683,-0.41372499,1.168,13.4,31.549999,12.1185,-0.62279814,-0.054256111,24.52,23.076923,90.635468,26.314566,0.0,,31.670238,31.549999
1,Argentina,1967,0.019019991,29.397898,0.056677654,-5.4053421,-0.72642761,1.4,10.93,53.806,12.96,-0.0757486,0.018961046,21.42,59.134602,112.60692,34.278976,0.0,,29.397898,53.806
1,Argentina,1968,-0.5083853,16.109781,0.074186787,-5.9861312,-0.81274617,1.6857142,9.4300003,28.068001,12.8016,-0.54355061,-0.43049508,16.780001,5.7401843,104.20105,27.188395,0.0,,16.109781,28.068001
1,Argentina,1969,-0.39565629,7.6488299,0.13176562,-5.0653334,-0.76312685,1.9375,9.6300001,20.910999,12.2633,-0.52570689,-0.26073724,20.82,0.0,95.787491,25.969872,0.0,,7.6488299,20.910999
1,Argentina,1970,-0.25699443,13.549644,0.15870686,-7.5259504,-0.65869105,1.8777778,13.48,20.841,12.0469,-0.10927699,-0.36135301,19.02,8.2857132,102.82236,28.404844,0.0,,13.549644,20.841
1,Argentina,1971,-0.41052571,34.78001,0.16892603,-5.2609816,-0.52417153,1.8076923,15.19,8.6960001,11.7246,-0.36229208,-0.33951747,22.02,43.007915,87.422432,23.94591,0.0,,34.78001,8.6960001
1,Argentina,1972,-0.151049,58.412128,0.16180228,-3.8654261,-0.34425965,1.8238095,17.09,86.803581,11.1593,0.095148921,-0.34997585,25.32,78.861542,87.485275,23.329102,0.0,,58.412128,83.488998
1,Argentina,1973,-0.03602989,61.206081,0.17095168,-4.6172862,1.5451301,1.8485714,12.0,74.602997,12.5871,0.14188688,-0.12484486,21.120001,1.0121444,76.668312,23.507643,0.0,,61.206081,74.602997
1,Argentina,1974,0.43024373,23.465391,0.19645244,-4.7975588,0.86644644,1.6591836,12.96,54.544998,14.0412,0.68705308,0.20571421,22.68,0.0,70.567474,19.707304,0.0,,23.465391,54.544998
1,Argentina,1975,1.230732,114.93204,0.16301531,-6.2492461,0.045084808,2.0419581,33.84,87.743927,12.507,1.5497484,0.84518045,34.759167,78.861542,79.141571,24.362089,0.0,,,83.488998
1,Argentina,1976,0.60512418,116.45023,0.13625689,-3.0303481,-0.35149509,3.7812912,28.74,89.09111,13.0195,1.1474526,0.08296562,34.759167,78.861542,69.23243,20.075659,0.0,,,83.488998
1,Argentina,1977,0.14003614,114.83313,0.17289411,-1.2728646,-0.35096461,4.0086002,25.059999,88.463593,12.5925,0.11387281,0.10040225,34.759167,68.24942,68.475105,20.050375,0.0,,,83.488998
1,Argentina,1978,0.29939032,114.82556,0.11366907,-3.9907937,-0.55951357,4.7191439,17.450001,87.989716,14.8525,-0.0044674454,0.42276433,34.759167,78.861542,81.370934,24.42717,0.0,,,83.488998
1,Argentina,1979,-0.14361575,114.54762,0.15580401,-5.5861382,-0.118357,4.6733561,12.43,88.142174,14.4999,-0.22213735,-0.061675176,34.759167,64.934258,86.351082,24.619499,0.0,,,83.488998
1,Argentina,1980,0.358955,100.764,0.14515415,-7.0058966,0.052534029,3.0989583,11.4,85.715569,15.174,-0.14729883,0.5718506,34.759167,38.0979,102.05772,28.813801,0.0,,100.764,83.488998
1,Argentina,1981,0.40506828,104.477,0.062228795,-4.3960686,-0.098489769,3.4653466,26.52,82.580002,17.025299,-0.079024412,0.64798647,34.759167,78.861542,101.66919,30.505461,0.0,,104.477,82.580002
1,Argentina,1982,8.3537092,114.6479,0.0053684423,-3.2276552,0.04866071,2.7045579,52.220001,87.905388,15.8724,4.9057736,9.6690083,34.759167,78.861542,124.11795,35.226067,8.1308765,,,83.488998
1,Argentina,1983,0.51657736,116.09402,0.020959813,-4.0126557,-0.51326203,2.7388127,64.230003,89.236588,14.1823,0.044331361,0.77680296,34.759167,78.861542,103.87984,29.127777,0.0,,,83.488998
1,Argentina,1984,0.18970524,116.88623,0.01694282,-6.829071,-0.49643922,2.162039,54.580002,89.838974,13.0395,-0.04746978,0.24921633,34.759167,78.861542,88.389366,22.117109,0.0,,,83.488998
1,Argentina,1985,-0.30548224,116.97047,-0.080971383,-1.3528988,-0.56870157,2.2997172,55.23,89.334465,14.7474,-0.50029176,-0.14347187,34.759167,78.861542,92.283493,22.558472,0.0,,,83.488998
1,Argentina,1986,-0.096148074,90.089996,-0.034646507,-5.0751424,-0.49829593,2.3136787,55.880001,86.907578,13.6855,-0.32964694,0.052977547,34.759167,54.374905,91.707932,24.359663,0.0,,90.089996,83.488998
1,Argentina,1987,-0.22224711,113.71517,-0.033030704,-4.3237996,-0.69231224,2.2843869,74.139999,87.879158,13.7269,-0.3765977,-0.088118918,34.759167,78.861542,85.342255,19.941397,0.0,,,83.488998
1,Argentina,1988,-0.42113051,116.09039,-0.076539293,-4.2538714,-0.64985693,2.1249392,61.389999,89.375984,12.3347,-0.48951939,-0.31146407,34.759167,78.861542,72.833328,15.678434,0.0,,,83.488998
1,Argentina,1989,-0.43714985,118.63425,-0.17444439,-0.59535629,-0.24627879,1.8803656,118.22,91.163475,11.0132,-0.44806081,-0.3473458,34.759167,78.861542,81.248924,17.160559,0.0,,,83.488998
1,Argentina,1990,-0.41448376,118.33617,-0.21797989,-5.4912562,-0.46634698,1.4509093,48.540001,90.427071,10.9903,-0.58790046,-0.21268898,34.759167,78.861542,100.47716,26.269354,0.0,,,83.488998
1,Argentina,1991,-0.52587378,114.76569,-0.13990845,-6.9905701,-0.59552217,1.5069265,35.73,87.563957,11.4322,-0.67794096,-0.27601832,34.759167,78.861542,115.19403,27.486734,0.0,,,83.488998
1,Argentina,1992,-0.31988424,24.9,-0.068741463,-6.2862983,-0.56058383,1.4212222,24.961,62.486,12.0994,-0.50327665,-0.16147216,12.0,0.49629608,75.940979,17.987499,0.0,,24.9,62.486
1,Argentina,1993,-0.41314161,18.511999,-0.03400423,-5.0804405,-0.76298958,1.4228029,26.893,46.480999,13.3105,-0.73507386,-0.16330956,10.9,0.80044621,86.624359,19.519709,0.0,,18.511999,46.480999
1,Argentina,1994,-0.041355893,4.177,0.0018088782,-3.4679956,-0.81721359,1.4570385,28.426001,17.639999,14.1744,-0.21589629,0.14899492,8.1000004,0.0059338771,88.633369,20.026957,0.0,10.059167,4.177,17.639999
1,Argentina,1995,-0.39596021,3.3759999,-0.048874233,-2.1419668,-0.69270051,1.4730731,30.749001,-2.806,14.3942,-0.46443129,-0.28022882,12.0,0.04723563,75.088799,15.44841,0.0,16.371666,3.3759999,-2.806
1,Argentina,1996,-0.63744706,0.156,-0.016018204,-0.73035067,-0.6519838,1.2412273,32.550999,18.820999,14.11,-0.75498754,-0.44104472,7.5,0.0010371315,61.413044,12.376287,0.0,10.510833,0.156,18.820999
1,Argentina,1997,-0.54525334,0.52899998,0.041277293,0.76385063,-0.60738355,1.1401391,31.676001,25.535,22.585798,-0.74158102,-0.32676026,7.0,0.0,39.673115,10.125706,0.0,9.2425003,0.52899998,25.535
1,Argentina,1998,-0.45507324,0.92500001,0.057956889,0.42963779,-0.61979491,1.136318,34.146999,10.488,23.130409,-0.5301882,-0.27375945,7.5999999,0.0,51.792046,13.616387,0.0,,0.92500001,10.488
1,Argentina,1999,-0.60693568,-1.1670001,0.0016419063,-1.8979901,-0.78532451,1.2203596,38.917,4.086,25.471287,-0.6589967,-0.47888634,8.3000002,0.0,58.142807,15.455985,0.0,,-1.1670001,4.086
1,Argentina,2000,-0.60304987,-0.93900001,-0.027864205,-1.0320308,-0.50812763,1.1488227,40.833,1.531,25.247238,-0.65097851,-0.47096536,8.5,-0.03067255,45.607391,10.599487,0.0,,-0.93900001,1.531
1,Argentina,2001,-0.38839209,-1.0650001,-0.094946384,-2.1874864,0.0011918159,1.1842335,48.007,-8.6931934,26.432499,-0.3447552,-0.3433418,16.299999,-0.010851374,111.46019,23.454695,0.0,,-1.0650001,-8.6931934
1,Argentina,2002,-0.30205572,25.868999,-0.23310673,17.315643,-0.51174223,1.0918804,147.203,19.709,21.853054,-0.32669747,-0.26144952,34.759167,78.861542,111.12048,23.956789,0.0,,25.868999,19.709
1,Argentina,2003,-0.44044775,13.443,-0.16904792,15.797362,-0.54870671,1.0608951,125.162,29.635,22.025888,-0.34960026,-0.4359732,10.5,-10.208326,135.32417,31.332073,0.0,,13.443,29.635
1,Argentina,2004,-0.59249294,4.4159999,-0.10363383,15.422665,-0.60587651,0.88329536,117.878,21.427,23.029531,-0.56478018,-0.51100963,2.7,-0.17927665,110.70305,23.146723,0.0,,4.4159999,21.427
1,Argentina,2005,-0.60727304,9.6420002,-0.036341809,14.845551,-0.6703375,0.8471548,80.281998,21.514,24.42556,-0.57963997,-0.53245908,3.9000001,-0.75037527,83.537979,17.799294,0.0,,9.6420002,21.514
1,Argentina,2006,-0.5548076,10.898,0.019989762,14.280025,-0.58391964,0.78823388,70.792999,20.263,26.616661,-0.64134514,-0.41986772,6.5,5.1691294,86.026413,20.488005,0.0,,10.898,20.263
1,Argentina,2007,-0.61332268,8.8299999,0.085543498,14.332086,-0.31888264,0.79254818,62.132999,24.466,29.550589,-0.61957198,-0.52433139,7.9000001,1.2688679,84.868973,17.415699,0.0,,8.8299999,24.466
1,Argentina,2008,-0.59966075,8.585,0.10440452,13.317732,0.52248728,0.76275647,53.813999,8.0649996,30.762348,-0.59365666,-0.50726402,11.1,1.4319891,71.192848,15.743034,0.0,,8.585,8.0649996
1,Argentina,2009,-0.54897022,6.27,0.022017403,6.4869628,-0.71053785,0.88650858,55.396999,17.0,34.524437,-0.50064367,-0.49542877,11.8,18.051687,69.581642,16.409693,0.0,,6.27,17.0
1,Argentina,2010,-0.658418,10.461,0.097124018,6.9037819,-0.58156067,0.81487811,43.453999,33.778,33.35807,-0.76918781,-0.48236772,9.3999996,4.8619752,73.838913,18.341024,0.0,,10.461,33.778
1,Argentina,2011,-0.5973044,9.7749996,0.13400416,6.6291862,-0.67319781,0.76428711,38.935001,25.701,34.901901,-0.62677604,-0.47439623,10.8,5.4962416,75.721146,18.654396,0.0,,9.7749996,25.701
1,Argentina,2012,-0.63881814,10.043,0.10263329,1.4281744,-0.59814727,0.78482473,40.436001,34.902,36.821423,-0.76576561,-0.40310335,12.1,10.108485,69.216782,17.851278,0.0,,10.043,34.902
1,Argentina,2013,-0.59963906,10.619,0.10569593,-0.29925132,-0.63664877,0.83773643,43.495998,27.025999,37.602932,-0.60163063,-0.53057545,14.8,20.396809,70.025406,17.348652,0.0,,10.619,27.025999
1,Argentina,2014,-0.70120138,39.473923,0.059155714,-1.7730904,-0.58071691,0.87810093,44.696999,29.846001,38.852932,-0.84749931,-0.48769563,20.799999,48.31612,80.853844,22.622688,0.0,,39.473923,29.846001
1,Argentina,2015,-0.6716519,29.283978,0.064855047,-8.2533426,-0.60845345,0.85012859,52.563,39.450001,41.366329,-0.62735289,-0.59082794,21.700001,13.935172,94.918381,24.928265,0.0,,29.283978,39.450001
1,Argentina,2016,-0.47535846,38.273602,0.023370523,-5.2170105,-0.53457171,0.80924535,53.060001,41.584,41.522022,-0.4705067,-0.40391329,24.4,59.731667,84.358536,23.368961,0.0,,38.273602,41.584
1,Argentina,2017,-0.74189705,25.674999,0.031580668,-6.6050911,-0.40710336,0.84775484,57.028,30.118999,41.121452,-0.77808934,-0.58580375,19.1,12.079471,86.290787,26.892946,0.0,,25.674999,30.118999
1,Argentina,2018,-0.1305138,34.277,-0.013941923,-1.7285869,-0.21955068,0.73230034,85.246002,47.613998,38.949207,-0.32257271,0.05842321,32.400002,69.54808,67.708572,22.187155,0.0,,34.277,47.613998
1,Argentina,2019,-0.40067491,53.548,-0.052031923,-0.46949664,-0.026350847,0.69969612,89.839996,25.884001,38.129059,-0.69687617,-0.17447682,34.759167,71.607697,69.926216,23.565145,0.0,,53.548,25.884001
1,Argentina,2020,-0.57737607,42.014999,-0.1719027,-3.5178206,-0.45833728,0.73411161,103.816,66.331001,42.47924,-0.69870955,-0.43645221,29.799999,46.09605,66.154915,18.850864,0.0,,42.014999,66.331001
1,Argentina,2021,-0.72933847,48.409,-0.086010478,-1.2765604,-0.27599683,0.63178861,81.042999,51.282001,37.883366,-0.83957237,-0.54974478,33.599998,35.241764,58.633369,17.799965,0.0,,48.409,51.282001
1,Argentina,2022,-0.38655627,72.431,-0.047528144,-3.4537108,1.1178238,0.68458641,84.462997,85.137077,37.714725,-0.54363048,-0.1339664,34.759167,37.459938,112.93623,50.327999,0.0,,72.431,83.488998
1,Argentina,2023,-0.45984676,113.80983,-0.077403612,-9.0192766,0.379206,0.75569415,155.411,87.820518,37.834625,-0.49271274,-0.24452679,34.759167,78.861542,99.392548,39.419544,0.0,,,83.488998
2,Australia,1900,-0.14576507,1.7544,0.032944959,6.9143701,-0.30594537,,50.908501,4.2881646,,-0.065290689,-0.48113665,3.0999999,,72.415619,21.603346,0.0,2.9320333,1.7544,4.2881646
2,Australia,1901,-0.44260529,1.7241101,-0.02397956,4.4878569,-0.29105923,,46.767899,3.2072368,,-0.27662429,-0.89145637,2.8800001,-0.10114034,43.076683,12.107254,0.0,3.2178082,1.7241101,3.2072368
2,Australia,1902,-0.45527869,6.7796755,-0.040126439,-3.5554805,-0.41862476,,46.443901,2.4302788,1.4588711,-0.32370916,-0.8329283,2.8800001,0.045110855,43.4799,11.126301,0.0,3.3478251,6.7796755,2.4302788
2,Australia,1903,-0.51365131,1.5873142,0.012894724,-0.40616378,-0.52996689,,49.742802,-0.35005835,1.6686069,-0.35952467,-0.85069096,3.1300001,0.059027448,49.491287,13.465889,0.0,3.6199999,1.5873142,-0.35005835
2,Australia,1904,-0.45709616,-4.6874995,0.053705238,2.1854026,-0.52238846,,47.877201,0.54644811,1.5941277,-0.3289144,-0.76445735,3.25,-0.21112548,76.692307,24.620789,0.0,3.9637921,-4.6874995,0.54644811
2,Australia,1905,-0.51149172,0.0,0.038536217,3.0608709,-0.57705438,,49.1269,5.1242237,1.6833129,-0.35451442,-0.90954643,3.25,0.058420248,54.05724,16.111526,0.0,3.7524333,0.0,5.1242237
2,Australia,1906,-0.55032325,1.6393179,0.078322873,9.7565107,-0.41488999,,47.075001,8.1240768,1.7336431,-0.37993944,-0.99664289,3.25,0.015666852,40.733101,9.2895327,0.0,3.4622834,1.6393179,8.1240768
2,Australia,1907,-0.5267902,0.0,0.090270534,8.657752,-0.41374931,,41.248299,6.9672132,1.852252,-0.34138331,-0.94226652,3.1900001,-0.71742368,34.413788,7.3052788,0.0,3.5348668,0.0,6.9672132
2,Australia,1908,-0.55010879,3.2258327,0.094595909,4.3355942,-0.57700312,,42.3596,3.5121329,2.0140674,-0.36819243,-0.98483729,3.1900001,0.68778282,32.829559,7.7935281,0.0,3.5890918,3.2258327,3.5121329
2,Australia,1909,-0.53998321,1.5624748,0.14264411,1.8357819,-0.43814164,,40.630699,4.1332512,2.173913,-0.34278262,-1.0848308,3.1300001,-0.30083027,30.923229,6.9326653,0.0,3.7170501,1.5624748,4.1332512
2,Australia,1910,-0.51932555,1.5384741,0.1760269,5.6022477,-0.67500556,,38.771301,9.0047398,3.4656503,-0.33347121,-0.98986882,3.1300001,0.097891361,30.885345,6.054347,0.0,3.771925,1.5384741,9.0047398
2,Australia,1911,-0.48419943,7.5757456,0.14216368,5.3221784,-0.66252917,,25.887899,11.603261,3.6421909,-0.33955801,-0.83682334,3.25,0.16811143,52.696037,13.308744,0.0,3.7424667,7.5757456,11.603261
2,Australia,1912,-0.49193183,8.4507055,0.12829135,5.4026713,-0.49062639,,37.3647,5.965425,3.8466759,-0.32839453,-0.92781895,3.3800001,-0.11845294,53.76284,13.07964,0.0,4.2347331,8.4507055,5.965425
2,Australia,1913,-0.53541809,-1.2986807,0.1271684,1.4321122,-0.66415727,,37.0718,1.1029412,3.7275572,-0.36004746,-0.98290396,3.3,-0.076124005,49.213394,11.631125,0.0,4.5491419,-1.2986807,1.1029412
2,Australia,1914,-0.052348051,5.2631364,0.088043146,-5.8730316,-0.61274797,,38.148201,8.795455,6.1512437,0.044814713,-0.23020211,3.3,-1.0099318,199.27412,67.867249,0.0,4.3560915,5.2631364,8.795455
2,Australia,1915,0.48554233,11.250001,0.04853138,-10.178411,-0.0013025989,,44.355598,5.9536242,12.684319,0.61239618,-0.080024064,3.3928599,4.2960258,269.59604,88.988869,0.0,4.75,11.250001,5.9536242
2,Australia,1916,0.34791908,2.2472091,0.031634998,-9.9183149,0.1320468,,46.0578,9.8383284,13.883175,0.42817137,-0.24040771,3.5,-0.31648666,260.30356,76.696999,0.0,5.1599998,2.2472091,9.8383284
2,Australia,1917,0.38910708,6.5934062,0.00036050114,-6.2187953,0.44520301,,51.203499,10.195656,14.138295,0.48409769,-0.14308029,3.6071429,-0.33059028,296.97101,90.885605,0.0,5.1799998,6.5934062,10.195656
2,Australia,1918,1.6658088,7.2164779,-0.054041121,-13.023611,0.43492097,,61.629002,7.2813163,16.733654,1.9034795,-0.16666119,3.6428571,-0.016715622,331.62021,104.07361,0.0,5.0700002,7.2164779,7.2813163
2,Australia,1919,0.27106968,12.500009,-0.042231563,-1.3930677,0.20772777,,60.628799,10.507136,14.070002,0.31180498,0.22761413,3.6428571,7.7601256,166.6438,50.034637,0.0,5.5999999,12.500009,10.507136
2,Australia,1920,-0.36158347,1.7093948,-0.044884045,3.5250468,-0.15895329,0.59699053,61.205101,6.8287992,12.327188,-0.28064194,-0.60104167,3.7857144,22.309187,102.06319,26.658274,0.0,6.2800002,1.7093948,6.8287992
2,Australia,1921,-0.3482728,-9.2436914,-0.027920919,7.265666,-0.40362626,0.3878096,59.081001,4.8102894,9.3738737,-0.23546289,-0.68322581,3.875,-5.3014102,72.843681,19.20236,0.0,7.0500002,-9.2436914,4.8102894
2,Australia,1922,-0.47425625,-1.8518444,-0.010361793,-3.38923,-0.36607596,0.95483249,63.367199,2.8715179,8.5573101,-0.33067468,-0.83325887,3.9166667,-14.552509,64.923538,14.939209,0.0,6.1700001,-1.8518444,2.8715179
2,Australia,1923,-0.46008888,0.0,0.0014020477,-3.6326435,-0.42552084,0.63322985,59.2318,6.322319,8.2492819,-0.30899438,-0.87748182,3.9583333,-3.7499931,58.87146,15.718899,0.0,5.5999999,0.0,6.322319
2,Australia,1924,-0.43737337,0.94338107,0.030884635,-3.4383848,-0.42252553,0.63654733,58.827301,0.4712218,7.9390278,-0.31389689,-0.73589975,4.0,1.5224038,49.706013,11.49909,0.0,5.9699998,0.94338107,0.4712218
2,Australia,1925,-0.45611453,0.934587,0.0421427,0.50868583,-0.18412475,0.59739679,55.301998,3.0374093,7.9089508,-0.29043436,-0.82402015,4.0416665,-6.2961249,45.767529,11.574723,0.0,5.3299999,0.934587,3.0374093
2,Australia,1926,-0.50307029,0.0,0.031625714,0.37161043,-0.45187548,0.65029305,60.452099,5.0395579,8.2090292,-0.33840853,-0.96160823,4.0416665,-0.45766437,37.680462,9.4763155,0.0,5.1199999,0.0,5.0395579
2,Australia,1927,-0.50825483,1.8518444,0.012163932,-1.0326306,-0.63874185,0.9623366,59.7108,2.8786628,8.5494719,-0.32912192,-1.0127265,4.0416665,0.42751566,45.88192,11.835318,0.0,5.0799999,1.8518444,2.8786628
2,Australia,1928,-0.51341075,0.90909827,-0.019163035,-2.5338044,-0.69293708,0.56987125,62.3232,3.5402668,8.1176586,-0.34806171,-0.93317622,4.0416665,0.19382304,37.190571,8.9864283,0.0,5.0700002,0.90909827,3.5402668
2,Australia,1929,-0.52751011,0.0,-0.06929674,-2.1618986,-0.33961254,0.5510515,63.843498,4.5815578,8.1490107,-0.36827329,-0.95109576,4.5,5.1649356,40.538773,10.665298,0.0,5.23,0.0,4.5815578
2,Australia,1930,-0.51714814,-8.1081085,-0.19646926,-6.5736361,-0.50317514,0.4801271,70.268204,-4.908771,8.6965752,-0.3727465,-0.89703655,5.2199998,21.560522,42.976971,10.770779,0.0,5.8400002,-8.1081085,-4.908771
2,Australia,1931,-0.50276667,-3.9215765,-0.29007223,-11.246748,-0.31886283,0.47761044,89.813499,-2.9901626,9.5496197,-0.33511004,-0.97173601,5.8800001,4.0760527,44.57341,11.296751,0.0,6.9400001,-3.9215765,-2.9901626
2,Australia,1932,-0.48655209,-4.0816169,-0.25720471,-10.29436,-0.54606062,0.50390869,98.156998,6.4759035,9.7460537,-0.33052555,-0.89145446,4.1700001,29.807718,59.718971,16.158421,0.0,5.25,-4.0816169,6.4759035
2,Australia,1933,-0.5085668,0.0,-0.21222031,-8.3836374,-0.60185766,0.45917767,95.292702,0.29231495,9.5913811,-0.37798977,-0.7956273,3.3499999,-17.248589,52.87656,13.784735,0.0,4.3200002,0.0,0.29231495
2,Australia,1934,-0.44519672,0.0,-0.18278919,-6.9730692,-0.201401,0.46557841,90.147499,5.6130123,9.6766291,-0.37987903,-0.57096142,2.4400001,-15.678954,52.097977,11.951167,0.0,3.8699999,0.0,5.6130123
2,Australia,1935,-0.35162747,1.0638127,-0.14766516,-7.7012348,-0.55152231,0.5608297,86.731796,1.0148669,9.2785892,-0.34000334,-0.2728419,1.95,2.3920701,82.748703,24.5763,0.0,3.3499999,1.0638127,1.0148669
2,Australia,1936,-0.39204326,3.1578951,-0.12579843,-5.5099859,-0.36023369,0.96013254,79.777603,1.8330836,8.8635645,-0.35107744,-0.47019964,1.75,-1.4272199,91.402847,28.228624,0.0,3.5799999,3.1578951,1.8330836
2,Australia,1937,-0.34201375,2.0408328,-0.099742509,-3.6576624,-0.13077651,1.0817336,73.546898,6.066638,8.7057457,-0.28895149,-0.35810471,1.75,0.55166662,87.478371,28.304976,0.0,3.8800001,2.0408328,6.066638
2,Australia,1938,-0.22057845,1.9999919,-0.090529472,-3.8666561,-0.44966108,1.5251986,68.659103,4.5773497,8.7648687,-0.30675393,0.060255241,1.75,1.1192325,102.05727,35.127441,0.0,3.8399999,1.9999919,4.5773497
2,Australia,1939,0.66311824,2.9411764,-0.11283517,-7.4126205,-0.23895872,2.0863554,71.193001,1.0142779,12.783053,0.39842638,1.5798469,1.75,10.234956,191.01532,69.233856,0.0,3.9100001,2.9411764,1.0142779
2,Australia,1940,0.54626471,5.7142859,-0.074296013,-4.2520871,0.3504723,5.9384627,67.7323,8.1486063,21.389029,0.39876795,0.89942837,1.58,15.801551,200.07191,75.518303,0.0,3.3,5.7142859,8.1486063
2,Australia,1941,1.9979899,5.4054055,0.0072459369,-9.3313971,1.7731776,15.901521,66.494202,5.8920155,32.752613,1.7034677,2.4130375,1.5,-5.0174317,241.92404,81.310303,0.77920741,3.23,5.4054055,5.8920155
2,Australia,1942,7.8397608,5.982913,0.092953019,-6.5526943,6.2516298,25.644638,65.230301,11.52627,46.36158,8.1328726,2.8123538,1.5,-0.068431742,306.14059,87.242271,5.5810633,3.24,5.982913,11.52627
2,Australia,1943,5.3122993,0.80643868,0.1034788,-7.1180105,3.6352141,39.308506,70.178398,30.690615,41.841003,5.6912856,1.2986516,1.46,-0.36568549,344.39383,101.01488,0.0,3.23,0.80643868,30.690615
2,Australia,1944,1.6733142,0.80000645,0.042008817,-5.9030223,0.95700842,37.467651,78.729797,23.127111,36.761765,1.7614626,0.38931957,1.25,-0.037177827,376.73724,115.0649,0.0,3.24,0.80000645,23.127111
2,Australia,1945,2.1851876,2.3809524,-0.036905829,-6.8959785,1.7753786,32.363731,89.732597,12.875343,32.199627,1.8798207,3.3915155,2.48,0.24845102,240.73561,74.976974,0.0,3.25,2.3809524,12.875343
2,Australia,1946,1.0447663,2.3255813,-0.10106789,-7.3324289,2.9175189,21.809406,92.494003,0.013317795,27.16161,0.067525357,3.7857609,1.7,0.20539063,122.23141,36.354259,0.0,3.24,2.3255813,0.013317795
2,Australia,1947,0.27736151,7.5757637,-0.10647151,2.0651038,1.1146127,7.9010196,88.660698,1.3981824,25.436357,0.0060176952,1.0577303,2.1199999,0.10612874,99.266258,26.012749,0.0,3.1700001,7.5757637,1.3981824
2,Australia,1948,-0.087242402,8.4507036,-0.077333555,24.573088,0.98236543,3.9288173,74.464897,5.646935,24.378351,-0.21527973,0.29010779,2.25,-0.067176141,114.34803,32.131481,0.0,3.1300001,8.4507036,5.646935
2,Australia,1949,-0.1541964,8.60495,-0.054634146,22.272614,0.1875834,2.9236991,65.402397,9.4782314,23.927488,-0.30063394,0.30662581,1.99,9.7265253,83.723862,22.839176,0.0,3.1199999,8.60495,9.4782314
2,Australia,1950,0.82574791,8.695652,-0.046036046,35.277039,0.20364219,2.8779016,57.0583,16.239462,29.031733,0.58601582,2.0582623,1.95,30.688164,142.74683,42.362652,0.0,3.1400001,8.695652,16.239462
2,Australia,1951,1.2520494,19.428572,-0.049218252,37.533905,0.63713855,3.7350597,45.186798,18.94994,26.299004,1.0327204,2.6201482,2.01,0.0,154.43521,48.055233,0.0,3.53,19.428572,18.94994
2,Australia,1952,0.72063118,17.22488,-0.077956833,18.367937,0.21158437,5.1805959,44.922199,-1.0675426,24.872681,0.69575328,1.0335889,2.49,0.0,105.07939,31.0588,0.0,4.3400002,17.22488,-1.0675426
2,Australia,1953,0.23337348,4.4897957,-0.082598016,7.6967983,-0.36537838,4.7998605,41.629101,7.0139031,21.888729,0.18936972,0.65972638,3.0699999,0.0,101.92927,31.536175,0.0,4.48,4.4897957,7.0139031
2,Australia,1954,0.13074623,1.5625,-0.061107129,4.3763871,-0.45217499,3.9682539,40.0177,8.5902653,20.759848,-0.16733558,1.0553677,3.3399999,0.0,91.05645,27.748426,0.0,4.46,1.5625,8.5902653
2,Australia,1955,-0.21300878,1.5384616,-0.047233053,6.4218712,-0.60333622,3.8596141,39.043999,2.9642856,20.837286,-0.27425164,0.018758461,3.79,0.0,89.117783,26.140554,0.0,4.52,1.5384616,2.9642856
2,Australia,1956,0.23524804,5.681818,-0.053821053,1.8078153,-0.42122722,3.6706991,37.372398,0.88449532,21.68786,-0.16716751,1.5274159,4.71,0.0,101.25542,33.979778,0.0,5.0300002,5.681818,0.88449532
2,Australia,1957,0.064543359,2.8673835,-0.073053867,1.4856225,-0.25958019,3.3172138,35.226799,6.7044868,20.250681,-0.26665077,1.0104584,4.5700002,0.0,99.325577,31.313507,0.0,5.02,2.8673835,6.7044868
2,Australia,1958,-0.04452651,0.69686413,-0.063298844,-3.983695,-0.6969673,3.2545605,34.369999,2.3682938,19.890673,-0.20910835,0.40985757,4.29,0.0,115.22129,31.926704,0.0,4.9699998,0.69686413,2.3682938
2,Australia,1959,-0.30970076,2.0761247,-0.041467965,-2.7770514,-0.69912189,3.1032887,32.4622,5.0834122,19.958166,-0.34543204,-0.15609598,3.99,0.0,82.10849,22.159895,0.0,4.9099998,2.0761247,5.0834122
2,Australia,1960,-0.3744438,3.7288136,-0.039621852,-1.3395096,-0.67395419,2.3695452,31.474001,7.7130446,20.251944,-0.3606725,-0.36833829,4.3899999,0.0,86.417786,23.298864,0.0,4.9899998,3.7288136,7.7130446
2,Australia,1961,-0.053620245,2.2875817,-0.034349944,-1.0315963,-0.32785606,2.4151399,30.310499,1.5155729,19.757168,-0.25971746,0.62025875,4.9899998,0.0,126.08382,34.292564,0.0,5.27,2.2875817,1.5155729
2,Australia,1962,0.056101155,-0.31948882,-0.0707651,-1.9566575,-0.28878263,2.3636954,30.4193,7.4647307,19.971825,-0.28545699,1.0776047,4.29,0.0,124.72618,32.776459,0.0,4.9200001,-0.31948882,7.4647307
2,Australia,1963,-0.074241526,0.64102566,-0.038705762,-1.7736955,-0.15563844,2.4466345,29.3188,8.5521288,20.633598,-0.2971319,0.69106615,3.8199999,0.0,117.54991,29.969105,0.0,4.5799999,0.64102566,8.5521288
2,Australia,1964,-0.1539631,2.8662419,-0.01680048,-0.001709454,-0.18402617,2.6482427,27.652201,12.199131,20.499763,-0.22346155,0.088851891,4.1199999,0.0,90.5354,25.11187,0.0,4.7199998,2.8662419,12.199131
2,Australia,1965,0.15264885,3.4055727,0.021446204,-0.31369963,-0.17744131,2.9522929,34.441898,8.1728754,20.812819,0.067539893,0.30476776,4.8499999,0.0,99.786484,27.575865,0.0,5.21,3.4055727,8.1728754
2,Australia,1966,0.31666091,3.2934132,0.045563921,-0.84166604,0.30919078,3.4513829,41.231602,7.7547646,22.097086,0.1410009,0.68705988,4.9200001,0.0,90.635468,26.045553,0.0,5.25,3.2934132,7.7547646
2,Australia,1967,0.1431727,3.4782608,0.052885957,-2.2376072,-0.30466142,3.7937639,39.2458,9.0107298,21.962273,0.044473834,0.49309048,4.5500002,0.0,112.60692,34.13126,0.0,5.25,3.4782608,9.0107298
2,Australia,1968,-0.17659451,2.5210085,0.10207354,-2.3525248,-0.7053929,3.8372736,38.211399,7.0335226,21.544895,-0.10402063,-0.41693869,5.1166668,0.0,104.20105,27.075352,0.0,5.21,2.5210085,7.0335226
2,Australia,1969,-0.17268065,3.2786884,0.11635969,-3.9734194,-0.57866019,3.3859198,35.726898,9.5269346,21.525103,-0.17902023,-0.21717659,5.5666666,0.0,95.787491,25.874414,0.0,5.8383331,3.2786884,9.5269346
2,Australia,1970,-0.26524827,3.4391534,0.12432079,-3.20329,-0.46891421,2.9660356,33.904999,5.1158948,21.084909,-0.2144779,-0.477299,7.1083331,0.0,102.82236,28.368793,0.0,6.6466665,3.4391534,5.1158948
2,Australia,1971,-0.029046768,6.1381073,0.110941,-3.9471352,-0.27088615,2.7631516,31.3265,8.7208309,21.406956,-0.038563713,0.10376115,7.0083332,-1.3840973,87.422432,23.792213,0.0,6.7133331,6.1381073,8.7208309
2,Australia,1972,-0.28677997,6.0240965,0.10292701,-4.8959589,-0.14080052,2.6856205,29.735201,19.669527,21.895514,-0.18180789,-0.61162424,5.0833335,-4.7391329,87.485275,23.319355,0.0,5.8316665,6.0240965,19.669527
2,Australia,1973,-0.18655653,9.090909,0.11178825,-4.6837559,1.5106032,2.3793468,26.466101,21.420895,22.513468,-0.14557926,-0.31246394,6.9833331,-15.81075,76.668312,23.478508,0.0,6.9333334,9.090909,21.420895
2,Australia,1974,-0.37554905,15.416667,0.079259254,-3.6615305,1.6432743,2.2628026,23.0131,7.0244703,26.04858,-0.26466092,-0.71867913,13.158334,-1.2958885,70.567474,19.830498,0.0,9.0366669,15.416667,7.0244703
2,Australia,1975,-0.041846856,15.162455,0.075837553,-1.1902819,0.20452139,2.2673156,22.8612,21.815323,28.668196,-0.010975358,0.18154487,8.5249996,9.8009481,79.141571,24.491478,0.0,9.7416668,15.162455,21.815323
2,Australia,1976,-0.42499521,13.322884,0.081161954,-3.4820068,-0.34959731,2.2166121,22.2987,28.177286,27.99337,-0.32520866,-0.696805,9.2399998,7.2504597,69.23243,20.247667,0.0,10.030833,13.322884,28.177286
2,Australia,1977,-0.41298467,12.30982,0.061154097,-1.9067094,-0.0080639832,2.2472022,21.488501,8.5374289,27.270645,-0.28302112,-0.74523532,10.2125,9.9554567,68.475105,20.138914,0.0,10.226666,12.30982,8.5374289
2,Australia,1978,-0.42839131,8.0049257,0.071688809,-2.5603888,-0.46559879,2.2156885,22.3799,12.53251,27.354176,-0.28927538,-0.7345587,9.8433332,-3.1482935,81.370934,24.548689,0.0,9.0600004,8.0049257,12.53251
2,Australia,1979,-0.25780237,9.1220064,0.073423207,-1.3230423,0.46612194,2.1927295,22.8866,18.627714,26.815754,-0.2864269,0.0038243791,9.7733335,2.3706448,86.351082,24.599771,0.0,9.7491665,9.1220064,18.627714
2,Australia,1980,-0.18748099,10.136,0.075814396,1.1343271,0.10881285,2.2489569,21.348801,14.37133,27.078497,-0.31042728,0.22923219,12.0275,-1.8466051,102.05772,28.851957,0.0,11.6475,10.136,14.37133
2,Australia,1981,-0.38829759,9.4879999,0.072223388,0.21472088,-0.1886041,2.296602,18.9447,11.144721,27.211243,-0.36163139,-0.39999527,15.038333,-0.94898629,101.66919,30.629333,0.0,13.958333,9.4879999,11.144721
2,Australia,1982,0.060450979,11.352,0.011628119,-1.2958615,-0.48368153,2.3932652,17.3873,11.385254,27.901945,-0.17193116,0.98209155,16.834167,13.464941,124.11795,36.522797,0.0,15.375,11.352,11.385254
2,Australia,1983,-0.41486624,10.039,0.025942255,-2.6864216,-0.59894794,2.5198119,18.892599,14.224718,30.133698,-0.34481165,-0.53187221,12.199166,12.438628,103.87984,29.280851,0.0,13.8875,10.039,14.224718
2,Australia,1984,-0.43865553,3.96,0.047751032,-3.5699544,-0.61424601,2.5052338,20.3591,13.868542,30.556103,-0.34743279,-0.64484483,12.1,2.691788,88.389366,22.224024,0.0,13.525,3.96,13.868542
2,Australia,1985,-0.029664913,6.7350001,0.058211282,0.12153293,-0.50365943,2.5232685,21.995701,14.485906,30.514145,-0.24814545,0.61801583,15.9825,25.406084,92.283493,22.422815,0.0,13.954166,6.7350001,14.485906
2,Australia,1986,-0.2192499,9.0500002,0.044800777,0.37804618,-0.6336053,2.5404298,23.413099,9.0961075,29.779974,-0.28138727,0.066608317,16.451666,4.8474832,91.707932,24.333025,0.0,13.416667,9.0500002,9.0961075
2,Australia,1987,-0.39384538,8.533,0.063800611,-0.39341703,-0.44072366,2.3729889,22.0637,12.59163,28.805834,-0.31093949,-0.56731039,13.75,-4.7626266,85.342255,19.961121,0.0,13.191667,8.533,12.59163
2,Australia,1988,-0.50364792,7.27,0.067528501,-0.61885542,-0.3354409,2.1607518,24.818701,16.722553,27.138678,-0.33674094,-0.89277035,12.8,-10.425474,72.833328,15.70705,0.0,12.104167,7.27,16.722553
2,Australia,1989,-0.43275309,7.5799999,0.069656312,-1.4072702,-0.36513022,2.0485301,22.77,19.923679,26.90966,-0.37240556,-0.56688046,17.611666,-1.0272493,81.248924,17.158958,0.0,13.408334,7.5799999,19.923679
2,Australia,1990,-0.3088676,7.2329998,0.028752154,-1.6156597,0.15587407,2.0763376,21.5777,10.604628,25.999624,-0.30150408,-0.22356679,14.543333,1.2368315,100.47716,26.223537,0.0,13.18,7.2329998,10.604628
2,Australia,1991,-0.40005583,3.3069999,-0.0031062115,-1.8840271,-0.24133854,2.1639895,22.914101,1.9788234,26.298458,-0.3026506,-0.47812974,10.225833,0.25012144,115.19403,27.457415,0.0,10.690833,3.3069999,1.9788234
2,Australia,1992,-0.49982962,0.96899998,0.0017868865,-1.340371,-0.29123235,2.1677127,27.1514,4.0027819,27.459976,-0.37940815,-0.79302996,6.4658332,6.145339,75.940979,18.03179,0.0,9.2200003,0.96899998,4.0027819
2,Australia,1993,-0.43065789,1.752,0.012668299,0.69431353,-0.52129155,2.175446,30.3218,6.0946536,27.515715,-0.31021672,-0.75491208,5.1516666,8.045084,86.624359,19.521364,0.0,7.2808332,1.752,6.0946536
2,Australia,1994,-0.46088073,1.927,0.025802961,1.4250168,-0.56363928,2.1137745,31.4529,9.7700186,27.482378,-0.34116581,-0.67964506,5.6566668,-7.1747146,88.633369,20.103336,0.0,9.041667,1.927,9.7700186
2,Australia,1995,-0.40225995,4.6259999,0.033970602,2.3337448,-0.52526492,2.019635,31.122999,9.009346,27.498802,-0.36754358,-0.42256448,7.6438079,-1.3108147,75.088799,15.44196,0.0,9.2108955,4.6259999,9.009346
2,Australia,1996,-0.43035004,2.6530001,0.039207321,2.518501,-0.48039615,1.9297258,29.316999,8.5353146,26.535305,-0.3522054,-0.62631381,7.0164247,-5.2558222,61.413044,12.339813,0.0,8.2092066,2.6530001,8.5353146
2,Australia,1997,-0.42712682,0.22499999,0.051552922,1.9142753,-0.51015311,1.8648596,25.908001,6.4432015,24.478731,-0.36403576,-0.51368624,5.2902408,5.5017791,39.673115,10.103604,0.0,6.9549184,0.22499999,6.4432015
2,Australia,1998,-0.3096166,0.85900003,0.071271092,3.5660775,-0.47056833,1.8688872,23.754,7.734971,23.088709,-0.33695287,-0.17027479,4.8368144,18.10487,51.792046,13.563982,0.0,5.4929705,0.85900003,7.734971
2,Australia,1999,-0.26950446,1.408,0.078366153,2.2349012,-0.55532289,1.8873616,22.587999,9.2613125,22.706837,-0.24501482,-0.30588815,4.75845,-2.6867366,58.142807,15.362286,0.0,6.0093122,1.408,9.2613125
2,Australia,2000,-0.47527006,4.4569998,0.064813398,3.7637527,-0.30318603,1.8244057,19.559,4.9710274,24.261637,-0.36080953,-0.73003739,5.9760842,11.37691,45.607391,10.586267,0.0,6.3145695,4.4569998,4.9710274
2,Australia,2001,-0.22778656,4.4070001,0.06766165,6.6636257,-0.28221262,1.8629763,17.177,13.854203,23.337957,-0.14552692,-0.3650187,4.80019,12.057065,111.46019,23.381845,0.0,5.6152644,4.4070001,13.854203
2,Australia,2002,-0.14485188,3.049,0.067059711,3.5015223,-0.55861229,1.8680315,15.062,6.9879823,23.122614,-0.071209297,-0.19571792,4.4500318,-4.8608561,111.12048,23.866398,0.0,5.8439579,3.049,6.9879823
2,Australia,2003,0.27478814,2.7309999,0.073472708,1.8544416,-0.24699122,1.8425357,13.208,11.881336,22.756191,0.10795302,1.2747507,4.8958335,-16.271839,135.32417,31.055441,0.0,5.3667755,2.7309999,11.881336
2,Australia,2004,-0.11242448,2.342,0.064368665,-1.7456149,-0.34412891,1.8220806,11.942,9.0823536,22.018398,-0.10367385,-0.026622301,5.4783335,-11.711921,110.70305,22.994535,0.0,5.5907745,2.342,9.0823536
2,Australia,2005,-0.193277,2.6589999,0.059062351,-0.010645144,-0.11532702,1.7962878,10.891,8.2964935,22.543207,-0.080864608,-0.36336386,5.6441665,-3.5138087,83.537979,17.675966,0.0,5.339973,2.6589999,8.2964935
2,Australia,2006,-0.20506695,3.5539999,0.051275246,1.9633465,-0.3430697,1.8177309,9.9589996,13.009649,21.054865,-0.19078547,-0.17845596,5.9883332,1.1849213,86.026413,20.378141,0.0,5.587872,3.5539999,13.009649
2,Australia,2007,-0.18342102,2.3559999,0.048498459,1.9803644,-0.064800084,1.811276,9.6879997,22.681185,20.668238,-0.14264034,-0.24589275,6.6675,-10.038009,84.868973,17.287523,0.0,5.9945207,2.3559999,22.681185
2,Australia,2008,-0.30062485,4.348,0.042035915,2.379406,0.37713534,1.7961971,11.753,16.369986,23.868904,-0.2162433,-0.4659358,6.9733334,0.11038146,71.192848,15.66264,0.0,5.817944,4.348,16.369986
2,Australia,2009,-0.32121092,1.77,0.018426025,4.8254714,-0.2084938,1.9236552,16.653999,3.989428,25.756582,-0.24442236,-0.52244049,3.1475182,6.9272509,69.581642,16.345873,0.0,5.0395117,1.77,3.989428
2,Australia,2010,-0.18842572,2.8629999,0.0029831189,-0.84944153,-0.08791212,1.8525987,20.395,10.231474,26.071041,-0.25808087,0.11115111,4.4412498,-14.820161,73.838913,18.20715,0.0,5.3660417,2.8629999,10.231474
2,Australia,2011,-0.30133528,3.3559999,-0.0090611763,0.015673487,-0.0090897847,1.7552662,24.069,7.8971314,25.137299,-0.27795845,-0.30309439,4.5560417,-11.012679,75.721146,18.574677,0.0,4.8795834,3.3559999,7.8971314
2,Australia,2012,-0.36731863,1.686,-0.010127055,0.85680979,-0.27578557,1.6702816,27.535999,7.0092082,25.191668,-0.29790512,-0.48255196,3.4935417,-0.36884493,69.216782,17.790119,0.0,3.3791666,1.686,7.0092082
2,Australia,2013,-0.3507764,2.45,-0.023768844,-1.5140322,-0.34261551,1.6381965,30.497,6.8902841,27.3148,-0.30469966,-0.33250397,2.7774999,7.3434653,70.025406,17.287716,0.0,3.7230418,2.45,6.8902841
2,Australia,2014,0.013262515,2.513,-0.035274684,-0.79084539,-0.40748143,1.7724173,34.027,7.1340432,26.212831,-0.10320818,0.6180824,2.6775,6.9783192,80.853844,22.403322,0.0,3.6638334,2.513,7.1340432
2,Australia,2015,-0.18344684,1.485,-0.05030559,-2.1066365,-0.049451351,1.9523263,37.699001,5.9031157,26.522774,-0.11695947,-0.39821115,2.2558334,20.114689,94.918381,24.790215,0.0,2.7204168,1.485,5.9031157
2,Australia,2016,-0.20274419,1.277,-0.061101034,-3.3004065,-0.5477736,2.0896215,40.507999,6.6685266,27.102985,-0.13033625,-0.33350384,1.9866667,0.93931651,84.358536,23.27166,0.0,2.3408334,1.277,6.6685266
2,Australia,2017,0.072987959,1.995,-0.077518195,-2.5821505,-0.059122272,2.0050952,41.074001,4.4774117,26.302401,-0.049369648,0.64736229,1.74,-2.9661517,86.290787,26.643515,0.0,2.6411667,1.995,4.4774117
2,Australia,2018,-0.25157744,1.933,-0.086681038,-1.5698687,0.038072634,1.8956201,41.639999,-8.6931934,26.411098,-0.33269119,0.042549167,1.9483334,2.6078491,67.708572,22.167233,0.0,2.6815834,1.933,-8.6931934
2,Australia,2019,0.027117368,1.566,-0.10264625,0.35443541,0.14649121,1.8800024,46.605,2.3912628,29.540836,-0.15507169,0.68096828,1.3441666,7.4874434,69.926216,23.391331,0.0,1.49675,1.566,2.3912628
2,Australia,2020,0.080636896,0.86900002,-0.13894312,-1.7052345,0.94524807,2.0073862,57.332001,12.703663,35.069836,-0.21538228,0.99993235,0.25666666,0.87981963,66.154915,18.626345,0.0,0.92025,0.86900002,12.703663
2,Australia,2021,-0.010290439,2.842,-0.14231801,-6.6108856,3.0635936,1.9784769,70.011002,6.6999998,32.386837,-0.21905632,0.84975928,0.028333334,-8.230319,58.633369,17.584969,0.0,1.47975,2.842,6.6999998
2,Australia,2022,0.86175483,6.6149998,-0.13644636,-1.6425087,3.9549661,1.8832971,58.047001,7.8410001,28.156837,0.13624181,3.6983247,1.6366667,8.2833118,112.93623,49.832802,0.77101964,3.1963334,6.6149998,7.8410001
2,Australia,2023,0.40219322,5.6160002,-0.14989166,1.2008914,1.6079251,1.8615713,48.973,3.9330001,27.804838,0.002657966,1.971841,3.9791667,4.4245701,99.392548,39.090199,0.0,3.9416666,5.6160002,3.9330001
3,Belgium,1900,-0.3780278,12.658228,0.25006059,-8.3271914,-0.57668126,0.95773125,42.803001,,9.0694056,-0.18516481,-0.82860976,4.0863013,,72.415619,21.603346,0.0,2.9200001,12.658228,
3,Belgium,1901,-0.53097624,2.247191,0.2301148,-8.7198038,-0.22949214,1.0238138,46.007198,-1.4265891,9.8576002,-0.35172355,-0.93217075,3.2794521,-2.1937926,43.076683,12.073157,0.0,2.9075,2.247191,-1.4265891
3,Belgium,1902,-0.51504093,-2.1978023,0.21871822,-6.0659714,-0.53634274,1.0223482,46.238899,1.99336,9.8261518,-0.38403863,-0.81009948,3.0,-2.9906471,43.4799,11.078842,0.0,2.8375001,-2.1978023,1.99336
3,Belgium,1903,-0.50930899,0.0,0.21069807,-2.3242052,-0.64119273,0.99417984,46.7365,3.239476,9.7478056,-0.42852744,-0.63543755,3.1739726,-1.156068,49.491287,13.392749,0.0,2.77,0.0,3.239476
3,Belgium,1904,-0.63965887,-12.35955,0.20663469,-2.2445319,-0.73971337,0.96867937,47.3951,4.019536,10.335245,-0.42322406,-1.0617213,3.0,0.0,76.692307,24.638666,0.0,2.8499999,-12.35955,4.019536
3,Belgium,1905,-0.64574164,2.5641026,0.2055496,-1.0049109,-0.81889653,0.91744322,47.1549,11.094029,9.0939684,-0.4558,-1.0090872,3.1726027,-0.38986698,54.05724,16.111526,0.0,2.875,2.5641026,11.094029
3,Belgium,1906,-0.60218966,10.0,0.19769864,2.789578,-0.71943253,0.94469333,45.4198,11.964697,10.532888,-0.42411506,-0.97573674,3.8410959,0.97847044,40.733101,9.2513885,0.0,2.915,10.0,11.964697
3,Belgium,1907,-0.68088895,2.2727273,0.18423766,3.8947215,-0.75421947,0.95161092,44.624401,-1.7971705,10.032658,-0.4594903,-1.146885,4.9479451,0.19380017,34.413788,7.3179703,0.0,3.0274999,2.2727273,-1.7971705
3,Belgium,1908,-0.68900567,1.1111112,0.16708259,-0.96317679,-0.82579988,0.89948678,49.463699,7.8032517,10.562157,-0.46429163,-1.1435467,3.5602739,-1.1605402,32.829559,7.801475,0.0,3.145,1.1111112,7.8032517
3,Belgium,1909,-0.62485272,-1.0989012,0.15949021,2.5669494,-0.8255915,0.91608024,50.981201,3.9726145,10.748686,-0.41538522,-1.0566783,3.1123288,0.39139289,30.923229,6.9105425,0.0,3.1099999,-1.0989012,3.9726145
3,Belgium,1910,-0.64664131,2.2222223,0.16524114,4.371491,-0.82879543,0.86077017,49.643799,6.5126972,10.717368,-0.43697801,-1.0998237,4.0643835,0.77972221,30.885345,6.051785,0.0,3.2149999,2.2222223,6.5126972
3,Belgium,1911,-0.54717708,6.521739,0.16832533,6.1954727,-0.68325734,0.86585313,49.2924,7.6701684,10.156549,-0.39661327,-0.8624537,4.0739727,0.19342531,52.696037,13.267097,0.0,3.25,6.521739,7.6701684
3,Belgium,1912,-0.57999426,7.1428571,0.16477573,9.3561831,-0.45140079,0.93244314,48.698601,3.9561777,10.663297,-0.4044753,-0.91118687,4.4164386,0.57914406,53.76284,13.052385,0.0,3.5025001,7.1428571,3.9561777
3,Belgium,1913,-0.57720643,-4.7619047,0.15025549,7.6396785,-0.64826715,1.0012758,49.4715,7.3414087,,-0.3881788,-0.98080927,4.3800001,0.76776111,49.213394,11.585524,0.0,3.9000001,-4.7619047,7.3414087
3,Belgium,1914,4.9930558,0.0,-0.1787136,,0.53293598,,,27.767584,,4.9915113,4.1825933,3.0,-0.38095573,199.27412,65.057091,4.4492226,,0.0,
3,Belgium,1915,4.0062814,39.53896,-0.39594072,,1.1934737,,,48.19376,,4.0989871,2.8384855,,15.869984,269.59604,86.910316,0.0,,39.53896,48.19376
3,Belgium,1916,2.4264622,61.362709,-0.30122384,,0.91742271,,,11.911357,,2.5734572,1.1969782,,8.4158363,260.30356,75.402275,0.0,,61.362709,11.911357
3,Belgium,1917,4.8226037,93.436577,-0.50228745,,2.1740794,,,10.940594,,5.1005392,2.3930554,,12.785392,296.97101,88.337029,2.4190202,,93.436577,10.940594
3,Belgium,1918,4.3464422,39.672131,-0.58832455,,2.4293497,,,18.295404,,4.5838466,2.14166,,5.9379172,331.62021,102.27264,0.0,,39.672131,18.295404
3,Belgium,1919,1.446317,-14.187557,-0.39742497,-29.086962,1.9795188,,,13.233933,,1.129433,2.1016016,2.3900001,11.59236,166.6438,49.22953,0.0,4.4299998,,
3,Belgium,1920,-0.054978218,20.007793,-0.0034862412,5.2830143,0.83590615,1.8106261,102.943,8.1724625,38.374607,-0.054323051,-0.12809418,4.9299998,54.681499,102.06319,26.403353,0.0,4.8499999,20.007793,
3,Belgium,1921,-0.19011992,-12.307693,0.029854611,-4.2086163,-0.14331974,1.8560501,123.381,3.1109922,34.437439,-0.15090255,-0.21254686,5.1900001,-0.88485605,72.843681,19.024221,0.0,4.98,-12.307693,3.1109922
3,Belgium,1922,-0.27901304,-6.5162907,0.076560698,4.9081755,0.12019324,1.7765844,141.229,8.6426163,30.037731,-0.24349053,-0.31462872,4.71,-3.0848413,64.923538,14.759306,0.0,4.7600002,-6.5162907,8.6426163
3,Belgium,1923,0.30040169,14.745308,0.11983353,9.7933969,1.6431102,1.6496751,126.439,9.1495457,25.163342,-0.00042875559,0.92411691,5.4400001,47.210712,58.87146,15.237432,0.0,5.0,14.745308,9.1495457
3,Belgium,1924,-0.26435241,17.056074,0.14450443,17.697811,-0.53807825,1.297896,104.019,-1.5977238,23.14262,-0.2475616,-0.27077481,5.5,12.38623,49.706013,11.325727,0.0,5.4000001,17.056074,-1.5977238
3,Belgium,1925,-0.28979358,3.3932135,0.12722197,16.06988,-0.56391412,1.3571755,116.258,7.0507116,29.962057,-0.30205649,-0.24178968,5.6900001,-2.4003811,45.767529,11.407571,0.0,5.8099999,3.3932135,7.0507116
3,Belgium,1926,-0.4170166,19.305019,0.12118569,18.290257,-0.26103973,0.99689597,116.112,26.682941,26.486725,-0.31783393,-0.58585167,7.0599999,45.714458,37.680462,9.3583698,0.0,6.5700002,19.305019,26.682941
3,Belgium,1927,-0.45408005,27.184465,0.098235488,20.259287,-0.51730585,0.91071105,88.712097,18.963467,13.244852,-0.3077369,-0.78659111,5.4000001,17.323704,45.88192,11.735003,0.0,4.98,27.184465,18.963467
3,Belgium,1928,-0.52351767,4.3256998,0.14451247,18.053024,-0.63145977,1.0986582,75.794502,15.123734,13.480687,-0.35826671,-0.87109542,4.25,-0.089062952,37.190571,8.9209118,0.0,4.5900002,4.3256998,15.123734
3,Belgium,1929,-0.48116401,6.7073169,0.15020533,16.47702,-0.22865672,1.0869043,63.388599,6.9965868,13.699555,-0.40485451,-0.62820184,4.3499999,0.11281942,40.538773,10.571866,0.0,4.5300002,6.7073169,6.9965868
3,Belgium,1930,-0.48144016,-0.11428571,0.14621502,7.3385196,-0.68316877,1.5503224,59.845299,11.432888,14.005148,-0.3572509,-0.70673341,2.95,-0.28659457,42.976971,10.681514,0.0,3.97,-0.11428571,11.432888
3,Belgium,1931,-0.47007129,-8.695652,0.090103529,0.19029579,-0.60237688,1.6949234,64.723999,1.0947897,14.664163,-0.35392627,-0.68251646,2.5,0.17161095,44.57341,11.20704,0.0,3.97,-8.695652,1.0947897
3,Belgium,1932,-0.49650657,-9.774436,0.02084012,-9.8854628,-0.66722012,1.7019892,78.348503,-8.6931934,16.599737,-0.36232376,-0.7718659,3.46,0.10724975,59.718971,16.089008,0.0,4.4699998,-9.774436,-8.6931934
3,Belgium,1933,-0.50290751,-2.0833333,-0.01041082,-11.957204,-0.77454972,1.9510967,71.804604,-0.33864543,16.232563,-0.38113394,-0.65613168,3.5,-19.706533,52.87656,13.710175,0.0,4.5500002,-2.0833333,-0.33864543
3,Belgium,1934,-0.46409091,-5.5319147,-0.054457717,-12.730371,-0.60876423,2.1560383,73.480202,-7.9009738,17.073746,-0.37557223,-0.62589246,2.98,-19.706533,52.097977,11.880619,0.0,4.1199999,-5.5319147,-7.9009738
3,Belgium,1935,-0.17071325,-1.6516516,-0.030023679,-5.7893033,-0.56353706,1.8263063,84.085503,29.642836,20.758224,-0.27137637,0.22205649,2.1800001,26.39312,82.748703,24.386576,0.0,4.3099999,-1.6516516,29.642836
3,Belgium,1936,0.32432339,4.5801525,-0.019145198,-0.62732172,-0.46261165,2.1782045,79.586502,9.7620468,19.36739,-0.18023072,1.6476409,2.0,8.9098577,91.402847,27.760876,0.0,4.0700002,4.5801525,9.7620468
3,Belgium,1937,0.078625239,7.2992702,0.0069493628,2.6357734,-0.3334443,1.9156792,71.817398,-3.8542824,16.552231,-0.15261224,0.88542563,2.0,0.24021268,87.478371,27.986843,0.0,3.95,7.2992702,-3.8542824
3,Belgium,1938,0.025323736,3.537415,-0.032799691,-5.1156683,-0.54441851,2.2544248,69.267097,-3.5578318,17.444389,-0.14162394,0.61479652,2.6099999,-0.10631419,102.05727,34.884663,0.0,4.3899999,3.537415,-3.5578318
3,Belgium,1939,1.3606161,1.1826544,-0.094250351,-8.6912165,0.71941698,2.2891178,71.718102,6.2197471,19.274612,0.95700574,2.6841927,2.6800001,0.25172096,191.01532,68.626251,0.0,4.8899999,1.1826544,6.2197471
3,Belgium,1940,2.7580178,48.17382,-0.31136549,,2.7220018,,,28.516756,22.343449,2.5474098,3.1182945,2.03,-0.17020464,200.07191,74.124817,1.4865049,4.8099999,48.17382,28.516756
3,Belgium,1941,0.52123982,93.54084,-0.48926103,,2.0847151,,,25.311043,25.412285,0.59456664,0.18876515,2.0,5.0808401,241.92404,81.665352,0.0,4.1300001,93.54084,25.311043
3,Belgium,1942,0.24352089,50.893372,-0.48366347,,1.2680273,,,38.047554,25.613413,0.46974385,-0.64516211,2.0,-0.044442728,306.14059,90.010666,0.0,4.0100002,50.893372,38.047554
3,Belgium,1943,0.53353882,13.135027,-0.71426916,,1.137954,,225.14301,40.243553,26.539791,0.79329199,-0.57079494,2.0,0.0,344.39383,102.64912,0.0,3.95,13.135027,40.243553
3,Belgium,1944,1.8543663,-3.9726348,-0.72004664,,2.1835628,,189.51601,22.608467,17.47883,2.1900725,0.039505698,2.0,40.853207,376.73724,114.58751,0.0,3.8199999,-3.9726348,22.608467
3,Belgium,1945,0.98546034,-14.187557,-0.67520285,,4.2272353,,153.88901,17.818525,24.353134,1.1152353,0.042525731,1.52,0.0,240.73561,75.15863,0.0,4.0100002,,17.818525
3,Belgium,1946,-0.17986569,-11.528151,-0.24180642,-21.661606,2.4422753,17.613077,118.262,13.673358,35.825958,-0.19714248,-0.13522458,1.67,30.074625,122.23141,36.711079,0.0,4.1799998,-11.528151,
3,Belgium,1947,-0.28302899,1.7959183,-0.14328323,-6.7104964,2.9189932,9.5867071,98.624901,9.5281906,29.209053,-0.28699303,-0.2800121,3.1700001,-14.473681,99.266258,26.126545,0.0,4.4499998,1.7959183,
3,Belgium,1948,0.5292477,14.755413,-0.11495934,-13.946107,1.4030472,5.8333397,74.245201,5.3830228,42.57613,-0.10280826,2.0572431,3.5,10.256412,114.34803,31.673372,0.0,4.75,14.755413,5.3830228
3,Belgium,1949,-0.12666911,-3.2844164,-0.10711539,-13.223968,0.29853985,2.5214911,78.263603,3.6018336,28.034115,-0.26706722,0.26229948,3.4400001,-15.58884,83.723862,22.7027,0.0,4.5999999,-3.2844164,3.6018336
3,Belgium,1950,-0.0356385,-0.86705202,-0.096906833,-9.9243584,0.13554075,2.4726863,73.688904,-6.1314793,23.939381,-0.21424289,0.4261575,3.4000001,10.202552,142.74683,42.558079,0.0,4.4200001,-0.86705202,-6.1314793
3,Belgium,1951,-0.024996061,9.5490713,-0.068245903,0.71287495,0.6874451,3.3831654,64.479401,7.8114476,22.74444,-0.19899942,0.51497918,3.55,0.0,154.43521,48.410389,0.0,4.6199999,9.5490713,7.8114476
3,Belgium,1952,-0.27384198,0.91686094,-0.09487094,-4.3760939,0.10882692,4.9249334,66.252197,3.5602748,25.067039,-0.30154401,-0.13306756,3.24,0.0,105.07939,31.339684,0.0,5.0999999,0.91686094,3.5602748
3,Belgium,1953,-0.36512145,-0.3079766,-0.079970405,-8.3532343,-0.45485699,4.8625579,68.640503,3.7394452,23.190674,-0.33943456,-0.37788463,2.96,0.5792309,101.92927,31.676413,0.0,4.9299998,-0.3079766,3.7394452
3,Belgium,1954,-0.11593284,1.2974976,-0.066070303,-9.3983431,-0.54140282,4.8802543,69.606903,1.6860465,22.731321,-0.36972013,0.49298942,2.75,-0.36289284,91.05645,27.716795,0.0,4.6900001,1.2974976,1.6860465
3,Belgium,1955,-0.47176245,-0.48795363,-0.054543935,-5.6675878,-0.43359932,3.7834115,68.2519,4.6883936,21.119486,-0.38318837,-0.61895806,2.8499999,-0.097335018,89.117783,26.164145,0.0,4.6141667,-0.48795363,4.6883936
3,Belgium,1956,-0.31693691,2.8188758,-0.045129269,-2.1760085,0.096672967,3.5581629,65.222801,3.8230474,20.570683,-0.33744565,-0.25364283,3.04,0.0078197494,101.25542,34.095207,0.0,4.7591667,2.8188758,3.8230474
3,Belgium,1957,-0.33638084,3.1677046,-0.046834003,-5.0269651,-0.10395165,3.6083994,62.627102,-0.10520779,21.313543,-0.38966778,-0.17010491,3.75,0.32795233,99.325577,31.37302,0.0,6.0650001,3.1677046,-0.10520779
3,Belgium,1958,-0.48557511,1.2889823,-0.092669331,-10.303222,-0.41420162,3.5709565,66.391403,5.6345444,24.051872,-0.42047915,-0.59462136,2.8333333,-0.69176149,115.22129,32.022972,0.0,5.4108334,1.2889823,5.6345444
3,Belgium,1959,-0.41140884,1.2294581,-0.093112893,-8.2852907,-0.46566713,3.5183356,69.599098,3.1405783,25.411787,-0.3643069,-0.48937002,1.9958333,0.16321443,82.10849,22.113991,0.0,5.0208335,1.2294581,3.1405783
3,Belgium,1960,0.17938185,0.29946727,-0.073706232,-4.6211343,-0.1146994,3.3973479,69.314796,2.3682938,25.145391,-0.11408475,0.86870563,3.9166667,-0.20969906,86.417786,22.914755,0.0,5.5483332,0.29946727,2.3682938
3,Belgium,1961,0.30772248,0.99267626,-0.051334392,-6.4018426,-0.31739697,3.2590702,67.775902,6.6100097,23.969511,-0.030079544,1.0794766,4.375,-0.01375467,126.08382,33.964897,0.0,5.8716664,0.99267626,6.6100097
3,Belgium,1962,-0.11304274,1.4046071,-0.027300566,-6.2538042,-0.22530128,3.2847521,65.301697,7.1302037,23.648203,-0.33000451,0.41090891,3.0916667,-0.19170435,124.72618,32.71434,0.0,5.1774998,1.4046071,7.1302037
3,Belgium,1963,0.061587662,2.1480033,-0.012927257,-4.7492242,-0.13072808,3.2166309,64.081299,9.7974367,24.177399,-0.2859104,0.87421227,3.3333333,0.21526006,117.54991,29.763876,0.0,5.2824998,2.1480033,9.7974367
3,Belgium,1964,0.10925788,4.1687608,0.024313224,-3.680934,-0.12979268,3.2134717,59.374599,7.8689761,23.452677,0.060445953,0.086487941,4.4250002,-0.23697092,90.5354,24.850452,0.0,6.4516668,4.1687608,7.8689761
3,Belgium,1965,-0.47353998,4.0652013,0.02932258,-2.9907591,-0.12397423,2.9730637,57.6017,6.945899,24.101414,-0.35953009,-0.72747558,4.6166668,-0.22099248,99.786484,27.742243,0.0,6.4383335,4.0652013,6.945899
3,Belgium,1966,-0.43579996,4.1743474,0.032550439,-3.3539391,-0.15948002,3.112586,55.576889,5.8093996,26.034254,-0.37204748,-0.57463473,5.2541666,0.38143843,90.635468,26.255556,0.0,6.6516666,4.1743474,5.8093996
3,Belgium,1967,-0.1833152,2.7303026,0.043785319,-7.4093142,-0.25493997,3.1345816,54.08139,2.5909932,26.246571,-0.276301,0.074951515,5.1666665,-0.2838721,112.60692,34.14016,0.0,6.6841664,2.7303026,2.5909932
3,Belgium,1968,-0.41435686,2.7014499,0.059732746,-3.5359654,-0.51305562,3.1150899,54.523613,6.8250151,27.479517,-0.39428931,-0.4099398,4.0458331,0.48483723,104.20105,27.082645,0.0,6.5450001,2.7014499,6.8250151
3,Belgium,1969,-0.38753429,3.7539923,0.099779017,1.7491696,-0.52749711,2.9318149,51.587673,1.2665353,25.738556,-0.40711039,-0.32209882,7.1041665,0.40080038,95.787491,25.869011,0.0,7.2933335,3.7539923,1.2665353
3,Belgium,1970,-0.48249713,3.9084723,0.13695207,2.6626434,-0.58986837,2.9186401,47.491871,9.005003,27.459721,-0.38351071,-0.68000346,7.8083334,-0.95068544,102.82236,28.377806,0.0,7.8041668,3.9084723,9.005003
3,Belgium,1971,-0.47747821,4.3436284,0.14824404,-0.70470041,-0.59307641,2.898926,45.7677,9.4849567,26.517115,-0.4063246,-0.59790504,5.0041666,-2.1084614,87.422432,23.890196,0.0,7.3216667,4.3436284,9.4849567
3,Belgium,1972,-0.46653962,5.4484315,0.17380366,-2.322047,-0.31340086,2.88076,44.843311,13.972985,26.94141,-0.29069531,-0.83559984,3.8291667,-9.4194622,87.485275,23.31156,0.0,7.0441666,5.4484315,13.972985
3,Belgium,1973,-0.29793635,6.9552803,0.20821191,5.3376122,1.9915904,2.8353112,42.382519,8.2345734,27.828369,-0.33099553,-0.21338435,6.2874999,-11.50662,76.668312,23.42024,0.0,7.4941669,6.9552803,8.2345734
3,Belgium,1974,-0.28983802,12.677888,0.22411838,15.171279,1.4872603,2.7614162,38.84301,8.4953747,27.630589,-0.36724406,-0.065578133,10.295834,-0.0052835522,70.567474,19.694622,0.0,8.7683334,12.677888,8.4953747
3,Belgium,1975,-0.20080961,12.768199,0.18560816,0.10794093,-0.23845987,3.0650346,39.839729,14.390117,31.516148,-0.36090186,0.14736259,6.7958331,-5.5175114,79.141571,24.437874,0.0,8.5158329,12.768199,14.390117
3,Belgium,1976,-0.36143699,9.0686102,0.21662648,4.0606065,-0.23922881,3.0933695,40.068539,8.5944633,31.753265,-0.30237365,-0.49524453,9.8916664,4.8896327,69.23243,20.130554,0.0,9.0883331,9.0686102,8.5944633
3,Belgium,1977,-0.25286022,7.0960007,0.1992563,1.5602738,-0.098460309,3.1432486,42.93782,8.5446138,33.40593,-0.2542094,-0.25186217,7.0541668,-7.1475072,68.475105,19.96892,0.0,8.7624998,7.0960007,8.5446138
3,Belgium,1978,0.12930834,4.4705935,0.20391452,-3.1900539,-0.47479019,3.2615221,45.96645,1.5948832,36.826267,0.21210627,-0.21449895,7.1291666,-12.142577,81.370934,24.170189,0.0,8.9274998,4.4705935,1.5948832
3,Belgium,1979,-0.22315523,4.4690838,0.20371136,4.661613,0.47906795,3.2613449,49.432171,1.569846,37.124393,-0.28253043,-0.066453055,11.0125,-6.8986678,86.351082,24.474236,0.0,9.6933336,4.4690838,1.569846
3,Belgium,1980,-0.16170381,6.6560001,0.22383526,4.7122903,-0.20765598,3.2501955,76.795998,2.5925393,36.944805,-0.33131793,0.34315765,14.029166,-0.41098168,102.05772,28.721134,0.0,11.9,6.6560001,2.5925393
3,Belgium,1981,-0.053698983,7.6259999,0.19773024,10.423968,-0.4353106,3.3660495,89.685997,5.964221,41.030762,-0.32696721,0.63274407,15.270833,27.285528,101.66919,30.363371,0.0,13.436666,7.6259999,5.964221
3,Belgium,1982,0.12933512,8.7229996,0.18038517,16.65065,-0.32201934,3.2699447,96.800003,5.4707808,40.949284,-0.24838158,1.1198813,13.970834,23.176163,124.11795,36.333916,0.0,13.428333,8.7229996,5.4707808
3,Belgium,1983,-0.17670348,7.6630001,0.16054906,17.621332,-0.62702227,3.1914132,107.2,8.7644796,42.182861,-0.38690284,0.33098689,10.4,11.818688,103.87984,29.069769,0.0,11.940833,7.6630001,8.7644796
3,Belgium,1984,-0.29127264,6.348,0.16218586,23.933016,-0.48047498,3.0079024,111.4,5.977972,40.090652,-0.34669808,-0.093016624,11.420834,12.847446,88.389366,22.064428,0.0,12.2425,6.348,5.977972
3,Belgium,1985,-0.24443798,4.868,0.15496966,18.032698,-0.55888921,2.9312339,116.0,7.7025833,39.563034,-0.30220085,-0.06385076,9.5166664,2.6512764,92.283493,22.397057,0.0,10.968333,4.868,7.7025833
3,Belgium,1986,-0.30929303,1.296,0.14945908,4.9133921,-0.60162538,2.9537725,121.1,12.826812,41.433258,-0.28953996,-0.18946786,8.083333,-19.706533,91.707932,24.268093,0.0,8.6258335,1.296,12.826812
3,Belgium,1987,-0.28980446,1.554,0.1482195,0.91307843,-0.51269096,2.9017949,125.6,10.401299,38.250786,-0.37427664,0.035087641,7.0541668,-16.358973,85.342255,19.81813,0.0,8.1841669,1.554,10.401299
3,Belgium,1988,-0.44200766,1.1619999,0.16794355,5.8017697,-0.56622088,2.6287484,126.0,7.6594472,37.174465,-0.38816825,-0.48535126,6.7291665,-1.4362633,72.833328,15.602124,0.0,8.0074997,1.1619999,7.6594472
3,Belgium,1989,-0.32537982,3.105,0.17512485,12.677465,-0.47140825,2.4608543,122.8,13.506837,35.309738,-0.38406426,-0.15238473,8.8000002,7.1121273,81.248924,17.019728,0.0,8.5391665,3.105,13.506837
3,Belgium,1990,-0.11879774,3.4530001,0.17966729,7.5471697,0.089183345,2.3554404,126.6,5.6872854,34.139328,-0.27871504,0.35785478,9.6333332,-15.25085,100.47716,26.022886,0.0,10.006667,3.4530001,5.6872854
3,Belgium,1991,-0.25066379,3.1670001,0.17061794,2.9848645,-0.16286711,2.2876928,128.0,3.6337016,33.291557,-0.28306812,0.013993292,9.3824997,2.3795047,115.19403,27.291273,0.0,9.2858334,3.1670001,3.6337016
3,Belgium,1992,-0.21288978,2.26,0.15818588,-2.2434287,-0.46085671,1.8323325,129.60001,7.5641961,32.940964,-0.34811687,0.19397616,9.3708334,-6.1090155,75.940979,17.806925,0.0,8.6533337,2.26,7.5641961
3,Belgium,1993,-0.10870383,2.487,0.12083904,-10.029723,-0.54050475,1.7359658,135.2,13.740605,33.174877,-0.24023074,0.36333498,8.2241669,7.7335334,86.624359,19.26812,0.0,7.2283335,2.487,13.740605
3,Belgium,1994,-0.147484,2.3940001,0.12582864,-7.564014,-0.73193502,1.6771431,133.2,-5.3663878,32.184238,-0.26733133,0.26047018,5.6950002,-3.4329503,88.633369,19.858919,0.0,7.7508335,2.3940001,-5.3663878
3,Belgium,1995,-0.37410194,1.265,0.1234935,-6.1933084,-0.68090928,1.5446405,131.3,-0.080947734,31.426107,-0.31314579,-0.41652197,4.7833333,-11.700723,75.088799,15.340379,0.0,7.4808335,1.265,-0.080947734
3,Belgium,1996,-0.53316212,1.76,0.10909387,-5.1585965,-0.67423898,1.5193168,129.0,11.007355,31.491032,-0.40220624,-0.81357479,3.2166667,4.9421263,61.413044,12.311628,0.0,6.4924998,1.76,11.007355
3,Belgium,1997,-0.58100712,1.499,0.11563691,-0.50487626,-0.63669342,1.4578662,124.3,7.5208893,30.794149,-0.43005022,-0.89026719,3.4366667,15.59775,39.673115,10.102025,0.0,5.7533336,1.499,7.5208893
3,Belgium,1998,-0.54034835,0.90100002,0.10844271,-3.3301628,-0.6541546,1.4173958,119.2,14.041453,30.458895,-0.36427492,-0.88938832,3.5583334,1.3802999,51.792046,13.586441,0.0,4.7516665,0.90100002,14.041453
3,Belgium,1999,-0.06447053,1.1339999,0.11241457,-4.7374449,-0.43248889,1.3939307,115.4,6.1335797,30.010977,0.010426011,-0.1114715,2.9635,4.4704528,58.142807,15.148115,0.0,4.7491665,1.1339999,6.1335797
3,Belgium,2000,-0.57183146,2.6819999,0.12364863,10.431274,-0.34495085,1.3508654,109.6,-1.5410997,29.277506,-0.42116866,-0.86473852,4.3917665,15.573078,45.607391,10.56115,0.0,5.5925002,2.6819999,-1.5410997
3,Belgium,2001,-0.29785287,2.438,0.10638401,5.8639984,-0.36699399,1.2835233,108.2,5.9565258,29.813496,-0.1708314,-0.39766124,4.2617831,2.9115925,111.46019,23.307537,0.0,5.1308331,2.438,5.9565258
3,Belgium,2002,-0.50666058,1.552,0.092502989,0.43473557,-0.64865255,1.2237613,105.4,7.837501,27.630127,-0.33562833,-0.82784694,3.3185916,-5.0621185,111.12048,23.934919,0.0,4.9866667,1.552,7.837501
3,Belgium,2003,-0.3417252,1.517,0.07301148,-4.8945389,-0.63120317,1.221194,101.7,6.9254184,28.183577,-0.24441324,-0.44001174,2.3334668,-16.512545,135.32417,31.199345,0.0,4.1808333,1.517,6.9254184
3,Belgium,2004,-0.43950623,1.857,0.069808684,-2.6758122,-0.59968311,1.1565944,97.199997,9.4306049,27.108046,-0.29585755,-0.60597563,2.1063249,-9.1334419,110.70305,23.040049,0.0,4.1525002,1.857,9.4306049
3,Belgium,2005,-0.42092478,2.539,0.052130997,2.9289286,-0.63926464,1.0966412,95.099998,7.1544714,29.873272,-0.35050473,-0.56630093,2.184675,0.031681277,83.537979,17.680269,0.0,3.4283333,2.539,7.1544714
3,Belgium,2006,-0.42704004,2.3310001,0.046055678,5.9386506,-0.58298713,1.056123,91.5,4.9772382,27.012556,-0.33941731,-0.54311562,3.0792251,-0.98656887,86.026413,20.381111,0.0,3.8150001,2.3310001,4.9772382
3,Belgium,2007,-0.47600853,1.819,0.050063048,6.7863975,-0.41237578,1.0980188,87.300003,8.9621277,27.264006,-0.35093543,-0.68538111,4.2776084,-8.3312426,84.868973,17.324841,0.0,4.3283334,1.819,8.9621277
3,Belgium,2008,-0.49138597,4.4899998,0.021788985,13.331133,-0.4610393,1.2219145,93.199997,4.828867,28.554878,-0.33772388,-0.74946195,4.6342335,-6.4666138,71.192848,15.66264,0.0,4.4175,4.4899998,4.828867
3,Belgium,2009,-0.45983902,-0.0040000002,-0.030414704,-14.717121,-0.68630648,1.16353,100.2,5.3657303,29.441198,-0.32925171,-0.67727023,1.2283584,5.1878705,69.581642,16.321169,0.0,3.9016666,-0.0040000002,5.3657303
3,Belgium,2010,-0.47965822,2.329,-0.037793349,-1.8133823,-0.45863071,1.0901811,100.3,-3.2668748,29.480339,-0.3430694,-0.73381287,0.81094998,5.1338181,73.838913,18.244459,0.0,3.4625001,2.329,-3.2668748
3,Belgium,2011,-0.30279511,3.3440001,-0.056735326,6.6453772,-0.31747383,1.0445012,103.5,-4.2960019,30.775387,-0.21390083,-0.33077756,1.3906,-4.8501892,75.721146,18.474459,0.0,4.2333331,3.3440001,-4.2960019
3,Belgium,2012,-0.44617382,2.6199999,-0.085916936,4.0951157,-0.59809065,1.0370296,104.8,11.546445,31.530445,-0.33862528,-0.64982122,0.57318336,8.2926064,69.216782,17.740288,0.0,3.0,2.6199999,11.546445
3,Belgium,2013,-0.45995823,1.252,-0.11279021,-0.90412259,-0.58062965,1.0045201,105.5,0.93044895,30.967573,-0.33914417,-0.63829595,0.22066666,-3.2886987,70.025406,17.251606,0.0,2.4100001,1.252,0.93044895
3,Belgium,2014,-0.050246,0.495,-0.12501413,-2.1193671,-0.46854642,0.96627235,107.0,7.0984097,30.944284,-0.2784282,0.67607415,0.20993334,0.093858041,80.853844,22.291306,0.0,1.7133334,0.495,7.0984097
3,Belgium,2015,0.033375226,0.62300003,-0.1415358,-7.8586164,-0.51676559,0.91182995,105.2,9.7912636,27.596077,0.1137491,0.13298692,-0.019366667,19.624214,94.918381,24.557573,0.0,0.83999997,0.62300003,9.7912636
3,Belgium,2016,0.63468087,1.772,-0.16017085,-6.128859,-0.58479887,0.8980853,105.0,3.0380242,27.448994,0.66194314,0.92205095,-0.26369166,0.22109132,84.358536,22.712873,0.0,0.47583333,1.772,3.0380242
3,Belgium,2017,-0.035704415,2.2249999,-0.17489827,-0.56508946,-0.58225179,0.88683718,102.0,3.3479171,26.724457,-0.014612921,-0.010607691,-0.32905,-1.8642764,86.290787,26.546961,0.0,0.72250003,2.2249999,3.3479171
3,Belgium,2018,0.00099014968,2.3080001,-0.18643232,-1.4963329,-0.19680458,0.89244246,99.900002,4.4358549,26.550058,-0.16569763,0.62975597,-0.32209167,-4.4481721,67.708572,21.925325,0.0,0.79500002,2.3080001,4.4358549
3,Belgium,2019,-0.23479977,1.25,-0.19336446,-6.6375704,0.1141388,0.88700497,97.699997,3.7363412,26.605892,-0.32129624,0.037703175,-0.35633335,5.4067965,69.926216,23.382494,0.0,0.19333333,1.25,3.7363412
3,Belgium,2020,-0.32784468,0.42399999,-0.27252889,-17.503801,0.056053333,1.0059279,112.8,8.7665644,31.40867,-0.35466811,-0.15101638,-0.35633335,-1.8559247,66.154915,18.687578,0.0,0.063158333,0.42399999,8.7665644
3,Belgium,2021,-0.14926277,3.217,-0.24223296,0.55397606,1.4893891,1.04264,108.44,14.735539,27.886671,-0.34511203,0.46893457,-0.35633335,-3.5179076,58.633369,17.516289,0.0,0.063158333,3.217,14.735539
3,Belgium,2022,1.0818013,10.331,-0.23449196,12.71374,3.6973863,1.1624656,92.459999,18.224405,25.196671,0.26556012,3.9236398,0.34156665,12.505229,112.93623,49.450008,0.0,1.7333333,10.331,18.224405
3,Belgium,2023,0.11563879,2.2939999,-0.25764814,-12.684481,0.63188016,1.1842288,103.121,-7.1209373,26.21467,0.029306937,0.67777228,3.4305999,-2.8074944,99.392548,39.041149,0.0,3.0891666,2.2939999,-7.1209373
4,Brazil,1900,-0.87783796,-12.978245,0.22111337,-0.26004326,-0.8880741,2.3176246,54.870998,,15.5047,-0.6755209,-0.88973635,,,72.415619,21.739546,0.0,6.3200002,-12.978245,
4,Brazil,1901,-0.64099032,-12.672414,0.30597591,5.6360421,-0.69139904,1.8124892,66.703697,-8.6931934,13.7573,-0.42014688,-0.69453663,,-19.706533,43.076683,12.104412,0.0,6.02,-12.672414,-8.6931934
4,Brazil,1902,-0.84860325,-1.2833169,0.24151883,-1.3398845,-0.68699878,1.5898398,62.827599,-8.6931934,10.2759,-0.52755708,-0.93209684,,-17.307695,43.4799,11.139483,0.0,5.5599999,-1.2833169,-8.6931934
4,Brazil,1903,-0.53955221,5.3000002,0.20847359,-0.3811062,-0.84479868,2.4294243,66.724098,-5.3752208,12.5172,-0.51750904,-0.39844641,,-2.3255825,49.491287,13.425256,0.0,5.21,5.3000002,-5.3752208
4,Brazil,1904,-0.93168312,-6.2678061,0.16023725,-1.6211563,-0.61990821,2.3413248,59.0,-2.1405127,14.4688,-0.60408121,-1.0741677,,-2.3809536,76.692307,24.641645,0.0,5.1799998,-6.2678061,-2.1405127
4,Brazil,1905,-1.022207,-4.0526848,0.14151594,0.61805046,-0.95542705,2.2532253,60.7407,9.8008909,13.8889,-0.72923708,-0.97295278,,-2.4390256,54.05724,16.120413,0.0,4.6100001,-4.0526848,9.8008909
4,Brazil,1906,-0.73436445,5.596621,0.20375583,0.80374193,-0.77739203,2.3462501,50.3438,-1.9793057,13.2188,-0.44544917,-0.82381475,,-19.706533,40.733101,9.254323,0.0,4.5500002,5.596621,-1.9793057
4,Brazil,1907,-0.9677738,5.3000002,0.16110595,-0.6922251,-0.83922875,2.5934188,45.651001,8.2855644,14.1081,-0.57647103,-1.0395015,,0.0,34.413788,7.3027406,0.0,4.8899999,5.3000002,8.2855644
4,Brazil,1908,-0.89877743,-1.2345679,0.072372958,-5.3845029,-0.82457846,2.82096,47.761398,14.677573,13.8108,-0.56262451,-1.0221165,,3.2258079,32.829559,7.7749848,0.0,4.8499999,-1.2345679,14.677573
4,Brazil,1909,-1.071097,-1.25,0.11286151,1.6858662,-0.97231823,3.0994151,42.896702,-1.9303442,12.3333,-0.81701589,-1.0521004,,3.1250014,30.923229,6.9354305,0.0,4.77,-1.25,-1.9303442
4,Brazil,1910,-0.45618835,-2.6290166,0.087081723,-3.5661283,-0.78341043,2.3098681,39.900902,18.838253,13.0,-0.35991797,-0.54414505,,-9.0909128,30.885345,6.0031042,0.0,4.46,-2.6290166,18.838253
4,Brazil,1911,-0.59687644,10.7,0.089457132,-4.6874933,-0.87177861,2.4698186,35.761002,13.142505,12.4,-0.31525773,-0.57532245,,3.3333349,52.696037,13.285318,0.0,4.52,10.7,13.142505
4,Brazil,1912,-1.0480243,-9.6657629,0.099450588,-2.3021238,-0.40837243,2.2949364,34.239799,16.349747,13.8421,-0.66666245,-1.152742,,0.0,53.76284,13.098719,0.0,4.6199999,-9.6657629,16.349747
4,Brazil,1913,-0.70698404,1.010101,0.075502396,-4.9195991,-0.92849898,2.2103484,37.667198,3.460072,13.386,-0.37211296,-0.82970941,,0.0,49.213394,11.598936,0.0,4.9699998,1.010101,3.460072
4,Brazil,1914,2.3349814,0.0,0.0051523335,-5.9001446,-0.56376147,1.9301764,56.25816,-6.7547941,16.319201,2.1931317,2.027504,,6.4516158,199.27412,67.71563,0.0,,0.0,-6.7547941
4,Brazil,1915,1.373081,9.0,-0.044427317,3.7829976,0.23919325,2.2156641,56.735718,-6.5778275,15.3111,1.3190997,0.7939074,,21.212112,269.59604,89.142937,0.0,,9.0,-6.5778275
4,Brazil,1916,0.13079025,7.3394494,-0.089159817,4.956799,-0.065179557,2.7896483,50.494614,9.8634329,14.3125,0.80516857,-0.97424936,,5.0000024,260.30356,76.922974,0.0,,7.3394494,9.8634329
4,Brazil,1917,3.0947263,10.256411,-0.050952107,2.973165,-0.064571172,2.3390002,41.476913,24.447496,14.5636,3.7818496,1.4026256,,-7.1428537,296.97101,90.828606,0.0,,10.256411,24.447496
4,Brazil,1918,0.10942096,11.627907,-0.1291865,2.2121696,0.14931476,2.7162528,39.274563,14.761379,15.7636,0.78485382,-0.68523824,,0.0,331.62021,104.81299,0.0,,11.627907,14.761379
4,Brazil,1919,-0.35114768,3.4722223,-0.10557196,9.5941343,-0.34689492,1.8261064,28.977591,32.785316,11.2289,0.13044137,-0.76924145,,-5.1282072,166.6438,50.279415,0.0,,3.4722223,32.785316
4,Brazil,1920,-0.47374979,10.067114,-0.038775887,-0.42589736,-0.44588932,0.43579045,24.255774,12.454468,12.5204,-0.12040115,-0.87576938,,21.621624,102.06319,26.669994,0.0,,10.067114,12.454468
4,Brazil,1921,-0.82580835,3.0487804,-0.072974063,-0.99248672,-0.77585232,3.5894186,48.024635,4.5336833,11.89,-0.45711038,-1.0267262,,66.666656,72.843681,19.254755,0.0,,3.0487804,4.5336833
4,Brazil,1922,-0.81499511,9.4674559,-0.048268206,2.5403342,-0.55396175,3.9976616,48.826782,32.806686,11.9,-0.42099866,-0.92911077,,0.0,64.923538,14.94164,0.0,,9.4674559,32.806686
4,Brazil,1923,-0.71204948,9.7297297,-0.019305043,4.4985638,-0.64594162,2.6974528,56.499199,11.12666,9.8062496,-0.41606891,-0.88095653,,29.33334,58.87146,15.716442,0.0,,9.7297297,11.12666
4,Brazil,1924,0.090697654,16.748768,-0.055667754,3.285732,-0.8807103,1.3303583,48.092701,9.9916058,7.2649999,0.53907222,-0.51929343,,-6.1855698,49.706013,11.424479,0.0,,16.748768,9.9916058
4,Brazil,1925,-0.91481811,6.7510548,-0.10850318,2.3668103,-0.86870289,1.8285537,39.43,11.679392,7.9854598,-0.53194726,-1.1350638,,-10.98901,45.767529,11.59426,0.0,,6.7510548,11.679392
4,Brazil,1926,-0.74042135,3.1620553,-0.11056798,-3.1931984,-0.87487906,1.2817222,45.5509,-8.6931934,7.9287,-0.47007486,-0.83497155,,-14.814815,37.680462,9.4600477,0.0,,3.1620553,-8.6931934
4,Brazil,1927,-1.0689945,2.6819923,-0.057983804,-1.7987194,-1.0615432,1.2501255,52.066601,0.52474058,8.0344,-0.6615746,-1.2435668,,21.739128,45.88192,11.850179,0.0,,2.6819923,0.52474058
4,Brazil,1928,-0.6781469,-1.4925373,0.00032180396,-1.9517874,-1.0404468,1.4364076,40.055099,23.955999,7.20786,-0.40184212,-0.66580832,,1.1904733,37.190571,8.9598675,0.0,,-1.4925373,23.955999
4,Brazil,1929,-0.97823071,-0.75757575,-0.042316765,0.18317264,-0.75831759,1.7927603,46.218601,14.994738,8.8984003,-0.57546639,-1.0997406,,0.0,40.538773,10.663535,0.0,6.52,-0.75757575,14.994738
4,Brazil,1930,1.3805797,-9.160305,-0.11430027,-2.5436902,-0.51136589,2.3051186,59.182899,-0.82396799,11.205,1.8096927,0.67964941,,9.0196114,42.976971,10.535118,2.0359585,6.79,-9.160305,-0.82396799
4,Brazil,1931,-0.72949916,-3.3613446,-0.20230491,5.5144095,-0.67451936,2.8550875,75.555099,-4.5628352,11.3006,-0.34258056,-0.86621332,,54.226624,44.57341,11.279499,0.0,6.5,-3.3613446,-4.5628352
4,Brazil,1932,1.2987957,0.43478259,-0.21069364,-0.58014375,-0.68927783,4.3360381,73.818199,4.2144613,15.8872,1.3901038,0.76052952,,-1.5160381,59.718971,15.942878,0.0,6.3499999,0.43478259,4.2144613
4,Brazil,1933,0.73158747,-0.86580086,-0.17372383,0.809986,-0.93375093,3.0672812,93.676598,7.1333842,12.5884,0.78324836,0.7915678,,-9.7098837,52.87656,13.617862,0.0,5.8800001,-0.86580086,7.1333842
4,Brazil,1934,-0.14622101,7.4235806,-0.13751496,-0.25873396,-0.58431852,3.2416232,80.957298,-2.2401032,12.2008,-0.31044948,0.085599199,,10.885239,52.097977,11.897416,0.0,5.9200001,7.4235806,-2.2401032
4,Brazil,1935,0.10824511,6.504065,-0.15802196,-0.15335758,-0.2301679,1.9521751,85.274498,14.292946,9.5733299,0.23236759,0.18664211,,23.24069,82.748703,24.53318,0.0,6.25,6.504065,14.292946
4,Brazil,1936,-0.022674061,14.122137,-0.093773417,-0.47495148,-0.36259708,1.3690436,71.8936,9.5370007,8.7191896,-0.096218683,0.29986098,,-0.43186241,91.402847,28.183031,0.0,6.4899998,14.122137,9.5370007
4,Brazil,1937,-0.35198587,7.3578596,-0.098762251,-1.7621146,-0.47454363,2.0849733,61.026402,9.6875305,9.8664303,-0.40547886,-0.18097103,,-7.1325307,87.478371,28.312006,0.0,6.3000002,7.3578596,9.6875305
4,Brazil,1938,0.29671586,10.5919,-0.10547642,-2.6371806,-0.6733622,2.1533346,60.220299,4.3422189,9.20889,-0.0048752008,0.66301817,,9.8598852,102.05727,35.11615,0.0,6.21,10.5919,4.3422189
4,Brazil,1939,2.2326508,3.0,-0.13174105,-0.67287475,-0.017436214,2.3497334,55.721199,20.613174,9.6324396,2.2780702,1.613139,,0.51960248,191.01532,69.370102,0.0,6.2600002,3.0,20.613174
4,Brazil,1940,1.9498799,3.8834951,-0.19223748,-3.5657682,0.13225228,2.5735936,56.7439,6.1240993,10.8102,2.5451796,0.7058602,,11.654142,200.07191,75.637741,0.0,6.23,3.8834951,6.1240993
4,Brazil,1941,2.7646058,11.214953,-0.19600281,0.87494987,2.1678019,2.5238204,49.971802,6.5161915,10.6659,3.2640672,0.99391997,,4.0824871,241.92404,81.910728,0.0,6.23,11.214953,6.5161915
4,Brazil,1942,5.2376199,10.92437,-0.27835011,0.7482807,4.8682117,4.3104439,42.373402,25.85704,10.9366,6.4345078,1.6826857,,-5.232511,306.14059,89.859428,3.0257387,6.0999999,10.92437,25.85704
4,Brazil,1943,1.3481333,10.606061,-0.24643566,1.1370279,3.1160026,3.1961272,37.497101,20.287308,9.7198496,1.9662993,-0.068197638,,-0.025601279,344.39383,103.04388,0.0,5.23,10.606061,20.287308
4,Brazil,1944,1.1419791,12.328767,-0.22129244,0.15931343,1.3797638,3.201134,29.140699,48.717953,11.8159,1.6440165,0.13398424,,-0.28169215,376.73724,115.70303,0.0,5.1100001,12.328767,48.717953
4,Brazil,1945,1.5550727,16.463415,-0.24111223,-1.5326885,1.6379865,2.9772739,26.511101,26.092335,11.4856,1.8920929,0.49614787,,-0.48792928,240.73561,75.772018,0.0,5.4299998,16.463415,26.092335
4,Brazil,1946,1.8427495,16.753927,-0.18336293,0.77059001,2.7041354,3.4537511,18.832899,20.199972,9.5962801,0.28782576,3.0853746,,-0.98064339,122.23141,36.677887,0.0,5.54,16.753927,20.199972
4,Brazil,1947,1.4954522,21.973095,-0.21324474,-0.39217946,2.4221284,2.9275634,13.8827,8.2497787,7.2006402,0.7718125,1.7167366,,-3.3098795,99.266258,26.073711,0.0,6.3699999,21.973095,8.2497787
4,Brazil,1948,-0.056090917,3.3088236,-0.17419392,1.0149509,0.25388479,2.4833572,10.7368,-2.9824605,8.0490303,0.023293152,-0.077094607,6.0,0.0,114.34803,32.207497,0.0,7.1700001,3.3088236,-2.9824605
4,Brazil,1949,-0.59354293,4.6263347,-0.15461726,-3.8990448,-0.22562699,2.6506896,9.8463202,17.741928,9.01157,-0.52517158,-0.51219219,6.0,0.0,83.723862,22.94343,0.0,7.0599999,4.6263347,17.741928
4,Brazil,1950,-0.20119989,9.1836739,-0.14418314,-2.913461,-0.17613915,2.350594,8.9672203,28.767124,8.7021303,-0.42841914,0.022953384,6.0,0.0,142.74683,42.807476,0.0,6.8600001,9.1836739,28.767124
4,Brazil,1951,0.13136196,11.838006,-0.15263954,-1.3186021,0.080512539,2.3872406,6.8684402,15.730336,7.6189799,-0.31023929,0.5604434,6.0,0.0,154.43521,48.631886,0.0,7.0799999,11.838006,15.730336
4,Brazil,1952,-0.46786243,17.270195,-0.1381993,-5.5303903,0.030222815,2.3749828,5.5434198,12.621358,8.0488396,-0.2256521,-0.63258702,6.0,0.0,105.07939,31.489744,0.0,7.02,17.270195,12.621358
4,Brazil,1953,-0.67864591,14.489311,-0.14925687,5.1978745,-0.49385503,3.5955057,13.9588,18.965523,8.3493099,-0.44013688,-0.76779705,6.0,78.861542,101.92927,31.79936,0.0,7.2199998,14.489311,18.965523
4,Brazil,1954,-0.36525074,22.406639,-0.1304839,8.6223898,-0.082160383,2.2975922,14.6847,21.014484,8.8547497,-0.28961051,-0.36897084,6.0,51.408451,91.05645,27.940189,0.0,7.0900002,22.406639,21.014484
4,Brazil,1955,-0.42926848,23.050848,-0.10231782,4.92557,-0.53260463,2.1196229,17.0443,15.568861,7.6322598,-0.48420256,-0.13500024,6.0,19.53488,89.117783,26.205425,0.0,7.3000002,23.050848,15.568861
4,Brazil,1956,-0.66987091,20.93664,-0.13157597,1.1927485,-0.62598205,2.757864,34.5509,19.689123,7.5135899,-0.34177604,-0.81084424,6.0,-1.945526,101.25542,34.242805,0.0,7.5999999,20.93664,19.689123
4,Brazil,1957,-0.48875728,19.248291,-0.11385578,-1.0636048,-0.75038624,4.4035211,22.0714,30.303034,8.1993303,-0.62713951,-0.23244742,6.0,5.5555615,99.325577,31.492046,0.0,7.5999999,19.248291,30.303034
4,Brazil,1958,-0.6493209,14.899714,-0.06684576,2.4550369,-0.71762609,4.0675206,30.6159,20.930225,8.5346899,-0.69880998,-0.42345959,8.0,72.180443,115.22129,32.079128,0.0,7.5,14.899714,20.930225
4,Brazil,1959,-0.21736789,25.020781,-0.029000448,0.014226228,-0.34607157,2.9633634,23.997999,39.835178,7.9265099,0.021175882,-0.53282177,8.0,18.777292,82.10849,22.165882,0.0,8.3999996,25.020781,39.835178
4,Brazil,1960,-0.07586164,20.0,0.0053020646,-2.6228323,-0.70332074,2.6791346,22.2647,37.131622,13.7056,-0.27514142,0.11566203,8.0,23.345587,86.417786,23.265463,0.0,,20.0,37.131622
4,Brazil,1961,1.1344517,50.0,0.032314554,-2.2975578,-0.30772677,2.3640661,25.659401,45.702,12.001,0.53377515,1.3690799,8.0,44.262302,126.08382,34.261539,0.0,,50.0,45.702
4,Brazil,1962,2.8912196,44.444443,0.042473577,-5.7689667,0.42894992,2.3986833,23.6583,63.126999,23.0509,-0.13544144,5.4574552,8.0,3.3057804,124.72618,32.610809,0.0,,44.444443,63.126999
4,Brazil,1963,0.98011833,69.230766,-0.0077551501,2.8119407,-0.4321152,2.2608392,20.4039,64.375999,22.7696,-0.07922104,1.8691139,8.0,78.861542,117.54991,29.94565,0.0,,69.230766,64.375999
4,Brazil,1964,0.73867285,89.474106,-0.029578585,-2.9068363,0.16176802,2.014498,22.1796,78.511002,25.393999,0.21042171,1.1192917,8.0,78.861542,90.5354,25.081842,0.0,,89.474106,78.511002
4,Brazil,1965,0.8788417,65.134254,-0.061278407,-2.2162971,-0.36038256,3.3520923,17.605301,73.665001,14.0,0.87222564,0.58376527,12.0,75.000008,99.786484,27.65064,0.0,,65.134254,73.665001
4,Brazil,1966,-0.12356318,40.992813,-0.050541766,-2.8514423,-0.42262241,3.0219817,19.6327,21.079,14.6,-0.38750085,0.1059804,12.0,14.285711,90.635468,26.285061,0.0,,40.992813,21.079
4,Brazil,1967,-0.0042622313,30.273306,-0.064049564,-3.7772701,-0.37078339,2.856972,13.8458,51.709999,13.5,-0.17681766,0.14525568,22.0,25.000002,112.60692,34.291435,0.0,,30.273306,51.709999
4,Brazil,1968,-0.043755747,21.934505,-0.023625795,-2.5677826,-0.79974604,2.6497402,15.7735,43.525002,14.4,-0.41257617,0.43842503,22.0,19.999996,104.20105,27.115463,0.0,,21.934505,43.525002
4,Brazil,1969,-0.36314455,22.643227,0.014119687,-1.9209781,-0.94093454,2.6155901,16.516399,31.438,11.2,-0.41842809,-0.21273017,20.0,25.000004,95.787491,25.948257,0.0,,22.643227,31.438
4,Brazil,1970,0.29890251,22.257755,0.05583971,-0.76685762,-0.57361293,2.8872895,16.984501,28.735001,11.4,0.58367866,0.0083760526,20.0,13.33333,102.82236,28.339952,0.0,,22.257755,28.735001
4,Brazil,1971,-0.50716799,20.135221,0.11472001,-0.65442115,-0.76390547,2.6190469,17.875799,37.882999,11.7,-0.36002967,-0.53316134,20.0,11.764704,87.422432,23.936304,0.0,,20.135221,37.882999
4,Brazil,1972,-0.72688085,16.516029,0.17920898,0.75633156,-0.62704092,2.435812,22.4858,25.0,12.6,-0.56890404,-0.75800645,20.0,15.789476,87.485275,23.385626,0.0,,16.516029,25.0
4,Brazil,1973,-0.55093086,12.646549,0.26219717,1.3994014,1.0759848,2.1546514,22.443701,43.077,11.0,-0.41320175,-0.48512188,18.0,0.0,76.668312,23.56591,0.0,,12.646549,43.077
4,Brazil,1974,-0.33941412,27.588015,0.29174468,5.419786,2.4287498,1.9413534,25.7174,35.484001,10.5,-0.51631284,-0.1107288,18.0,13.636366,70.567474,19.82325,0.0,,27.588015,35.484001
4,Brazil,1975,0.34072053,28.920641,0.2927452,2.5834863,0.10667334,1.9721438,27.7187,42.856998,10.7,-0.45729524,1.0769236,18.0,15.999996,79.141571,24.545082,0.0,,28.920641,42.856998
4,Brazil,1976,0.50524139,42.007614,0.34227192,0.65250486,0.1000158,2.0027533,31.7582,38.889,10.6,-0.28371453,1.2113093,28.0,34.482769,69.23243,20.136045,0.0,,42.007614,38.889
4,Brazil,1977,0.81413358,43.65382,0.34127137,-0.73216206,0.60438061,1.6877265,31.033001,44.799999,10.4,-0.35262874,1.8361428,30.0,30.769222,68.475105,20.000793,0.0,,43.65382,44.799999
4,Brazil,1978,-0.041729387,38.700012,0.34075373,-1.4435117,-0.09371838,1.5996716,37.0434,45.580002,10.2,-0.36800638,0.4037016,33.0,29.41177,81.370934,24.490917,0.0,,38.700012,45.580002
4,Brazil,1979,-0.31400704,53.918415,0.35767964,0.40045372,0.80077404,1.5219316,36.597801,73.055,9.0,-0.47029337,-0.061561618,34.759167,48.484852,86.351082,24.635639,0.0,,53.918415,73.055
4,Brazil,1980,-0.012201328,90.226997,0.4014127,3.8327372,0.41593242,1.1384344,39.6661,61.403999,6.8000002,-0.23752788,0.17841955,34.759167,78.861542,102.05772,28.884663,0.0,,90.226997,61.403999
4,Brazil,1981,0.20795102,101.737,0.30965519,3.1443346,-0.029409951,1.1431488,34.599998,85.215683,7.8000002,-0.23584159,0.65920931,34.759167,76.963364,101.66919,30.561932,0.0,,101.737,83.488998
4,Brazil,1982,0.70742595,100.574,0.27124038,-0.17475089,-0.59567058,1.3035344,32.799999,83.926613,8.1000004,-0.11167216,1.4448649,34.759167,78.861542,124.11795,36.579098,0.0,,100.574,83.488998
4,Brazil,1983,-0.46662441,113.87204,0.19445196,5.0464807,-0.35832945,1.2545804,51.5,87.465363,9.6999998,-0.53567845,-0.25750864,34.759167,78.861542,103.87984,29.271185,0.0,,,83.488998
4,Brazil,1984,-0.26991946,115.05059,0.20228626,6.778028,-0.30013549,1.1995411,55.799999,88.723511,10.0,-0.1834739,-0.22173643,34.759167,78.861542,88.389366,22.185287,0.0,,,83.488998
4,Brazil,1985,-0.34080446,115.39496,0.23408483,3.1888921,-0.35202324,1.4295231,52.599998,88.969543,11.1,-0.34515306,-0.29977083,34.759167,78.861542,92.283493,22.549885,0.0,,,83.488998
4,Brazil,1986,-0.33834592,114.26231,0.26322776,-1.6199292,0.014844979,1.2203888,49.400002,88.820381,11.7,-0.40810585,-0.18918478,34.759167,78.861542,91.707932,24.386303,0.0,,,83.488998
4,Brazil,1987,-0.43274388,115.41451,0.25506663,-1.4494344,-0.17682619,1.743994,50.299999,88.365562,,-0.55134368,-0.17654304,34.759167,78.861542,85.342255,19.95619,0.0,,,83.488998
4,Brazil,1988,-0.54141396,116.89083,0.21191172,-0.18562135,-0.26056412,2.1180723,46.900002,91.37149,,-0.4742052,-0.38420972,34.759167,78.861542,72.833328,15.670485,0.0,,,83.488998
4,Brazil,1989,-0.32980576,117.82421,0.20197028,-3.8134937,0.14665629,2.68625,40.200001,90.99691,,-0.51588261,-0.098049916,34.759167,78.861542,81.248924,17.128551,0.0,,,83.488998
4,Brazil,1990,-0.26444858,118.58889,0.094359592,-3.311049,-0.10061696,2.3638411,40.599998,89.814041,,-0.56460696,0.21555459,9.0,78.861542,100.47716,26.234596,0.0,,,83.488998
4,Brazil,1991,-0.39247131,116.41607,0.065477431,-2.1482894,-0.11396547,1.9633334,38.099998,89.527176,,-0.39600623,-0.24466825,10.7,78.861542,115.19403,27.446012,0.0,,,83.488998
4,Brazil,1992,-0.31500885,117.37416,0.021213803,0.22878841,-0.30635327,1.5215288,37.099998,90.907715,,-0.53884923,0.047764502,9.1000004,78.861542,75.940979,17.973871,0.0,,,83.488998
4,Brazil,1993,-0.62321109,118.14335,0.031746257,0.280182,-0.47874749,1.9279228,32.599998,91.559334,,-0.57191604,-0.51408428,8.6999998,78.861542,86.624359,19.521364,0.0,,,83.488998
4,Brazil,1994,-0.41971487,118.22186,0.051706601,-0.94911057,-0.16136199,2.0160079,30.0,90.416451,,-0.56371796,0.012767764,8.8000002,78.861542,88.633369,20.071087,0.0,,,83.488998
4,Brazil,1995,-0.78575295,66.008003,0.056406107,-2.9560852,-0.46825558,1.862137,28.0,44.301998,,-0.53543758,-0.81922787,34.759167,42.174088,75.088799,15.469371,0.0,16.371666,66.008003,44.301998
4,Brazil,1996,-0.9014588,15.757,0.046155207,-4.6307435,-0.67161834,1.6548434,30.700001,31.035,38.249355,-0.66352087,-0.85960299,25.726885,9.7115898,61.413044,12.367997,0.0,16.059166,15.757,31.035
4,Brazil,1997,-0.82875472,6.9260001,0.042302843,-4.0280852,-0.20984788,1.5776883,31.799999,17.243,38.600929,-0.58679658,-0.88724029,24.792538,7.247375,39.673115,10.125706,0.0,10.130834,6.9260001,17.243
4,Brazil,1998,-0.54364514,3.1960001,0.0075193518,-4.5131121,-0.2906501,1.6622919,38.900002,12.019,40.900433,-0.49861902,-0.36716226,28.566668,7.6632352,51.792046,13.602912,0.0,11.673333,3.1960001,12.019
4,Brazil,1999,-0.72594506,4.8590002,-0.020118395,-0.32882082,-0.26984918,1.6454747,44.5,18.115,39.588627,-0.56324655,-0.685633,26.38625,56.882736,58.142807,15.435163,0.0,13.2175,4.8590002,18.115
4,Brazil,2000,-0.7030462,7.0440001,-0.012446488,0.95978451,-0.35137588,1.7307261,62.198002,19.705,34.481926,-0.56326652,-0.56173408,18.505833,0.53091443,45.607391,10.577014,0.0,10.75,7.0440001,19.705
4,Brazil,2001,-0.21853538,6.8400002,-0.038687374,4.8757086,0.95684654,1.9518825,67.331001,38.408001,39.802299,0.07775832,-0.44681308,20.057501,28.651821,111.46019,23.419727,0.0,9.5,6.8400002,38.408001
4,Brazil,2002,-0.40571681,8.4499998,-0.047167167,5.1669464,0.069296561,1.8957711,76.095001,6.1440001,44.494778,-0.28620365,-0.42074183,19.430834,24.1875,111.12048,23.955332,0.0,9.875,8.4499998,6.1440001
4,Brazil,2003,-0.40334567,14.714,-0.071533881,5.2875009,-0.23730829,1.5034777,71.514,18.584,41.288174,-0.078623049,-0.6581316,22.104996,5.180717,135.32417,31.306925,0.0,11.5,14.714,18.584
4,Brazil,2004,0.1635846,6.598,-0.050829604,6.413372,-0.20685762,1.4612684,68.025002,13.567,39.680679,0.27199167,0.12503117,17.136999,-4.859374,110.70305,23.038628,0.0,9.8125,6.598,13.567
4,Brazil,2005,-0.27893996,6.8699999,-0.056599941,3.3995597,-0.23698303,1.5240135,66.969002,18.351999,41.870308,-0.057087287,-0.48744366,18.759583,-16.823046,83.537979,17.733328,0.0,9.75,6.8699999,18.351999
4,Brazil,2006,-0.25603509,4.184,-0.049737565,1.9210631,-0.18979838,1.4810849,64.598999,16.757999,42.562801,-0.21319643,-0.27262509,14.37675,-10.556979,86.026413,20.428619,0.0,7.875,4.184,16.757999
4,Brazil,2007,-0.57313871,3.641,-0.022211589,0.72788227,0.38575238,1.4662921,63.025002,22.02,40.351753,-0.30778742,-0.70215404,11.500783,-10.532435,84.868973,17.378382,0.0,6.375,3.641,22.02
4,Brazil,2008,-0.53048658,5.678,-0.0032497449,2.2380183,1.4020373,1.4419241,61.419998,17.882,39.915581,-0.42226666,-0.47192943,13.683914,-5.7871666,71.192848,15.703731,0.0,6.25,5.678,17.882
4,Brazil,2009,-0.30432624,4.888,-0.034477532,-3.379528,-0.24382979,1.5386257,64.702003,15.695,40.536594,-0.35043398,-0.21704674,9.916667,8.7498932,69.581642,16.356167,0.0,6.125,4.888,15.695
4,Brazil,2010,0.80888075,5.039,0.0088141803,-3.1897614,0.0012741527,1.539407,61.32,13.719,39.515877,-0.16207726,1.7394747,10.0,-11.840873,73.838913,18.156672,0.0,6.0,5.039,13.719
4,Brazil,2011,-0.19357744,6.6360002,0.018901678,-2.5146761,0.37505379,1.4118512,59.34,16.577999,39.367252,-0.10275398,-0.04741516,11.791667,-4.853961,75.721146,18.581511,0.0,6.0,6.6360002,16.577999
4,Brazil,2012,-0.80629104,5.4039998,0.0091979122,-1.8322752,0.17987522,1.3786565,59.849998,13.207,39.309807,-0.57916385,-0.88483864,8.458333,16.738466,69.216782,17.833157,0.0,5.75,5.4039998,13.207
4,Brazil,2013,-0.42786187,6.204,0.010212833,-1.6685592,0.30760241,1.3294461,57.23,10.138,39.780842,-0.3608233,-0.37506795,8.4375,10.463266,70.025406,17.299,0.0,5.0,6.204,10.138
4,Brazil,2014,-0.53546655,6.329,-0.013177386,-3.2885258,0.28956035,1.3302444,58.459999,12.912,41.42643,-0.40752858,-0.50172734,11.020833,9.029603,80.853844,22.566679,0.0,5.0,6.329,12.912
4,Brazil,2015,-0.55953681,9.0299997,-0.077417426,-1.5491756,0.60487753,1.3655171,67.540001,11.559,46.191296,-0.2545467,-0.67990088,13.541667,41.875618,94.918381,24.87969,0.0,6.25,9.0299997,11.559
4,Brazil,2016,-0.29789293,8.7399998,-0.13843562,-4.50951,0.40039638,1.3479754,73.419998,11.391,45.503296,-0.35313395,-0.17717218,14.166667,4.342597,84.358536,23.327261,0.0,7.5,8.7399998,11.391
4,Brazil,2017,-0.52094328,3.4460001,-0.15253364,-5.274529,0.080190606,1.4140216,83.669998,4.1900001,44.297333,-0.40945274,-0.50231278,9.916667,-8.422925,86.290787,26.828577,0.0,7.125,3.4460001,4.1900001
4,Brazil,2018,-0.38591707,3.665,-0.16151391,-1.2802315,0.9936682,1.4696777,86.610001,7.1040001,44.18066,-0.37984875,-0.29619938,6.5625,14.580358,67.708572,22.212769,0.0,6.7224998,3.665,7.1040001
4,Brazil,2019,0.93295521,3.733,-0.17559455,-1.8386174,1.667362,1.3827972,92.57,8.1359997,43.042877,-0.075278983,1.9022464,5.9166665,7.8848166,69.926216,23.411953,0.0,6.2024999,3.733,8.1359997
4,Brazil,2020,-0.044369671,3.2119999,-0.23426677,0.99031162,1.6224896,1.3266603,98.709999,17.024,46.178421,-0.44824901,0.34217376,2.8125,30.675055,66.154915,18.766306,0.0,4.8724999,3.2119999,17.024
4,Brazil,2021,-0.19066416,8.302,-0.21142334,5.7505584,2.545882,1.1490376,85.010002,12.259,40.370987,-0.47900048,0.17670631,4.8125,4.6714416,58.633369,17.704411,0.0,4.8000002,8.302,12.259
4,Brazil,2022,0.91375452,9.2799997,-0.2046032,6.3061247,3.4154608,1.0524008,79.099998,12.75,43.445332,0.16132453,1.8475983,10.4375,-4.2217593,112.93623,50.179134,0.0,6.7775002,9.2799997,12.75
4,Brazil,2023,1.2599785,4.5939999,-0.19582529,0.54100198,1.3831484,1.0023754,83.029999,14.691,45.449196,0.61509973,1.9844663,10.875,-3.3021622,99.392548,39.223339,0.0,7.0500002,4.5939999,14.691
5,Canada,1900,-0.44649762,3.2258008,0.021078395,-3.7383437,-0.63135731,,32.179855,8.0812922,5.8100028,-0.15712672,-0.85148442,,,72.415619,21.564058,0.0,3.0,3.2258008,8.0812922
5,Canada,1901,-0.61434746,0.7812444,0.063139848,-3.2962358,-0.13423741,,29.978804,12.084318,5.8529353,-0.34918481,-0.9199571,,0.0,43.076683,12.004963,0.0,3.0,0.7812444,12.084318
5,Canada,1902,-0.74725509,1.5503936,0.11631453,-3.9067006,-0.1228893,,25.187567,9.8920984,5.7137241,-0.37590116,-1.1974803,,0.0,43.4799,11.060387,0.0,2.9000001,1.5503936,9.8920984
5,Canada,1903,-0.7794432,0.76335329,0.097411044,-5.3486152,-0.31504545,,24.698692,7.4030614,5.2409773,-0.53272527,-0.94833869,,0.0,49.491287,13.387331,0.0,3.0,0.76335329,7.4030614
5,Canada,1904,-0.73150855,1.5151573,0.061344814,-6.1736422,-0.64166057,,24.465086,11.661815,5.9922118,-0.49117148,-0.89035273,,0.0,76.692307,24.549276,0.0,3.2,1.5151573,11.661815
5,Canada,1905,-0.89611554,0.74627966,0.12418825,-4.0210295,-0.56762016,,22.695557,12.185495,5.7878551,-0.59477323,-1.1128436,,0.0,54.05724,16.070055,0.0,3.0999999,0.74627966,12.185495
5,Canada,1906,-0.80420506,2.2222059,0.18128683,-15.661228,-0.13109618,,19.398388,13.783551,5.4576616,-0.4834061,-1.1167819,,0.0,40.733101,9.204442,0.0,3.0999999,2.2222059,13.783551
5,Canada,1907,-0.98333836,2.8985617,0.16898727,-7.3037786,-0.43271375,,18.747829,-4.1387753,3.805711,-0.61265987,-1.3222874,,0.0,34.413788,7.2849722,0.0,3.2,2.8985617,-4.1387753
5,Canada,1908,-0.91581219,2.1126761,0.067902863,-9.7730026,-0.64240474,,22.856451,9.6478071,6.807302,-0.55717951,-1.2154751,,0.0,32.829559,7.743196,0.0,3.3,2.1126761,9.6478071
5,Canada,1909,-0.7981528,2.0689504,0.12300723,-5.543942,-0.38988307,,20.997662,19.877346,7.2587938,-0.48639864,-1.1200496,,0.0,30.923229,6.8497052,0.0,3.5,2.0689504,19.877346
5,Canada,1910,-0.76723874,2.702713,0.15791713,-4.7580824,-0.41281849,,19.23077,8.6141615,5.7047262,-0.54285747,-0.923002,,0.0,30.885345,5.9697962,0.0,3.5,2.702713,8.6141615
5,Canada,1911,-0.49284631,2.6315744,0.17365775,-3.866905,-0.41616362,,20.73258,11.809509,5.5016646,-0.38028869,-0.54813629,,0.0,52.696037,13.152569,0.0,3.5,2.6315744,11.809509
5,Canada,1912,-0.72445738,4.4871893,0.19226088,2.3327224,0.12622131,,18.445005,7.9859715,5.4991541,-0.42703146,-1.0252937,,0.0,53.76284,12.992424,0.0,3.5999999,4.4871893,7.9859715
5,Canada,1913,-0.59324157,3.0674758,0.18831849,0.85250735,-0.46836996,,20.742975,4.3283339,5.4481769,-0.3081781,-0.95399988,,0.010001659,49.213394,11.486273,0.0,4.0999999,3.0674758,4.3283339
5,Canada,1914,1.6639794,0.60606384,0.069010176,-2.4884012,-0.55056942,,30.629747,1.2047156,7.6060867,1.6166308,1.309364,,-0.089994013,199.27412,67.208496,0.0,3.9000001,0.60606384,1.2047156
5,Canada,1915,1.6020675,1.8072256,0.099571124,10.380027,-0.20431043,2.6247849,36.227032,12.805456,9.2278681,2.0147471,0.20708023,,0.47038278,269.59604,88.558014,0.0,3.8,1.8072256,12.805456
5,Canada,1916,1.3098911,8.28403,0.17298834,28.277433,0.5463466,6.2009711,43.482285,12.800639,10.475844,1.6869683,-0.016707771,,-0.20919514,260.30356,76.303528,0.0,4.3000002,8.28403,12.800639
5,Canada,1917,2.7593172,18.397123,0.18596342,30.310472,0.8967607,9.2973957,46.869911,20.289951,12.480438,3.1636066,0.83669144,,0.0,296.97101,90.057793,0.0,4.9000001,18.397123,20.289951
5,Canada,1918,2.8927488,13.076889,0.088283233,15.507515,0.83004636,9.2622509,61.903088,6.5215025,13.532129,3.3524129,0.29869008,,1.4074742,331.62021,103.69961,0.0,5.4000001,13.076889,6.5215025
5,Canada,1919,0.50754064,9.9320078,-0.031119203,15.448207,0.27542022,10.615056,68.187019,8.7005615,15.960188,0.54723847,0.23562601,,1.9490056,166.6438,49.860641,0.0,5.5,9.9320078,8.7005615
5,Canada,1920,-0.49347386,16.296928,-0.090922184,16.905323,0.38269418,0.23849744,58.388824,5.2398262,14.641486,-0.28141627,-0.77112406,,8.5932207,102.06319,26.549858,0.0,5.77,16.296928,5.2398262
5,Canada,1921,-0.66559696,-12.105649,-0.25065586,2.1446245,-0.5408864,0.28168195,74.083168,-7.9151106,13.215897,-0.37810132,-1.0061339,,-0.73796988,72.843681,19.152586,0.0,5.8800001,-12.105649,-7.9151106
5,Canada,1922,-0.74835742,-7.8464108,-0.14824708,1.8162857,-0.084172726,0.241238,75.556816,-3.6199329,10.947907,-0.39337036,-1.1514581,,-9.0469322,64.923538,14.866275,0.0,5.3400002,-7.8464108,-3.6199329
5,Canada,1923,-0.74403375,0.0,-0.12091458,5.6853209,0.28966856,0.29943284,70.66494,0.9551754,9.5435762,-0.40881303,-1.1475275,,0.41362828,58.87146,15.650118,0.0,5.0500002,0.0,0.9551754
5,Canada,1924,-0.76753443,-1.9021739,-0.14038597,4.6759772,-0.34256318,0.28961632,72.464737,3.3393002,8.2325268,-0.45881128,-1.1233314,,-0.67674303,49.706013,11.446423,0.0,4.9000001,-1.9021739,3.3393002
5,Canada,1925,-0.7997508,1.2003694,-0.072720312,7.0377407,-0.38027871,0.26113191,64.855774,4.3273377,7.0293756,-0.41999212,-1.1757973,,-1.2343171,45.767529,11.524795,0.0,4.8099999,1.2003694,4.3273377
5,Canada,1926,-0.90126687,0.729927,-0.056975495,7.0920863,-0.35131845,0.27088681,62.903225,3.8437424,6.6448174,-0.54035294,-1.2431509,,-0.039992679,37.680462,9.4397116,0.0,4.8400002,0.729927,3.8437424
5,Canada,1927,-0.78638548,-1.4492754,-0.001781402,6.0093565,-0.74397647,0.30117372,57.777378,6.8448396,6.4477024,-0.4632313,-1.1031984,,0.020001357,45.88192,11.76101,0.0,4.6500001,-1.4492754,6.8448396
5,Canada,1928,-0.80401903,0.7352941,0.043296408,7.4745746,-0.66885704,0.31212395,53.173553,3.4956141,6.2588172,-0.47524002,-1.1100301,,0.090003014,37.190571,8.9155989,0.0,4.48,0.7352941,3.4956141
5,Canada,1929,-0.69780767,1.0036496,0.002814431,4.7692432,-0.33957994,0.34576258,53.200848,-2.0952108,6.3333759,-0.4357532,-0.98170185,,0.66938949,40.538773,10.556001,0.0,4.9299998,1.0036496,-2.0952108
5,Canada,1930,-0.79531509,-0.9936766,-0.068550088,-3.8297672,-0.46400738,0.39672887,60.786713,-4.8180861,6.8737106,-0.47322583,-1.1065831,,-0.59546673,42.976971,10.695796,0.0,4.73,-0.9936766,-4.8180861
5,Canada,1931,-0.81324595,-9.8540144,-0.27190211,-11.950059,-0.57774109,0.40420017,79.607925,-5.4888272,9.3758669,-0.51461267,-1.0825611,,3.6441669,44.57341,11.232918,0.0,4.6500001,-9.8540144,-5.4888272
5,Canada,1932,-0.79268175,-9.4129553,-0.37827924,-13.281864,-0.6813693,0.35731119,102.30729,-3.7746596,11.82369,-0.5305804,-1.0023893,,9.3536291,59.718971,16.094488,0.0,5.1399999,-9.4129553,-3.7746596
5,Canada,1933,-0.81453133,-4.357542,-0.48358223,-10.902978,-0.61460161,0.53629196,117.86942,1.2665218,15.227978,-0.60400003,-0.93853146,,-4.2107172,52.87656,13.71905,0.0,4.5500002,-4.357542,1.2665218
5,Canada,1934,-0.71975195,1.1682243,-0.4124597,-7.5975947,0.12945053,0.32279536,108.28924,5.8732462,11.790591,-0.44270527,-0.98268145,2.5,-8.9571409,52.097977,11.880619,0.0,3.9100001,1.1682243,5.8732462
5,Canada,1935,-0.34146485,0.46189377,-0.36424223,-6.8904266,-0.44617966,0.58234555,105.16159,7.9063153,11.113805,-0.53451413,0.12738039,1.5,1.5252527,82.748703,24.42452,0.0,3.3900001,0.46189377,7.9063153
5,Canada,1936,-0.59239566,2.0689654,-0.34099454,-1.6450645,-0.048968926,0.53488147,98.42469,5.075285,11.492999,-0.4412367,-0.64308667,0.85000002,-0.44771978,91.402847,28.139128,0.0,2.97,2.0689654,5.075285
5,Canada,1937,-0.33712479,3.6036036,-0.27947009,-0.92616707,-0.080787301,0.61845934,87.941231,3.8345811,10.150838,-0.17365147,-0.51603693,0.72000003,-0.069957718,87.478371,28.155577,0.0,3.1700001,3.6036036,3.8345811
5,Canada,1938,0.28465936,0.54347825,-0.28314781,-7.8111997,-0.64697951,0.67338347,90.838394,4.7063279,10.136724,-0.041163076,0.7647692,0.58999997,0.57005626,102.05727,34.831966,0.0,3.0899999,0.54347825,4.7063279
5,Canada,1939,2.6889918,-0.75675678,-0.2551764,-6.4570417,-0.24766493,2.3270719,90.980255,11.453801,9.8392296,1.9711556,3.611352,0.70999998,3.1225104,191.01532,68.534187,1.554783,3.1600001,-0.75675678,11.453801
5,Canada,1940,3.0824821,4.2483659,-0.15638648,-1.7365417,0.31170875,12.766531,91.002533,3.3012877,10.290389,2.9057336,2.4600308,0.69999999,6.557385,200.07191,74.651047,1.3634197,3.28,4.2483659,3.3012877
5,Canada,1941,2.1815045,5.9561129,-0.056460205,2.4133878,2.0804195,14.356327,91.58416,11.228623,15.088161,2.3963008,1.1210153,0.57999998,0.0,241.92404,81.286133,0.0,3.0999999,5.9561129,11.228623
5,Canada,1942,1.9535143,4.6351085,0.074262895,4.8031373,3.8781159,25.104694,93.735992,13.126256,18.364014,2.2021387,0.33754075,0.54000002,0.0,306.14059,89.555107,0.0,3.0599999,4.6351085,13.126256
5,Canada,1943,3.3318541,2.1677663,0.086595729,9.1647854,4.0918169,38.580154,113.59812,15.877682,39.691704,3.871913,0.41506335,0.47999999,0.0,344.39383,101.91901,0.0,3.01,2.1677663,15.877682
5,Canada,1944,4.7008595,0.64575648,0.091289923,10.865611,1.9444441,33.940529,131.70999,18.873491,44.921112,5.5960526,0.46809721,0.38999999,0.0,376.73724,114.13204,0.0,2.99,0.64575648,18.873491
5,Canada,1945,2.8765857,0.64161319,0.029037911,6.5558605,3.1637616,24.692429,155.46658,13.318183,44.218258,2.5471354,2.1650832,0.37,-0.045245588,240.73561,74.809471,0.0,2.9300001,0.64161319,13.318183
5,Canada,1946,0.83340919,3.0965393,-0.019411515,0.19928172,3.1911323,14.002956,153.78207,14.993978,43.216057,-0.043355491,2.0411835,0.38999999,-9.2349472,122.23141,36.379154,0.0,2.6099999,3.0965393,14.993978
5,Canada,1947,-0.09696468,9.010601,-0.016782328,5.7260547,2.8934112,3.1116302,131.61137,3.9096327,19.551901,-0.2208906,0.047242563,0.41,0.0,99.266258,26.029005,0.0,2.5599999,9.010601,3.9096327
5,Canada,1948,0.16975223,14.262561,-0.039782126,1.9755887,1.2176645,1.2612678,112.96667,7.5127311,13.812447,-0.32841042,0.90912825,0.41,0.0,114.34803,31.923431,0.0,2.9266667,14.262561,7.5127311
5,Canada,1949,0.56351191,3.4751773,-0.059724864,-1.005856,0.041700888,2.3222919,103.30952,5.3296771,12.543334,-0.11626624,1.537171,0.49000001,2.8229353,83.723862,22.482819,0.0,2.8733332,3.4751773,5.3296771
5,Canada,1950,0.84973943,2.6730638,-0.047809098,-1.1480658,0.22888096,2.4274509,89.434845,5.3769526,13.490932,0.25832984,1.5366282,0.54833335,1.7371042,142.74683,42.297508,0.0,2.8575001,2.6730638,5.3769526
5,Canada,1951,1.1354727,10.547397,-0.034926251,2.2239318,1.0410382,4.6622534,77.99025,2.1365225,13.970089,0.84035236,1.7712187,0.79000002,0.3937169,154.43521,48.066689,0.0,3.2325001,10.547397,2.1365225
5,Canada,1952,0.1496743,2.5966184,-0.015704749,-1.1791546,0.67966956,6.7987685,71.399475,6.7850089,14.830652,0.069869213,0.27588999,1.0666667,-7.0270286,105.07939,31.170383,0.0,3.5633333,2.5966184,6.7850089
5,Canada,1953,-0.087196693,-1.0005885,-0.016354188,-2.7132211,-0.28525391,7.3735557,68.482742,1.2322576,16.432186,-0.12287335,-0.010474003,1.7091666,0.46197236,101.92927,31.532331,0.0,3.7049999,-1.0005885,1.2322576
5,Canada,1954,0.13499334,0.65398335,-0.072453767,-5.3402729,-0.62388051,6.8627267,69.588356,8.4818869,16.397882,-0.31784469,0.85127032,1.4258333,-1.0467032,91.05645,27.63574,0.0,3.1758332,0.65398335,8.4818869
5,Canada,1955,0.10866083,0.17720024,-0.029085539,-4.6458669,-0.46756354,6.1777778,67.732185,6.996582,14.097482,-0.30504,0.86682725,1.6158333,1.3462423,89.117783,25.902699,0.0,3.1891668,0.17720024,6.996582
5,Canada,1956,0.48747453,1.356132,0.004637287,-3.1824732,-0.10315911,5.6858244,59.526234,3.1833847,13.373189,-0.088262968,1.3642381,2.925,-0.21771042,101.25542,33.798119,0.0,3.6058333,1.356132,3.1833847
5,Canada,1957,1.0861102,3.3158813,-0.020377109,-5.1754003,-0.31606808,5.3493195,58.73901,2.8550024,14.068632,-0.38101584,3.2351711,3.76,-2.5894415,99.325577,30.879639,0.0,4.125,3.3158813,2.8550024
5,Canada,1958,0.36681136,2.3648648,-0.048639897,-8.1406651,-0.66280043,4.9377961,64.307915,12.214022,14.254843,-0.19662715,1.2411958,2.2541666,1.2535559,115.22129,31.674002,0.0,4.1158333,2.3648648,12.214022
5,Canada,1959,-0.27015159,1.210121,-0.051890139,-8.090971,-0.54469359,4.3997679,65.407669,-1.0643705,14.161733,-0.36759335,-0.01033724,4.8099999,-1.2120714,82.10849,22.002224,0.0,5.0483332,1.210121,-1.0643705
5,Canada,1960,0.13892905,1.3586956,-0.062917061,-8.8393412,-0.66540301,4.1852565,66.120247,4.3088183,15.103427,-0.39234096,1.0203761,3.2016666,1.1086667,86.417786,22.988979,0.0,5.1883335,1.3586956,4.3088183
5,Canada,1961,0.40328664,1.0187668,-0.073571749,-8.9586086,-0.4581109,4.1283121,68.65387,8.8080387,16.636974,-0.087595597,1.0631518,2.8116667,4.4406257,126.08382,34.025002,0.0,5.0583334,1.0187668,8.8080387
5,Canada,1962,0.10321176,1.0615711,-0.044290796,-9.4264078,-0.56864357,3.9992163,67.92083,4.1864581,15.127903,-0.48870057,1.0294,4.0524998,5.5649309,124.72618,32.644691,0.0,5.0991669,1.0615711,4.1864581
5,Canada,1963,0.62985802,1.6281513,-0.033346795,-9.7847128,-0.24114126,3.6206501,66.633316,12.14629,14.425378,-0.34489059,2.1089652,3.5616667,0.91351986,117.54991,29.62315,0.0,5.0908332,1.6281513,12.14629
5,Canada,1964,0.081977256,1.9121447,-0.0088641355,-8.3045235,-0.29331425,3.4020629,63.216038,10.321704,14.616778,-0.17095125,0.41511545,3.7491667,0.00065208611,90.5354,24.905209,0.0,5.1841664,1.9121447,10.321704
5,Canada,1965,-0.27857655,2.3326571,0.017622011,-8.6118345,-0.19686374,2.9302607,59.428585,10.074077,13.592249,-0.44726858,0.12819441,3.9841666,-0.056366395,99.786484,27.600166,0.0,5.1991668,2.3326571,10.074077
5,Canada,1966,-0.33632651,3.815659,0.042029683,-7.4126515,0.025087643,2.6832824,58.167336,8.009366,13.632894,-0.45346618,-0.016069163,4.9949999,-0.06772206,90.635468,26.151423,0.0,5.6849999,3.815659,8.009366
5,Canada,1967,0.011214524,3.5799522,0.034241602,-6.8149724,-0.33456299,2.7479267,58.118958,17.378124,14.546744,-0.16679332,0.45612696,4.6408334,0.12615196,112.60692,34.061852,0.0,5.8983335,3.5799522,17.378124
5,Canada,1968,-0.47060421,4.0552998,0.049992647,-5.4437971,-0.65052253,2.5436418,57.401829,12.738113,14.855732,-0.34209666,-0.58595592,6.2674999,-0.10874082,104.20105,27.031593,0.0,6.7249999,4.0552998,12.738113
5,Canada,1969,-0.42685056,4.5615587,0.067254134,-4.5271263,-0.53766286,2.2737846,55.470463,9.5267534,14.897478,-0.44341204,-0.29149294,7.1925001,-0.065156192,95.787491,25.818581,0.0,7.5583334,4.5615587,9.5267534
5,Canada,1970,-0.18837093,3.3460398,0.058992967,-5.1739612,-0.18369675,2.1889796,57.834263,9.0712404,17.149843,-0.22192161,-0.037549619,5.9908333,-3.1061208,102.82236,28.202957,0.0,7.9658332,3.3460398,9.0712404
5,Canada,1971,-0.4581376,2.7049181,0.080766395,-6.2422996,-0.51131499,2.1314857,59.003807,11.519333,18.10017,-0.40287268,-0.46438023,3.5625,-3.1993747,87.422432,23.801819,0.0,6.9450002,2.7049181,11.519333
5,Canada,1972,-0.48553389,4.9880285,0.10081326,-5.3541427,-0.27747512,2.0118184,57.778267,13.301712,18.763477,-0.33845389,-0.56406993,3.5608332,-1.8991526,87.485275,23.237492,0.0,7.2249999,4.9880285,13.301712
5,Canada,1973,-0.2663767,7.4876471,0.13791998,-3.1994901,3.3214698,1.8326018,53.335361,18.831907,18.537722,-0.16796866,-0.33168355,5.4699998,0.95938629,76.668312,23.367435,0.0,7.5283332,7.4876471,18.831907
5,Canada,1974,-0.58579719,10.997171,0.14428602,0.30266008,2.5039246,1.7838131,50.453285,16.513815,19.872904,-0.53908014,-0.47153509,7.8241668,-2.2215562,70.567474,19.74535,0.0,8.8699999,10.997171,16.513815
5,Canada,1975,-0.41940373,10.672189,0.13231368,-2.2316949,0.20608956,1.8635418,50.834946,16.278305,21.04524,-0.50705385,-0.17708561,7.395,4.0062375,79.141571,24.484085,0.0,8.9933329,10.672189,16.278305
5,Canada,1976,-0.22071752,7.5417385,0.15264164,-4.1385536,-0.21074101,1.765928,43.658665,15.535613,19.266336,-0.31264663,-0.0014411003,8.8675003,-3.0823627,69.23243,20.029911,0.0,9.229167,7.5417385,15.535613
5,Canada,1977,-0.30815732,7.9764452,0.15410811,-2.9719172,0.48574635,1.8057636,45.150166,13.362201,19.799719,-0.40730953,-0.063853137,7.3316665,7.8681097,68.475105,19.952984,0.0,8.6933336,7.9764452,13.362201
5,Canada,1978,-0.21411979,8.9737234,0.16392048,-0.22178288,-0.11688434,1.8488874,48.022659,14.003474,20.040152,-0.23834807,0.03094976,8.6758337,7.2005291,81.370934,24.327566,0.0,9.2358332,8.9737234,14.003474
5,Canada,1979,-0.39536801,9.1446772,0.17488757,2.823843,1.703378,1.7112459,45.278969,18.341772,19.31329,-0.34140629,-0.33651939,11.6875,2.7755439,86.351082,24.501137,0.0,10.179167,9.1446772,18.341772
5,Canada,1980,-0.19811749,10.183,0.15542988,3.5459688,0.17129882,1.7644486,45.631786,17.506437,20.300669,-0.45491177,0.32325843,12.793333,-0.2808907,102.05772,28.719316,0.0,12.338333,10.183,17.506437
5,Canada,1981,0.15615775,12.462,0.15380526,1.9625883,-0.11449881,1.7099156,46.932892,10.611681,20.184168,-0.20267382,0.81232142,17.719999,2.6151617,101.66919,30.308722,0.0,14.989166,12.462,10.611681
5,Canada,1982,0.0060320701,10.803,0.0910175,-3.9032958,-0.49822202,1.9543436,52.668457,7.2695274,22.591522,-0.44110063,0.76501,13.6575,2.9103386,124.11795,36.422909,0.0,14.435333,10.803,7.2695274
5,Canada,1983,-0.079149291,5.816,0.089859806,-4.1996861,-0.64856058,2.0811963,58.402573,5.7604055,22.936228,-0.38599753,0.51823813,9.3100004,-0.13081448,103.87984,29.023041,0.0,11.398583,5.816,5.7604055
5,Canada,1984,-0.50975537,4.3390002,0.11620924,1.1684226,-0.51397634,2.1171889,61.673935,8.2171717,23.517162,-0.39880881,-0.4986341,11.059167,5.0722542,88.389366,22.090769,0.0,12.710042,4.3390002,8.2171717
5,Canada,1985,-0.38377529,3.951,0.13977185,1.1230233,-0.50157654,2.0973763,66.869446,10.669106,23.901711,-0.33113655,-0.28572041,9.4300003,5.4371924,92.283493,22.409077,0.0,10.911834,3.951,10.669106
5,Canada,1986,-0.027003953,4.1739998,0.13576499,0.92512137,-0.63943142,2.1091971,70.998543,11.49873,22.557203,-0.17052189,0.4142074,8.9708338,1.7993244,91.707932,24.134897,0.0,9.1455412,4.1739998,11.49873
5,Canada,1987,-0.41717887,4.3649998,0.14280292,-1.7052819,-0.47891909,2.0625763,71.449081,8.7356873,21.744415,-0.50540876,-0.12051049,8.145833,-4.5925126,85.342255,19.816486,0.0,9.4707079,4.3649998,8.7356873
5,Canada,1988,-0.58486229,4.0310001,0.15753731,-1.6471918,-0.4371545,1.9867672,71.083549,12.953113,21.495819,-0.46973556,-0.58924478,9.4825001,-7.1853437,72.833328,15.571918,0.0,9.8309164,4.0310001,12.953113
5,Canada,1989,-0.59647149,4.9840002,0.14378288,-3.3986056,-0.34360158,1.9346143,72.247086,14.252927,21.333454,-0.51104504,-0.54754525,12.054167,-3.7822149,81.248924,17.054935,0.0,9.7822533,4.9840002,14.252927
5,Canada,1990,0.047202229,4.7800002,0.111537,-3.934526,-0.18901578,1.9587938,75.189911,8.2294674,22.525633,-0.33795679,0.80505514,12.808333,-1.4472892,100.47716,25.96759,0.0,10.727077,4.7800002,8.2294674
5,Canada,1991,-0.20891128,5.6259999,0.05847175,-5.1789484,-0.28562853,1.8954444,82.339539,4.6570153,23.598799,-0.20742044,0.035282604,8.7266665,-1.8256596,115.19403,27.245665,0.0,9.4559259,5.6259999,4.6570153
5,Canada,1992,-0.3570708,1.49,0.033026636,-2.1478758,-0.61321604,1.8616877,90.231552,3.3542709,23.557142,-0.46491644,0.006334567,6.585,5.5176206,75.940979,17.827368,0.0,8.0612326,1.49,3.3542709
5,Canada,1993,0.33927333,1.865,0.022562131,2.8706937,-0.57807863,1.8217535,96.323761,2.6933005,23.048122,-0.16103683,1.3562827,4.8433332,6.7677679,86.624359,19.127428,0.0,7.2450705,1.865,2.6933005
5,Canada,1994,-0.004889993,0.16599999,0.037975401,8.5067568,-0.57965523,1.6966803,97.961792,2.5730665,21.545584,-0.29655865,0.6400457,5.5383334,5.8090863,88.633369,19.804605,0.0,8.3648682,0.16599999,2.5730665
5,Canada,1995,-0.54549742,2.1489999,0.033495795,12.661316,-0.65517509,1.55409,101.60101,4.4626174,21.160841,-0.43525323,-0.38536078,6.8924999,0.504632,75.088799,15.333929,0.0,8.1617918,2.1489999,4.4626174
5,Canada,1996,-0.62945521,1.571,0.017428389,13.333378,-0.55333775,1.4037526,101.71928,1.5713195,19.824757,-0.51625746,-0.61021405,4.2066665,-0.6430099,61.413044,12.24697,0.0,7.2299151,1.571,1.5713195
5,Canada,1997,-0.60922229,1.6210001,0.02847424,16.873926,-0.70116305,1.2462432,96.317909,-0.73268986,17.936634,-0.35642198,-0.78233677,3.2583334,1.5007881,39.673115,10.005726,0.0,6.1430726,1.6210001,-0.73268986
5,Canada,1998,-0.62813962,0.99599999,0.038046483,20.070976,-0.53341693,1.2562939,95.164558,0.67235541,17.70606,-0.54171628,-0.53331202,4.7308335,7.2091026,51.792046,13.517566,0.0,5.2790532,0.99599999,0.67235541
5,Canada,1999,-0.45937648,1.735,0.062150631,21.547518,-0.65085226,1.241703,91.369148,5.6236138,17.449181,-0.33752027,-0.38618511,4.7197499,0.12453862,58.142807,15.278997,0.0,5.5411019,1.735,5.6236138
5,Canada,2000,-0.60993689,2.7190001,0.083191879,23.629559,-0.46892241,1.1143498,82.126869,6.9534855,16.601557,-0.50678545,-0.58150768,5.4898334,-0.033250295,45.607391,10.469934,0.0,5.9254117,2.7190001,6.9534855
5,Canada,2001,0.093721598,2.5250001,0.070859589,18.630095,-0.13102007,1.1333563,82.659142,5.8598528,16.422625,0.32535943,-0.097421467,3.7685833,4.2294817,111.46019,23.142897,0.0,5.4802723,2.5250001,5.8598528
5,Canada,2002,0.019451953,2.2579999,0.071512341,15.404125,-0.64719278,1.1168691,80.553993,5.5684309,15.739293,0.18062918,-0.074963689,2.5857501,1.410181,111.12048,23.682697,0.0,5.2909069,2.2579999,5.5684309
5,Canada,2003,0.27592161,2.7590001,0.061861899,8.9376478,-0.58092195,1.1119373,76.561829,6.1673908,15.839129,0.29849687,0.33903596,2.8700833,-10.741884,135.32417,30.954847,0.0,4.8105445,2.7590001,6.1673908
5,Canada,2004,-0.08268775,1.857,0.059615124,8.6796751,-0.62401569,1.1041894,72.600716,6.4261518,15.097876,0.10952691,-0.27853829,2.2199166,-7.1318021,110.70305,22.855148,0.0,4.5796065,1.857,6.4261518
5,Canada,2005,-0.50765288,2.214,0.058728106,7.6261945,-0.53389472,1.1071054,71.608154,6.0025949,15.745327,-0.26319423,-0.75539035,2.7260833,-6.8596148,83.537979,17.637247,0.0,4.0669293,2.214,6.0025949
5,Canada,2006,-0.092688099,2.0020001,0.054798685,5.2882075,-0.57528025,1.1225247,70.255272,9.2924862,14.934145,0.20851025,-0.53075957,4.0341668,-6.4239907,86.026413,20.205923,0.0,4.2077599,2.0020001,9.2924862
5,Canada,2007,-0.55730343,2.138,0.045551397,2.8777127,-0.49395767,1.1857902,66.518257,6.8789163,14.855409,-0.28410631,-0.85749519,4.1516666,-5.3386998,84.868973,17.268053,0.0,4.2697673,2.138,6.8789163
5,Canada,2008,-0.55355018,2.3699999,0.024783544,2.966723,-0.39694813,1.2455183,71.114082,13.867847,14.752018,-0.30858284,-0.77645081,2.3900001,-0.72426754,71.192848,15.596538,0.0,3.6053023,2.3699999,13.867847
5,Canada,2009,-0.42757541,0.29899999,-0.036082204,-6.2457786,-0.7655313,1.3775556,83.301407,9.2024956,16.490765,-0.20646657,-0.64669615,0.69382238,6.9821372,69.581642,16.232647,0.0,3.230619,0.29899999,9.2024956
5,Canada,2010,-0.32953355,1.777,-0.036591996,-5.1847806,-0.7076934,1.1943383,83.953178,5.4806905,16.792494,-0.22306502,-0.31290436,0.77585983,-9.674139,73.838913,18.114971,0.0,3.2351401,1.777,5.4806905
5,Canada,2011,-0.39330941,2.9119999,-0.035293322,-3.5772872,-0.48493513,1.1932919,81.777931,6.4304709,15.533383,-0.27417395,-0.38467082,1.169322,-3.951052,75.721146,18.458513,0.0,2.7830362,2.9119999,6.4304709
5,Canada,2012,-0.77667731,1.516,-0.048564591,-4.1742988,-0.59690267,1.1184046,85.40522,5.4938364,15.095713,-0.5112347,-0.92628759,1.1598618,1.0591764,69.216782,17.767469,0.0,1.8734101,1.516,5.4938364
5,Canada,2013,-0.60374129,0.93800002,-0.055946145,-5.2438159,-0.60650414,1.0023673,86.129089,6.8994451,14.549319,-0.37347648,-0.7284686,1.1644243,3.0459905,70.025406,17.217752,0.0,2.2619588,0.93800002,6.8994451
5,Canada,2014,-0.36688083,1.9069999,-0.057471368,-3.8108368,-0.47538802,0.98992532,85.579414,4.7624698,13.5825,-0.29903054,-0.1669849,1.1729783,7.1899385,80.853844,22.400988,0.0,2.2308302,1.9069999,4.7624698
5,Canada,2015,-0.47189057,1.125,-0.078437425,-2.7503579,-0.50276273,1.1527094,91.192307,6.0366454,14.217854,-0.29808754,-0.60338646,0.82264698,15.83402,94.918381,24.744198,0.0,1.5216945,1.125,6.0366454
5,Canada,2016,-0.36671031,1.429,-0.099263474,-4.2873888,-0.6585077,1.1641616,91.732605,8.6250763,14.749387,-0.1545746,-0.50196087,0.81637806,3.5728772,84.358536,23.18548,0.0,1.2517576,1.429,8.6250763
5,Canada,2017,-0.32571718,1.597,-0.10117453,-5.2969217,-0.487223,1.3518964,88.84124,5.8491788,14.874236,-0.25679925,-0.26084283,1.0613568,-2.0162833,86.290787,26.651562,0.0,1.7836521,1.597,5.8491788
5,Canada,2018,0.064383797,2.2679999,-0.10829186,-4.5549579,-0.13278991,1.3176781,88.831856,5.2151766,14.959788,-0.18483773,0.69936198,1.7906027,-0.184044,67.708572,21.928171,0.0,2.2779121,2.2679999,5.2151766
5,Canada,2019,0.012711316,1.949,-0.12385083,-5.7514997,0.056103062,1.2845123,86.820557,7.7005329,15.2791,-0.267739,0.47309014,1.8903105,2.4100294,69.926216,23.276436,0.0,1.5888826,1.949,7.7005329
5,Canada,2020,-0.19641869,0.71700001,-0.20623729,-11.543541,0.050971981,1.3939934,117.45953,17.813459,26.085026,-0.48488191,0.25878611,0.63545507,1.0354722,66.154915,18.597187,0.0,0.75310868,0.71700001,17.813459
5,Canada,2021,-0.38457793,3.395,-0.17382298,-11.24209,1.1688522,1.2542008,70.550003,20.65633,19.194025,-0.47922406,-0.095100105,0.20924556,-6.4860497,58.633369,17.578997,0.0,1.3588111,3.395,20.65633
5,Canada,2022,1.1152761,6.7789998,-0.17067474,-6.9701452,2.2700922,1.1671326,60.610001,4.3388872,14.357025,0.13094886,2.9811151,2.5579967,3.8376942,112.93623,49.699127,1.0319617,2.7685795,6.7789998,4.3388872
5,Canada,2023,0.48336491,3.885,-0.20440097,-8.4657001,0.75331372,1.2531657,61.34,-5.4597702,15.819025,0.22101291,1.2142015,5.0214586,3.6954007,99.392548,38.974579,0.0,3.3606393,3.885,-5.4597702
6,Chile,1900,-0.43406877,7.7586207,-0.17807896,-2.696799,-0.78880012,1.4255325,26.344,,11.63,-0.40089676,-0.4087576,7.0,,72.415619,21.734308,0.0,5.8000002,7.7586207,
6,Chile,1901,0.30334076,-1.3957447,-0.11467391,-4.3478713,-0.29314807,1.7101041,26.3955,-2.5942118,13.38,-0.2196957,0.71560222,8.0,5.387207,43.076683,12.078839,0.0,5.8000002,-1.3957447,-2.5942118
6,Chile,1902,-0.69206733,0.65596408,-0.079839535,-2.4312222,-0.75249559,1.9946758,24.745399,2.1897845,12.71,-0.58964241,-0.55125999,8.0,4.4728403,43.4799,11.152666,0.0,5.6700001,0.65596408,2.1897845
6,Chile,1903,-0.58484417,5.4707599,-0.2021798,-0.98471278,-0.56979883,1.9316676,27.646601,2.27439,11.74,-0.51506394,-0.4523246,8.0,-8.2568798,49.491287,13.46318,0.0,5.7399998,5.4707599,2.27439
6,Chile,1904,-0.51260889,-7.2520328,-0.11436297,-1.6331829,-0.70351648,1.9367373,23.2153,11.496134,12.61,-0.25849253,-0.61295706,8.0,0.666664,76.692307,24.635687,0.0,5.5100002,-7.2520328,11.496134
6,Chile,1905,-0.369075,4.4530153,-0.14251608,0.46791479,-0.4409332,1.9418072,26.9011,39.822723,12.05,-0.55009353,0.051634096,7.0,5.6291437,54.05724,16.096716,0.0,5.3899999,4.4530153,39.822723
6,Chile,1906,-0.9650774,5.270225,-0.073649555,-3.241303,-0.4693262,2.1303961,30.7208,22.772533,14.52,-0.5535022,-1.1215237,8.0,9.7178688,40.733101,9.2954006,0.0,5.5799999,5.270225,22.772533
6,Chile,1907,-1.0959312,9.0720663,-0.010011843,-1.9471799,-0.7270866,2.295893,29.8501,11.321732,14.41,-0.72487807,-1.1550486,9.0,11.999998,34.413788,7.3281236,0.0,5.6700001,9.0720663,11.321732
6,Chile,1908,-0.91001058,15.275544,0.060844898,0.648444,-0.89431942,1.0299474,26.3552,-1.0484335,11.53,-0.45944133,-1.2204558,9.0,31.122448,32.829559,7.7961774,0.0,7.1399999,15.275544,-1.0484335
6,Chile,1909,-0.52367741,29.178291,0.0023132567,-2.1058781,-0.84944332,3.2573793,26.583599,-2.6886611,11.91,-0.37250811,-0.58934319,9.0,-10.700389,30.923229,6.9160733,0.0,6.5100002,29.178291,-2.6886611
6,Chile,1910,-0.70944017,-3.8087759,0.078278258,-2.4177349,-0.72743589,2.2612336,24.881599,15.911294,12.81,-0.34975666,-0.93603313,9.0,0.65358961,30.885345,6.0569091,0.0,6.4000001,-3.8087759,15.911294
6,Chile,1911,-0.96033674,2.2961526,0.056866147,-3.3808224,-0.73072803,2.5538003,31.987499,9.5606699,13.23,-0.72017056,-0.85564202,9.0,1.2987012,52.696037,13.339979,0.0,6.3099999,2.2961526,9.5606699
6,Chile,1912,-1.0803257,0.5586592,0.09947677,-2.5290995,-0.55330545,2.8533123,29.9519,-8.6931934,14.86,-0.64504099,-1.21614,9.0,5.3418813,53.76284,13.115071,0.0,6.75,0.5586592,-8.6931934
6,Chile,1913,-0.94972742,7.6190476,0.088021882,-2.6502247,-0.69078952,2.939815,27.2327,-1.3143905,12.32,-0.71437538,-0.99138296,9.0,3.8539565,49.213394,11.641855,0.0,7.1500001,7.6190476,-1.3143905
6,Chile,1914,3.7487717,11.04351,0.008382801,-5.39254,-0.68761933,2.1704817,32.7215,-0.42853019,11.89,3.8521261,2.7627308,9.0,12.109377,199.27412,67.7836,3.8067517,7.4000001,11.04351,-0.42853019
6,Chile,1915,2.9159746,16.269629,-0.032901451,-2.9364467,-0.044566281,1.6954337,30.3403,0.8239966,10.05,2.8955843,2.168478,9.0,5.7491322,269.59604,89.163826,0.0,7.9000001,16.269629,0.8239966
6,Chile,1916,1.1306207,-5.0464458,0.032789804,-1.6144601,0.11896025,1.5107616,24.059299,5.2516003,7.9099998,1.4793609,0.28117365,9.0,-11.532128,260.30356,76.925636,0.0,7.0500002,-5.0464458,5.2516003
6,Chile,1917,2.3130131,1.8524942,0.075275257,-5.3864079,0.55540174,1.2027055,18.0378,8.7696028,6.8400002,3.0455203,1.2351692,9.0,-19.706533,296.97101,91.059311,0.0,6.9000001,1.8524942,8.7696028
6,Chile,1918,0.22754417,-1.4168937,0.087968111,1.5156394,1.802368,0.89464933,15.2939,34.206116,6.79,1.0467224,-0.88270926,8.0,58.968063,331.62021,104.86765,0.0,,-1.4168937,34.206116
6,Chile,1919,0.26604989,22.692095,-0.054891471,-10.096807,0.084932029,1.2395275,20.6273,14.226603,7.3200002,0.30787191,0.46162778,8.0,-19.474495,166.6438,50.285313,0.0,,22.692095,14.226603
6,Chile,1920,0.30477715,14.569723,0.0061776112,5.10185,-0.020851905,1.0540022,17.891399,4.930819,8.7600002,-0.12697984,0.53255576,8.8000002,9.9808016,102.06319,26.661203,0.0,,14.569723,4.930819
6,Chile,1921,-0.47759366,-1.7106621,-0.02383879,5.6856604,-0.20388111,3.2724464,35.9902,0.8591128,11.0,-0.019032829,-0.85232764,9.0,54.275749,72.843681,19.257374,0.0,,-1.7106621,0.8591128
6,Chile,1922,-0.74002796,4.1210303,-0.051538765,4.5619159,-0.39653209,2.0234842,35.173199,2.9432235,10.76,-0.5555442,-0.75232738,9.0,-4.8642535,64.923538,14.961089,0.0,,4.1210303,2.9432235
6,Chile,1923,-0.078743204,2.2863731,0.054800376,9.1351452,-0.11209533,1.5523653,26.503401,3.6472912,9.54,-0.074538551,-0.26044494,9.0,-2.3781283,58.87146,15.706616,0.0,,2.2863731,3.6472912
6,Chile,1924,-0.86845291,4.6301947,0.092205264,14.806137,-0.31490064,1.5613104,26.5047,0.27924684,9.6499996,-0.43012637,-1.0602633,9.0,13.154699,49.706013,11.54298,0.0,,4.6301947,0.27924684
6,Chile,1925,-0.43882388,7.7106056,0.094602153,6.4827089,-0.55958486,1.4277704,21.505699,4.5239258,10.68,-0.17167397,-0.63461459,9.0,-7.9655547,45.767529,11.585577,0.0,,7.7106056,4.5239258
6,Chile,1926,-0.69720483,-4.5460229,0.08938963,8.1087265,-0.41469353,2.3416107,28.126101,-6.6437874,14.04,-0.51469916,-0.73852396,7.5,-4.6783652,37.680462,9.4844494,0.0,,-4.5460229,-6.6437874
6,Chile,1927,-0.50217807,1.2179152,0.038221158,10.78382,-0.7300204,2.5144727,29.0049,-3.9694049,13.21,-0.41350815,-0.53091174,6.5,1.4723924,45.88192,11.829744,0.0,,1.2179152,-3.9694049
6,Chile,1928,-0.03793519,0.44852719,0.14260907,8.7972565,-0.57524073,2.0260279,29.051201,19.288031,11.76,0.1223674,0.079674512,6.0,-0.60459387,37.190571,8.9510136,0.0,,0.44852719,19.288031
6,Chile,1929,-0.63147414,7.3970699,0.1911896,6.4396815,-0.36501417,1.9296532,28.8339,-3.0325434,11.0,-0.4816609,-0.57374507,6.0,0.36496061,40.538773,10.660009,0.0,,7.3970699,-3.0325434
6,Chile,1930,-0.44424763,-5.1765227,0.089451693,3.2503226,-0.66399866,2.3876829,42.722198,-8.6931934,13.89,0.00078185293,-0.76520979,7.0,0.1212074,42.976971,10.758282,0.0,7.79,-5.1765227,-8.6931934
6,Chile,1931,0.015740704,0.0,-0.14340432,1.5767933,-0.82216704,2.5223668,97.400002,-8.6931934,16.549999,0.55677766,-0.34722024,6.0,14.406783,44.57341,11.262246,0.0,11.82,0.0,-8.6931934
6,Chile,1932,2.0124087,23.640932,-0.28927267,-7.1561203,0.11175128,3.2571132,207.647,38.639603,9.6499996,1.6634177,2.1366086,4.5,78.861542,59.718971,16.010464,2.1652529,11.42,23.640932,38.639603
6,Chile,1933,1.3565677,4.4152966,-0.13381763,-4.7519617,-0.59476757,1.4606209,147.226,14.938773,11.77,1.7203679,1.1859492,4.5,-5.7617755,52.87656,13.667568,0.0,7.8499999,4.4152966,14.938773
6,Chile,1934,0.79308355,4.2285914,-0.028980335,-2.827903,-0.34136635,0.97870576,87.718803,13.87649,10.44,0.23250665,1.2380946,4.5,-19.706533,52.097977,11.892378,0.0,7.5300002,4.2285914,13.87649
6,Chile,1935,0.30299628,-1.3580028,-0.021817701,17.073915,-0.57374424,2.6066031,80.688004,11.254642,12.99,0.011796728,0.67505664,4.5,1.3338768,82.748703,24.5832,0.0,7.48,-1.3580028,11.254642
6,Chile,1936,1.0013174,12.338668,-0.0014219303,14.545571,-0.54893893,2.2652574,66.991203,7.1415224,12.58,0.36160427,1.728637,5.0,11.08895,91.402847,28.177965,0.0,8.2600002,12.338668,7.1415224
6,Chile,1937,-0.48693773,9.7579651,0.067604743,14.456073,-0.34338096,1.9041562,56.392799,-3.0132596,11.49,-0.48292944,-0.27838275,7.8400002,-6.2477531,87.478371,28.362978,0.0,8.5799999,9.7579651,-3.0132596
6,Chile,1938,0.26151705,2.2191215,0.083808541,11.196545,-0.73702884,2.2123303,50.492699,0.74961978,13.22,0.0043857833,0.59582061,8.1899996,3.9448483,102.05727,35.187664,0.0,8.4300003,2.2191215,0.74961978
6,Chile,1939,2.3152461,7.6051335,0.054574959,9.2538948,0.18890339,2.1911008,44.476898,15.376985,13.75,2.310066,1.59284,8.3400002,-19.706533,191.01532,69.513718,0.0,9.0299997,7.6051335,15.376985
6,Chile,1940,1.4056927,9.0978298,0.073124699,4.753211,-0.10888772,3.2760873,40.390499,19.432505,12.43,1.9491913,0.48700777,8.3599997,0.10346502,200.07191,75.807381,0.0,9.2799997,9.0978298,19.432505
6,Chile,1941,2.1950421,23.144918,0.034665413,3.0854039,2.7184148,3.1206965,37.002602,22.570202,14.13,3.2439799,0.36178374,8.4099998,0.051683739,241.92404,82.115204,0.0,9.2799997,23.144918,22.570202
6,Chile,1942,3.5823405,25.519457,0.045291219,10.397912,2.9922557,4.0091906,28.4494,20.205578,12.7,5.2273674,0.40031019,8.8500004,0.051647648,306.14059,90.230148,0.0,8.9399996,25.519457,20.205578
6,Chile,1943,0.74505597,7.8254323,0.036682557,5.8957367,2.7992616,5.2060943,26.8822,25.629116,15.89,1.5645528,-0.47126508,8.8999996,0.0,344.39383,103.19244,0.0,8.4099998,7.8254323,25.629116
6,Chile,1944,0.31697962,15.003489,0.019798098,8.1151638,0.42770046,5.442637,24.9235,16.005449,14.59,0.39165193,0.14272192,9.0200005,0.0,376.73724,115.85648,0.0,8.3699999,15.003489,16.005449
6,Chile,1945,0.69869536,7.7063107,0.072078586,5.0964456,0.82441688,6.0395422,20.394199,11.634539,14.86,1.5541114,-0.57079864,9.21,0.0,240.73561,75.944237,0.0,8.3299999,7.7063107,11.634539
6,Chile,1946,0.42204851,30.084507,0.10116304,0.22966194,1.2115432,3.1988394,14.2137,23.952532,13.7,-0.0028561491,0.62124521,9.2200003,0.0,122.23141,36.895714,0.0,8.3100004,30.084507,23.952532
6,Chile,1947,-0.12161027,23.083586,0.002044054,-4.1427379,1.3489784,3.2720387,12.5824,10.709969,16.459999,-0.31755611,0.0068117944,9.3999996,0.0,99.266258,26.289112,0.0,8.1999998,23.083586,10.709969
6,Chile,1948,0.32693249,16.819141,0.089436539,-3.2690148,0.017704621,2.1623793,9.3601303,14.664035,15.18,0.11052389,0.550143,10.0,70.366547,114.34803,32.239506,0.0,8.3299999,16.819141,14.664035
6,Chile,1949,-0.39095208,20.602409,0.052694194,-9.0943708,-0.3722887,2.5394785,7.7330499,21.597635,13.79,-0.49547791,-0.299768,10.2,9.0877256,83.723862,22.964281,0.0,8.3299999,20.602409,21.597635
6,Chile,1950,-0.31444886,16.508492,0.07498806,-8.2603226,-0.41936034,2.6396999,9.1905403,19.880705,14.93,-0.45777655,-0.16152006,10.6,33.333328,142.74683,42.863312,0.0,8.3299999,16.508492,19.880705
6,Chile,1951,0.15705287,23.386925,0.084557235,-4.9480691,1.0084364,3.0695562,8.0922003,27.183445,15.55,-0.35329911,0.57059681,11.7,16.666666,154.43521,48.692989,0.0,8.3299999,23.386925,27.183445
6,Chile,1952,-0.44140929,12.022238,0.11404648,-2.2348995,0.96778554,2.5730772,8.6010303,37.727783,18.120001,-0.34910026,-0.55533385,12.1,10.714284,105.07939,31.526297,0.0,8.3299999,12.022238,37.727783
6,Chile,1953,-0.79503101,56.172455,0.13994437,-11.060622,0.14334586,2.7800069,6.9614401,42.687359,17.58,-0.62987506,-0.82768828,12.3,14.516136,101.92927,31.835859,0.0,8.3299999,56.172455,42.687359
6,Chile,1954,-0.71419209,71.102287,0.10021082,-16.349253,0.26753497,1.6909668,5.5767202,42.898678,15.72,-0.66974831,-0.64447665,13.1,29.577456,91.05645,28.003452,0.0,8.3299999,71.102287,42.898678
6,Chile,1955,-0.22588103,83.807312,0.077961653,-13.595398,1.0420732,2.3,5.0714202,70.170326,17.110001,-0.24140008,-0.31561226,13.6,76.08696,89.117783,26.232944,0.0,,83.807312,70.170326
6,Chile,1956,-0.83426178,37.701294,0.051676255,-6.5308084,-0.025746349,2.3,7.2581601,42.592583,16.549999,-0.54214686,-0.94265556,13.8,78.861542,101.25542,34.282543,0.0,,37.701294,42.592583
6,Chile,1957,-0.92341989,17.243752,0.089302003,-7.0944657,-0.625516,3.05,9.29632,25.324684,16.790001,-0.58343357,-1.0990396,14.3,55.064053,99.325577,31.555401,0.0,,17.243752,25.324684
6,Chile,1958,-0.90625298,32.505379,0.06447801,-10.03457,-0.68921846,2.7,9.0231705,43.523319,16.99,-0.76369703,-0.80383027,15.6,35.3167,115.22129,32.125256,0.0,,32.505379,43.523319
6,Chile,1959,-0.3757197,33.239853,0.021896316,-6.2358985,-0.19773252,2.1500001,9.6035404,64.620926,20.85,-0.18268965,-0.41215903,16.299999,33.900711,82.10849,22.223763,0.0,,33.239853,64.620926
6,Chile,1960,0.084800802,5.4758105,0.034482963,-4.6795106,-0.54236382,3.1184056,7.0169601,30.48247,19.73,-0.45913637,0.62063116,16.6,11.33474,86.417786,23.309998,0.0,,5.4758105,30.48247
6,Chile,1961,0.21193549,9.6072702,0.039441358,-7.0093184,-0.25983465,3.5274472,7.9650602,17.310919,19.51,-0.43891346,0.65521598,15.5,0.0,126.08382,34.420528,0.0,,9.6072702,17.310919
6,Chile,1962,1.8312783,27.693218,0.044331282,-10.126016,-0.49216551,3.043709,6.9864702,86.768517,21.25,-0.31546146,3.4659538,14.9,8.6584206,124.72618,32.849873,0.0,,27.693218,83.488998
6,Chile,1963,0.74569464,45.341125,0.065160871,-7.6015964,-0.74474943,2.8653958,9.2289896,-8.6931934,18.93,-0.24520898,1.6096565,14.4,64.185638,117.54991,30.057058,0.0,,45.341125,-8.6931934
6,Chile,1964,0.48906177,38.468903,0.046431042,-9.5280647,0.68769896,2.6351867,9.6032305,44.518002,17.76,-0.7382282,1.6219072,14.6,26.506664,90.5354,25.184288,0.0,,38.468903,44.518002
6,Chile,1965,-0.1853707,25.825037,0.014132053,-9.4074183,0.54413146,2.8857126,12.5941,22.471001,20.49,-0.09253262,-0.1561771,15.3,31.829687,99.786484,27.807673,0.0,,25.825037,22.471001
6,Chile,1966,-0.20784716,16.96216,0.082102567,-8.0916567,1.1903609,2.7359209,12.6053,76.348999,20.52,-0.40398276,0.0018882549,15.5,26.479053,90.635468,26.342335,0.0,,16.96216,76.348999
6,Chile,1967,-0.26890081,21.893547,0.075381026,-9.3137827,-0.39035395,2.7136326,14.8847,28.34,19.139999,-0.34788841,-0.21443027,15.8,27.206062,112.60692,34.364403,0.0,,21.893547,28.34
6,Chile,1968,-0.69951713,27.935509,0.072352305,-9.9577961,-0.30505091,2.5270681,17.85,42.505001,19.309999,-0.51127565,-0.7523548,16.6,34.903606,104.20105,27.210274,0.0,,27.935509,42.505001
6,Chile,1969,-0.46665123,29.341768,0.070966713,-7.0846939,-0.39737713,2.2609,21.471701,38.207001,18.690001,-0.69110525,-0.20054922,19.5,32.223362,95.787491,25.996887,0.0,,29.341768,38.207001
6,Chile,1970,0.67620826,34.932652,0.0532258,-9.4004774,-0.32944974,4.4504504,26.3244,57.943001,21.09,0.53496516,0.5637418,20.0,28.727442,102.82236,28.38682,0.0,,34.932652,57.943001
6,Chile,1971,1.5435863,20.052231,0.10191302,-15.238149,1.0187708,6.2648153,20.019899,86.457924,27.219999,0.63005739,1.8300148,15.0,7.4186225,87.422432,23.84985,0.0,,20.052231,83.488998
6,Chile,1972,0.5124923,77.795738,0.050383091,-16.061707,1.9380879,6.6254144,10.0631,87.61718,34.970001,-0.29439431,1.0511276,17.5,57.023136,87.485275,23.338846,0.0,,77.795738,83.488998
6,Chile,1973,2.2448592,116.13177,-0.047155239,-10.864147,6.6033125,6.2838211,11.0732,89.016518,30.76,1.7879986,2.3826005,34.759167,78.861542,76.668312,23.432987,0.0,,,83.488998
6,Chile,1974,0.86747521,116.61714,-0.07642293,-1.4274768,2.4751489,7.109561,18.8218,88.858734,32.349998,0.05822758,1.3406873,34.759167,78.861542,70.567474,19.794264,0.0,,,83.488998
6,Chile,1975,1.4355593,116.21809,-0.25582188,9.5373106,0.21815763,6.7425365,28.3617,88.901688,33.580002,0.70639861,1.8653177,34.759167,78.861542,79.141571,24.550627,0.0,,,83.488998
6,Chile,1976,1.2249855,115.26578,-0.2596733,3.0282083,-0.20487916,6.0850511,19.540501,89.286133,30.030001,0.5568608,1.5229259,34.759167,78.861542,69.23243,20.170813,0.0,,,83.488998
6,Chile,1977,0.64121026,91.954132,-0.20186019,-0.13177787,-0.07457412,6.9152446,16.548401,86.394257,30.01,-0.049646642,1.1295165,34.759167,64.97287,68.475105,20.101728,0.0,,91.954132,83.488998
6,Chile,1978,1.5823656,40.087223,-0.1586505,0.93434721,-0.32715586,6.7281222,25.9629,85.696396,29.379999,0.29980013,2.398021,34.759167,46.991444,81.370934,24.449083,0.0,,40.087223,83.488998
6,Chile,1979,0.18763472,33.389217,-0.11511637,4.6395893,0.15750578,6.3325562,23.2307,83.489998,24.75,0.17913149,0.2501092,34.759167,17.65868,86.351082,24.649986,0.0,,33.389217,83.488998
6,Chile,1980,-0.15625159,35.138,-0.076975062,4.5759439,-0.4344551,6.4820929,17.3857,62.529999,23.84,-0.33611742,0.014959098,34.759167,4.7096963,102.05772,28.950073,0.0,,35.138,62.529999
6,Chile,1981,1.092097,19.687,-0.061771117,-2.2575889,-0.42790067,7.022119,14.019,23.742001,26.379999,0.37328428,1.3556354,34.759167,0.0,101.66919,30.574682,0.0,,19.687,23.742001
6,Chile,1982,0.69115829,9.941,-0.25758076,-4.3020067,-0.53047407,8.8772678,20.3139,23.672001,30.120001,-0.1599347,1.8088474,34.759167,69.284332,124.11795,36.666271,0.0,,9.941,23.672001
6,Chile,1983,0.54633754,27.257,-0.30523956,-0.1493129,-0.35302383,7.5752225,45.495998,14.895,29.24,-0.048828918,1.086403,34.759167,19.305517,103.87984,29.248625,0.0,,27.257,14.895
6,Chile,1984,0.9660762,19.860001,-0.28243831,1.5614969,-0.3825103,7.6054063,56.622799,32.452999,29.99,0.93425143,0.72965527,34.759167,24.714718,88.389366,22.157396,0.0,,19.860001,32.452999
6,Chile,1985,0.20999737,30.702999,-0.29708764,4.3884211,-0.5536409,6.9006085,79.7742,52.726002,28.450001,-0.075681373,0.22974087,34.759167,63.616127,92.283493,22.560188,0.0,,30.702999,52.726002
6,Chile,1986,0.33040676,19.476999,-0.28145072,5.0404592,-0.49113831,6.288002,88.388901,24.905001,26.65,0.30333349,0.22807992,26.272499,19.998198,91.707932,24.389633,0.0,,19.476999,24.905001
6,Chile,1987,0.035326585,19.881001,-0.25705746,6.5266104,-0.63870925,5.6380711,81.594902,31.530001,22.92,-0.071516,0.02196967,32.797138,13.785592,85.342255,19.967695,0.0,,19.881001,31.530001
6,Chile,1988,-0.61832482,14.684,-0.22663583,10.715878,-0.24057701,4.1399961,71.1558,29.497,21.34,-0.56231236,-0.51727921,21.165443,11.634138,72.833328,15.71023,0.0,,14.684,29.497
6,Chile,1989,-0.58705795,17.028,-0.1665576,14.550255,-0.35465252,3.5900295,51.8969,31.367001,19.76,-0.40452111,-0.69233,34.759167,8.7787256,81.248924,17.187765,0.0,,17.028,31.367001
6,Chile,1990,-0.46453255,26.035999,-0.17178893,12.48875,-0.33034483,3.401655,50.255402,24.243999,18.950001,-0.37259752,-0.2549496,34.700001,14.328598,100.47716,26.293053,0.0,,26.035999,24.243999
6,Chile,1991,-0.7371918,21.784,-0.13577509,8.1373568,-0.29758784,2.8498428,37.104,26.974001,19.9,-0.59333605,-0.68026412,20.5,14.584206,115.19403,27.507908,0.0,,21.784,26.974001
6,Chile,1992,-0.88147491,15.426,-0.059697449,5.5130777,-0.2615824,2.6285105,30.492001,26.08,19.58,-0.66157752,-0.88910252,16.799999,3.8902004,75.940979,18.052233,0.0,,15.426,26.08
6,Chile,1993,-0.83836335,12.728,-0.032246038,2.2189143,-0.52145869,2.706923,28.087,24.538,20.25,-0.70882285,-0.71583354,16.9,11.458383,86.624359,19.566055,0.0,,12.728,24.538
6,Chile,1994,-0.48678529,11.443,-0.016743496,1.4388602,-0.43142998,2.5975449,22.610001,11.669,20.08,-0.66247803,-0.12415734,15.4,3.9571934,88.633369,20.115219,0.0,,11.443,11.669
6,Chile,1995,-0.44720218,8.2329998,0.045305692,2.6359246,-0.50285637,2.5620646,17.280001,24.348,18.719999,-0.40071636,-0.27754664,12.1,-5.5848265,75.088799,15.474208,0.0,,8.2329998,24.348
6,Chile,1996,-0.78230411,7.3590002,0.077461675,1.1801021,-0.48857543,2.4232986,14.58,20.094,20.634876,-0.74876153,-0.62115121,14.2,3.890552,61.413044,12.381261,0.0,,7.3590002,20.094
6,Chile,1997,-0.7021066,6.1339998,0.11047282,0.66039014,-0.53612518,2.4736428,12.78,24.466999,20.581528,-0.67976987,-0.61236674,13.045,1.7053444,39.673115,10.141493,0.0,,6.1339998,24.466999
6,Chile,1998,-0.65842235,5.1100001,0.11006121,-0.30820611,-0.33986735,2.5762012,12.12,13.294,21.905399,-0.32796013,-0.69370097,16.412083,9.7963123,51.792046,13.644835,0.0,,5.1100001,13.294
6,Chile,1999,-0.73715675,3.3369999,0.059306264,-0.16168736,-0.71313834,2.7026827,13.28,12.985,23.69243,-0.36796945,-0.9501459,10.955,10.552994,58.142807,15.463422,0.0,,3.3369999,12.985
6,Chile,2000,-0.75647891,3.8429999,0.073520102,3.1329472,-0.39594406,2.6886158,13.15,9.0930004,22.870014,-0.55664015,-0.69825715,10.7575,5.8899722,45.607391,10.608741,0.0,,3.8429999,9.0930004
6,Chile,2001,-0.6030094,3.569,0.068553835,5.8366919,0.084914424,2.6470492,14.348,82.587997,23.181263,-0.2728444,-0.6707713,7.2333331,17.73288,111.46019,23.491119,0.0,,3.569,82.587997
6,Chile,2002,-0.62686491,2.4890001,0.052020639,5.4385524,-0.68333119,2.531543,15.045,6.079,23.201551,-0.30784431,-0.79379779,3.925,8.6398859,111.12048,24.009275,0.0,,2.4890001,6.079
6,Chile,2003,0.67265302,2.8099999,0.052636605,7.9025254,-0.21218361,2.7029715,12.573,-0.51200002,22.2183,0.34573695,1.3515217,2.7674999,0.33270612,135.32417,31.283173,0.0,,2.8099999,-0.51200002
6,Chile,2004,-0.050584041,1.0549999,0.074593134,11.345613,-0.67966104,2.7122905,10.314,9.5530005,20.815823,0.057453021,-0.20557216,1.83,-11.855586,110.70305,23.115431,0.0,,1.0549999,9.5530005
6,Chile,2005,-0.87714183,3.052,0.09826456,12.758818,-0.38087243,2.5347631,7.04,11.192,20.249086,-0.52669579,-1.0056658,3.5308332,-8.1514549,83.537979,17.815069,0.0,6.0491667,3.052,11.192
6,Chile,2006,-0.73817635,3.392,0.11912474,13.639127,-0.36261758,2.5060823,5.0219998,19.186001,18.730162,-0.47711736,-0.78324383,4.8258333,-5.2869616,86.026413,20.504335,0.0,6.1599998,3.392,19.186001
6,Chile,2007,-0.92879951,4.408,0.13138393,16.127556,-0.38729957,2.3309805,3.901,18.754999,19.306606,-0.79161131,-0.86617738,5.1791668,-1.4280436,84.868973,17.433546,0.0,6.0875001,4.408,18.754999
6,Chile,2008,-0.95007926,8.7159996,0.13001244,19.043104,-0.13084099,2.5836523,4.9159999,0.237,21.791109,-0.73626393,-0.86566436,7.2366667,-0.17240083,71.192848,15.764473,0.0,7.1011901,8.7159996,0.237
6,Chile,2009,-0.9986102,1.484,0.079878815,4.2597551,-0.69603491,2.2765079,5.8449998,-4.698,24.975693,-0.80983001,-0.96319568,1.7466667,7.2592001,69.581642,16.442631,0.0,5.6652951,1.484,-4.698
6,Chile,2010,-0.099904507,1.41,0.097671308,6.4915314,-0.18528314,2.254241,8.6070004,7.7140002,23.466475,-0.11024549,0.055024568,2.0699999,-8.8071337,73.838913,18.301521,0.0,6.2528739,1.41,7.7140002
6,Chile,2011,-0.8138209,3.3410001,0.1189244,8.4474163,-0.42287534,2.2636127,11.127,22.877001,22.886089,-0.57790124,-0.7913065,4.9362502,-5.2926803,75.721146,18.668062,0.0,5.9696445,3.3410001,22.877001
6,Chile,2012,-1.0809401,3.006,0.13957448,3.3054106,-0.14239535,2.0458803,11.939,10.301,23.089447,-0.68976992,-1.1781881,5.8106503,0.69978464,69.216782,17.873928,0.0,5.4255705,3.006,10.301
6,Chile,2013,-1.0817627,1.794,0.13287005,-0.53147751,-0.24749076,1.9946225,12.784,11.743,23.113203,-0.69056863,-1.242599,5.2132792,1.6946388,70.025406,17.377991,0.0,5.3087373,1.794,11.743
6,Chile,2014,-0.99625301,4.7150002,0.11072438,-0.87124681,-0.29535916,1.9671068,15.02,8.743,23.852612,-0.73978925,-0.97473222,3.8762105,15.15384,80.853844,22.629688,0.0,4.7366152,4.7150002,8.743
6,Chile,2015,-0.83864671,4.349,0.091625892,-7.9969096,-0.26954708,1.9096234,17.375,9.1520004,25.027948,-0.35099417,-1.0813375,3.5704577,14.779338,94.918381,24.93082,0.0,4.4802213,4.349,9.1520004
6,Chile,2016,-0.70493108,3.7869999,0.066508003,-12.135456,-0.41742292,1.9241585,21.101,4.902,25.366653,-0.30212659,-0.97760922,3.5288889,3.4518011,84.358536,23.396763,0.0,4.4052768,3.7869999,4.902
6,Chile,2017,-0.81561464,2.1819999,0.03352249,-13.022885,-0.2511808,1.9405925,23.652,0.55599999,25.49262,-0.77954799,-0.68856901,2.5161111,-4.0635762,86.290787,26.882217,0.0,4.2449584,2.1819999,0.55599999
6,Chile,2018,-0.64318347,2.319,0.02393366,-11.735207,0.13671871,1.8776139,25.798,4.1789999,25.615662,-0.56421196,-0.56657666,2.6579168,-1.3919027,67.708572,22.269688,0.0,4.4978571,2.319,4.1789999
6,Chile,2019,-0.079469524,2.2539999,-0.016823441,-13.17141,1.7368364,1.8647171,28.33,12.16,26.497147,-0.55206221,0.29336277,2.6783333,9.7362442,69.926216,23.568092,0.0,3.5778866,2.2539999,12.16
6,Chile,2020,-0.86997515,3.0450001,-0.12050855,-13.479501,-0.10387359,2.0655305,32.380001,14.066,29.088339,-0.90983462,-0.62916982,0.68571156,12.750763,66.154915,18.871275,0.0,2.7985632,3.0450001,14.066
6,Chile,2021,-1.0586007,4.5250001,-0.049276251,-7.6724772,1.5408165,1.6474241,36.448002,19.285,33.595158,-0.83730716,-1.0328263,1.8366667,-4.1590667,58.633369,17.805937,0.0,4.3615899,4.5250001,19.285
6,Chile,2022,-0.4463737,11.644,-0.064697944,1.7576648,1.3710684,1.5409907,37.907001,3.7920001,26.646166,-0.39330831,-0.4265874,9.2116671,14.890394,112.93623,50.355343,0.0,6.2600222,11.644,3.7920001
6,Chile,2023,-0.72333914,7.5819998,-0.096897446,-13.622089,1.507188,1.6302639,39.415001,2.612,27.394482,-0.73963726,-0.38090494,10.231547,-3.8125548,99.392548,39.451077,0.0,5.6557994,7.5819998,2.612
7,China,1900,1.0514539,1.1089367,-0.38803649,-0.74987298,-0.26840878,1.2547387,,,,1.510125,0.092125967,,,72.415619,19.892994,0.0,,1.1089367,
7,China,1901,-0.64499837,-0.64516127,-0.32609931,-0.13308117,-0.46654668,0.56504524,,,,-0.27521294,-0.87254661,,4.1666594,43.076683,11.601482,0.0,,-0.64516127,
7,China,1902,-1.0371068,9.4805193,-0.28493148,0.03992125,-0.54327756,0.85716742,,,,-0.62828362,-1.1848117,,14.285721,43.4799,10.920649,0.0,,9.4805193,
7,China,1903,-0.87440938,10.972716,-0.28599581,0.26605913,-0.54048634,0.85468775,,,,-0.58669531,-0.89527893,,-1.5625015,49.491287,13.111025,0.0,,10.972716,
7,China,1904,0.55144167,1.4965259,-0.29417267,0.86135721,-0.5684042,0.77075297,,,,0.90831661,0.017573195,,-3.030304,76.692307,23.17864,0.0,,1.4965259,
7,China,1905,-0.56031942,-4.6340179,-0.25121409,1.8341733,-0.62502778,1.043449,,,,-0.13004972,-0.82207334,,-9.5890388,54.05724,15.513158,0.0,,-4.6340179,
7,China,1906,-1.062207,-3.2578685,-0.20880303,1.6488429,-0.56345075,0.92517388,,,,-0.62735397,-1.1880012,,-8.750001,40.733101,9.0665369,0.0,,-3.2578685,
7,China,1907,-1.1054575,8.3904114,-0.19714369,1.4190291,-0.62812823,,,,,-0.66078591,-1.2433003,,1.2658215,34.413788,7.1250582,0.0,,8.3904114,
7,China,1908,-1.1308153,5.3185887,-0.14419729,1.5612286,-0.72937816,,,,,-0.73898208,-1.1834099,,21.538465,32.829559,7.6239886,0.0,,5.3185887,
7,China,1909,-1.1801854,-2.05,-0.052556131,3.3448842,-0.68667966,,,,,-0.72792757,-1.2910231,,3.174603,30.923229,6.8054605,0.0,,-2.05,
7,China,1910,-1.2115401,4.6962738,-0.0040919958,3.2787366,-0.67354202,,,,,-0.74345028,-1.3049542,,-4.5454569,30.885345,5.9595475,0.0,,4.6962738,
7,China,1911,-0.68350303,-0.29254022,0.018303692,1.7373428,-0.66585922,0.64915711,,,,-0.32556915,-0.82082921,,1.5384643,52.696037,12.816792,0.0,,-0.29254022,
7,China,1912,-1.0009223,-14.187557,0.029335514,1.9387743,-0.54984838,,,,,-0.57491875,-1.1125426,,-12.162162,53.76284,12.83162,0.0,,,
7,China,1913,-1.0310898,110.86204,0.072274894,,-0.69626468,,,,,-0.59936059,-1.1963831,,1.3698623,49.213394,11.389705,0.0,,,
7,China,1914,-0.46880153,7.153008,0.055219576,,-0.71461421,,,,,0.065562934,-0.75281906,,8.9552183,199.27412,67.375801,0.0,,7.153008,
7,China,1915,-0.47986698,-9.3722372,0.020635009,,-0.47066581,,,,,-0.064911246,-0.75903726,,8.0645208,269.59604,88.714691,0.0,,-9.3722372,
7,China,1916,-0.6207093,8.439024,0.042525362,,-0.43253598,,,,,-0.10880543,-1.0387241,,-19.706533,260.30356,76.478996,0.0,,8.439024,
7,China,1917,-0.46522412,-5.4430947,0.065701745,,-0.38773432,,,,,0.096580043,-0.88286638,,-19.706533,296.97101,90.562622,0.0,,-5.4430947,
7,China,1918,-0.53222173,10.18078,0.082773067,,-0.25693077,,,,,-0.045854259,-0.9306944,,-18.253965,331.62021,104.29801,0.0,,10.18078,
7,China,1919,-0.23035671,-0.086355783,0.19083326,,-0.45537403,,,,,-0.041296508,-0.27964211,,-9.3525162,166.6438,49.483154,0.0,,-0.086355783,
7,China,1920,-0.94588482,8.6862574,0.12052917,,-0.41302675,,,,,-0.51471645,-1.1518748,,12.096771,102.06319,26.418003,0.0,,8.6862574,
7,China,1921,-0.75644946,-0.47713718,0.17790812,,-0.52180183,,,,,-0.52885479,-0.78936261,,63.15789,72.843681,18.819885,0.0,,-0.47713718,
7,China,1922,-0.7546612,-3.3959248,0.21481837,,-0.5659489,,,,,-0.47790152,-0.85932821,,-8.4337311,64.923538,14.50647,0.0,,-3.3959248,
7,China,1923,-1.0038832,5.2109179,0.25435302,,-0.47091788,,,,,-0.63612783,-1.0876294,,3.7499962,58.87146,15.485535,0.0,,5.2109179,
7,China,1924,-0.88632399,2.0833333,0.29548123,,-0.59591192,,,,,-0.4521023,-1.0246725,,-1.2345695,49.706013,11.183084,0.0,,2.0833333,
7,China,1925,-0.92237639,2.541394,0.3016834,,-0.59948546,,,,,-0.5443536,-1.0476339,,-3.5714278,45.767529,11.279493,0.0,,2.541394,
7,China,1926,-0.90443659,2.7037177,0.30049673,,-0.63115567,,,,,-0.5017978,-1.075012,,10.526316,37.680462,9.1489153,0.0,,2.7037177,
7,China,1927,-0.3416498,-11.099021,0.34062895,,-0.64060259,,,,,-0.11455411,-0.54270089,,10.14493,45.88192,11.068093,0.0,,-11.099021,
7,China,1928,-0.94805211,4.5287638,0.37097079,,-0.64507806,,,,,-0.54029965,-1.1053602,,-2.816901,37.190571,8.6889467,0.0,,4.5287638,
7,China,1929,-0.41065863,14.168618,0.37598014,,-0.56562924,,,,,-0.12424981,-0.5173229,,10.937498,40.538773,9.9442883,0.0,,14.168618,
7,China,1930,-0.74251711,8.5128202,0.33544487,,-0.57859004,,,,,-0.25891581,-1.0317903,,39.130432,42.976971,10.311954,0.0,,8.5128202,
7,China,1931,-0.28504679,6.1436672,0.35511863,,-0.53722769,,,,,-0.054756463,-0.39092293,,35.294117,44.57341,10.487622,0.0,,6.1436672,
7,China,1932,0.71165943,-10.863758,0.34322816,0.37220937,-0.59780133,1.0402641,,,,0.71118784,0.45875451,,0.0,59.718971,14.580207,0.0,,-10.863758,
7,China,1933,-0.23040062,-4.9950051,0.26086664,1.1794302,-0.65074366,1.2444098,,,,-0.070084378,-0.32244521,,29.046955,52.87656,12.930844,0.0,,-4.9950051,
7,China,1934,-0.9164173,7.5709777,0.25451046,1.009697,-0.60851121,1.4778236,,,,-0.61610824,-0.9536376,,-19.706533,52.097977,11.655538,0.0,,7.5709777,
7,China,1935,-0.60459602,-0.97751713,0.27366054,1.3031278,-0.58307737,1.5401797,,,,-0.42865139,-0.54530174,,-6.7764769,82.748703,24.07439,0.0,,-0.97751713,
7,China,1936,-0.40167499,7.5024681,0.35837394,1.4698523,-0.54725331,1.6823618,,,,-0.162075,-0.42807698,,21.981012,91.402847,27.553177,0.0,,7.5024681,
7,China,1937,1.2064197,42.332417,0.26563928,,-0.30126587,,,,,1.2515117,1.10127,,1.3888397,87.478371,26.39794,0.0,,42.332417,
7,China,1938,0.85013145,-13.548388,0.15371589,,-0.4390862,,,,,1.2222975,0.23207945,,39.474567,102.05727,33.544682,0.0,,-13.548388,
7,China,1939,0.77336079,103.0597,0.1650829,,-0.2045365,,,,,0.54806864,0.95627147,,76.870598,191.01532,68.053627,0.0,,103.0597,
7,China,1940,0.25937021,77.140755,0.12900546,,-0.16313232,,,,,0.31987092,0.14505485,,78.861542,200.07191,74.692596,0.0,,77.140755,
7,China,1941,1.2265648,115.25871,-0.010244171,,0.61924952,,,,,1.4286507,0.70930362,,12.920584,241.92404,80.295341,0.0,,,
7,China,1942,1.8462883,113.28384,-0.03732847,,1.809916,,,,,3.1749387,-0.54559314,,,306.14059,88.011375,0.0,,,
7,China,1943,1.6891756,114.67772,-0.090306699,,1.8005108,,,,,2.9632127,-0.58544761,,,344.39383,100.92574,0.0,,,
7,China,1944,3.5922103,113.41994,-0.26001084,,0.80575567,,,,,5.4124732,-0.13449869,,,376.73724,112.08366,0.0,,,
7,China,1945,3.135781,116.10078,-0.39621124,,1.360655,,,,,3.8419423,1.6711961,,,240.73561,72.549385,0.0,,,
7,China,1946,0.73190814,116.92625,-0.45206872,,1.406364,,,,,0.25610101,0.96334124,,,122.23141,35.354328,0.0,,,
7,China,1947,-0.24129336,117.93076,-0.33972773,,0.55666608,,,,,-0.005836565,-0.47998035,,,99.266258,25.472214,0.0,,,
7,China,1948,-0.18448289,117.72684,-0.25823706,,0.07042259,,,,,-0.26178125,-0.12147157,,,114.34803,31.40531,0.0,,,
7,China,1949,-0.030486768,,-0.23429,-0.12958874,-0.28086731,14.641767,,,,-0.14778571,0.012026327,,,83.723862,21.967236,0.0,,,
7,China,1950,2.2944324,,-0.10495885,-0.17285238,0.039921399,15.078095,,,,1.6228575,2.4096482,,,142.74683,40.062214,2.1562262,,,
7,China,1951,4.1496644,12.5,-0.034541044,-1.2727277,0.49533466,15.631783,,,,3.8928289,3.7919722,,,154.43521,44.476913,2.3619955,,12.5,
7,China,1952,1.9335293,2.7,0.033822786,-3.9704244,0.0649058,11.569446,,,13.074228,2.3463168,0.80181646,,,105.07939,28.998344,0.0,,2.7,
7,China,1953,2.390492,5.0999999,0.035915546,-4.1494179,-0.22635226,8.949296,,12.339582,13.275598,2.140583,1.9400573,,15.56636,101.92927,28.931213,0.0,,5.0999999,12.339582
7,China,1954,1.3592271,1.4,0.018349027,-4.9837518,-0.38913915,8.4902859,,17.750444,13.189618,0.60578972,1.6534526,,0.0,91.05645,25.90591,0.0,,1.4,17.750444
7,China,1955,0.76504308,0.30000001,0.026189942,-1.6150279,-0.32755274,6.5228848,,13.432835,13.495183,-0.0017322031,1.3498014,,-5.7088265,89.117783,24.626926,0.0,,0.30000001,13.432835
7,China,1956,-0.16171691,-0.1,0.065303266,1.0330139,-0.47718579,12.53632,,22.171051,13.55356,-0.46172088,0.18640116,,-0.23504655,101.25542,33.361,0.0,,-0.1,22.171051
7,China,1957,-0.43270642,2.5999999,0.068080284,0.093945853,-0.24853888,13.67202,,17.609049,13.626472,-0.62490618,-0.16432565,,0.00035833483,99.325577,30.839323,0.0,,2.5999999,17.609049
7,China,1958,0.61262047,-1.1,0.12116113,-0.28748545,-0.48839599,10.458359,,61.858974,13.678076,-0.27126256,1.2654594,,0.0,115.22129,30.59701,0.0,,-1.1,61.858974
7,China,1959,-0.30526528,0.30000001,0.083193719,-0.18247555,-0.3705003,10.753507,,23.536062,13.782731,-0.27419084,-0.30707064,,0.0,82.10849,21.441391,0.0,,0.30000001,23.536062
7,China,1960,-0.051817123,2.5,0.013960337,-1.832006,-0.44967344,11.336885,,3.4806533,14.282126,-0.3402715,0.22347668,,0.0,86.417786,22.358076,0.0,,2.5,3.4806533
7,China,1961,0.12005824,16.1,-0.19870697,-2.7314568,0.0070041833,16.035683,,7.7450809,14.00822,-0.12047789,0.31202564,,0.0,126.08382,33.342522,0.0,,16.1,7.7450809
7,China,1962,0.63526237,3.8,-0.30600721,-3.3876882,0.20717272,19.929115,,-4.621079,13.813472,0.11676549,0.94037133,,0.0,124.72618,31.468187,0.0,,3.8,-4.621079
7,China,1963,0.69501704,1.1770086,-0.26703265,-3.7157001,-0.085297473,21.337257,,0.77519822,14.166358,-0.28303763,1.4230155,,0.0,117.54991,28.563784,0.0,,1.1770086,0.77519822
7,China,1964,0.91497153,0.89784294,-0.1782707,-4.0954928,-0.17128474,21.817171,,2.0299096,14.498222,0.1107299,1.3599236,,0.0,90.5354,23.504511,0.0,,0.89784294,2.0299096
7,China,1965,1.6666721,0.88989973,-0.086566657,-4.3590665,-0.077871822,19.805592,,14.261787,14.726867,0.70029378,2.0889249,,0.0,99.786484,25.502672,0.0,,0.88989973,14.261787
7,China,1966,1.2765242,0.99221152,-0.050837096,-4.7864208,0.1635417,21.046644,,14.95601,15.081083,0.51737505,1.5628684,,0.0,90.635468,24.339497,0.0,,0.99221152,14.95601
7,China,1967,1.4105153,0.87338454,-0.17872979,-5.5995564,-0.16016763,22.773848,,12.069508,15.017106,0.8566907,1.5367508,,0.0,112.60692,32.253666,0.0,,0.87338454,12.069508
7,China,1968,0.13123231,0.7575441,-0.29090858,-6.080472,-0.43827847,25.579704,,5.6480417,15.235108,0.15254852,-0.041094244,,0.0,104.20105,26.068914,0.0,,0.7575441,5.6480417
7,China,1969,0.096616477,0.96676832,-0.20229478,-7.2071686,-0.48229346,25.891972,,-1.3600956,15.567327,-0.13772824,0.3156209,,0.0,95.787491,24.896423,0.0,,0.96676832,-1.3600956
7,China,1970,-0.0018038501,1.0637522,-0.093344264,-7.8226461,-0.47801661,26.026035,,-0.68258864,15.820458,0.015120554,-0.079901032,,0.0,102.82236,27.431459,0.0,,1.0637522,-0.68258864
7,China,1971,0.39038244,1.0526956,-0.097827576,-8.2119036,-0.39475214,21.842558,,10.68041,17.655933,0.084299043,0.59109598,,0.0,87.422432,22.641411,0.0,,1.0526956,10.68041
7,China,1972,0.42617431,1.0416514,-0.13170207,-8.0119429,-0.35558328,20.010305,,5.0422249,18.383144,0.27002183,0.40656644,,-8.8042164,87.485275,22.040728,0.0,,1.0416514,5.0422249
7,China,1973,-0.32482383,1.0309644,-0.12535867,-6.1267624,1.0815786,17.928694,,15.287308,17.164032,-0.26669538,-0.27753139,,-11.38719,76.668312,22.82299,0.0,,1.0309644,15.287308
7,China,1974,-0.67018712,0.91831928,-0.17243057,-4.4153624,0.9707914,18.820976,,8.5016909,18.648184,-0.54918867,-0.64498341,,-1.4229798,70.567474,19.370335,0.0,,0.91831928,8.5016909
7,China,1975,-0.31120592,1.1122111,-0.15587667,-5.3307438,-0.024459323,17.548674,,8.9413919,18.853807,-0.24392162,-0.31311095,,-5.1646352,79.141571,23.881502,0.0,,1.1122111,8.9413919
7,China,1976,-0.58774984,0.3408632,-0.23945953,-6.2789054,-0.23393203,20.815685,,6.3508606,20.551195,-0.53583127,-0.48830149,,4.3870821,69.23243,19.704191,0.0,,0.3408632,6.3508606
7,China,1977,-0.66578937,2.491308,-0.2316644,-7.1258483,-0.079169899,18.961962,,2.6758091,19.896931,-0.55004567,-0.61601979,,-4.3057222,68.475105,19.660807,0.0,,2.491308,2.6758091
7,China,1978,-0.33801579,0.679618,-0.18691511,-1.6345711,-0.11649771,23.561357,,3.6459999,20.336571,-0.25337246,-0.34652385,,-9.3783979,81.370934,23.809618,0.0,,0.679618,3.6459999
7,China,1979,0.078758217,1.928562,-0.18112868,-1.1090763,0.9514128,16.929384,,49.241001,22.320488,-0.051979937,0.19242191,,-7.6414108,86.351082,23.602654,0.0,,1.928562,49.241001
7,China,1980,-0.25234792,5.9879999,-0.17384568,3.3056402,0.073428631,15.005646,,25.855,22.103411,-0.43146729,-0.027166894,5.4000001,-3.636992,102.05772,28.139698,0.0,,5.9879999,25.855
7,China,1981,-0.65220749,2.5,-0.19264902,4.8905735,-0.15409355,15.555025,,18.347,21.80352,-0.53401238,-0.56846166,5.4000001,14.12119,101.66919,30.150236,0.0,,2.5,18.347
7,China,1982,-0.71511447,2.0,-0.16982424,0.17272857,-0.37179506,16.185501,5.3177514,14.562,22.037449,-0.64841884,-0.59008598,5.7600002,10.987528,124.11795,36.26672,0.0,,2.0,14.562
7,China,1983,-0.83598751,2.0,-0.14679679,-2.2349,-0.46066877,15.064635,6.0129285,19.733,22.812349,-0.61186475,-0.81104976,5.7600002,4.3814025,103.87984,28.93442,0.0,,2.0,19.733
7,China,1984,-0.83506691,2.7,-0.077462748,-1.7763067,-0.33796656,9.1930609,0.97113597,32.648998,24.323685,-0.61343664,-0.83675075,5.7600002,17.632395,88.389366,21.867645,0.0,,2.7,32.648998
7,China,1985,-0.9060173,9.3000002,-0.024740756,-0.75949579,-0.40295979,2.0446906,3.3052199,35.470001,21.914183,-0.61033136,-0.9347505,7.1999998,26.310499,92.283493,22.280289,0.0,,9.3000002,35.470001
7,China,1986,-1.0232502,6.5,-0.017168088,-2.2604656,-0.46563712,1.9497066,3.2408199,30.23,22.096849,-0.6672985,-1.0966463,7.1999998,17.604807,91.707932,24.208155,0.0,,6.5,30.23
7,China,1987,-0.77433765,7.3000002,0.013950322,2.0257843,-0.3934406,2.0723879,3.5990901,25.341,21.452179,-0.53115243,-0.7191056,7.1999998,7.7936144,85.342255,19.574883,0.0,,7.3000002,25.341
7,China,1988,-0.86781842,18.799999,0.0411353,6.5312548,-0.21002874,1.8839394,4.4605999,20.669001,19.989784,-0.59786999,-0.89266759,8.6400003,0.0,72.833328,15.350939,0.0,,18.799999,20.669001
7,China,1989,-0.55376196,18.0,3.886571e-05,0.87594295,0.035077769,2.4471014,7.3028049,18.652,19.767309,-0.49024615,-0.45316994,11.34,0.96339279,81.248924,16.586033,0.0,,18.0,18.652
7,China,1990,-0.65776688,3.256,-0.044475537,-0.67514986,-0.069579244,2.4540162,7.6021032,28.867001,19.968254,-0.63730091,-0.44987237,8.6400003,27.20006,100.47716,25.779579,0.0,,3.256,28.867001
7,China,1991,-0.59553403,3.563,-0.037734479,0.24597645,-0.19368303,2.3112433,8.2205887,26.679001,20.893457,-0.60301936,-0.40780234,7.5599999,11.303256,115.19403,26.929668,0.0,,3.563,26.679001
7,China,1992,-0.65798014,6.3569999,0.014438671,3.6703238,-0.3476851,2.449542,8.3915634,30.799999,22.221823,-0.65622514,-0.43648371,7.5599999,3.5030093,75.940979,17.51392,0.0,,6.3569999,30.799999
7,China,1993,-0.63598973,14.624,0.064378791,8.7978897,-0.34389672,1.9280668,8.5527067,46.669998,23.484936,-0.69890505,-0.40076363,9.9300003,4.6908073,86.624359,19.01322,0.0,,14.624,46.669998
7,China,1994,-0.547153,24.283001,0.10534436,7.735673,-0.20929612,1.6934797,9.2011709,31.5,22.191641,-0.70064938,-0.23219971,10.98,49.487347,88.633369,19.514359,0.0,,24.283001,31.5
7,China,1995,-0.75685853,16.794001,0.12572582,5.4666772,-0.31972238,1.6862339,21.424,29.461,19.309288,-0.75971127,-0.55263829,11.52,-3.120954,75.088799,15.03886,0.0,,16.794001,29.461
7,China,1996,-0.70935577,8.3120003,0.13709125,4.2109022,-0.15343781,1.6527267,21.221001,25.273001,18.245674,-0.71079218,-0.49199995,10.965,-0.37215978,61.413044,11.888862,0.0,,8.3120003,25.273001
7,China,1997,-0.75371122,2.7809999,0.14109907,4.1053424,0.051687595,1.6326506,20.393999,20.726999,19.836117,-0.74183524,-0.56220049,9.7200003,-0.23436792,39.673115,9.6884089,0.0,,2.7809999,20.726999
7,China,1998,-0.4089053,-0.78100002,0.13061844,1.1620057,-0.22818218,1.6550807,20.438,14.904,22.020189,-0.61675161,-0.055798154,6.8549085,-0.22332905,51.792046,12.926135,0.0,,-0.78100002,14.904
7,China,1999,-0.20701645,-1.401,0.11800824,1.4038875,-0.28771025,1.8714659,21.608999,14.666,24.022989,-0.55293846,0.20044684,3.6584167,-0.27065814,58.142807,14.582942,0.0,,-1.401,14.666
7,China,2000,-0.71157229,0.352,0.11245405,6.3659873,-0.25993106,1.8357596,22.708,12.325,24.662638,-0.71740121,-0.50555384,2.6009834,-0.014515442,45.607391,10.119615,0.0,,0.352,12.325
7,China,2001,-0.31150642,0.72399998,0.10540449,4.6043057,-0.26179224,1.9830862,24.252001,15.042,23.969097,-0.25988841,-0.12441965,2.5211833,-0.001013924,111.46019,22.699972,0.0,,0.72399998,15.042
7,China,2002,-0.51134384,-0.76599997,0.10514653,7.8708444,-0.38380277,2.0593646,25.552999,13.14,23.776825,-0.39868802,-0.39011404,2.1520584,0.0,111.12048,23.372158,0.0,,-0.76599997,13.14
7,China,2003,0.093464024,1.1619999,0.11244643,15.898602,-0.2763316,1.9962889,26.417999,19.24,23.213629,-0.21334185,0.47010207,2.6183333,-2.3043962e-05,135.32417,30.253487,0.0,,1.1619999,19.24
7,China,2004,-0.41013932,3.8929999,0.119784,22.595579,0.13542877,1.9385083,26.0,14.887,22.689669,-0.40249559,-0.24831279,2.7925,0.0089871474,110.70305,22.434143,0.0,,3.8929999,14.887
7,China,2005,-0.28230006,1.809,0.12876858,24.438776,0.31983954,1.871858,25.91,16.742001,23.441553,-0.50391823,0.027027458,1.8575,-1.0306871,83.537979,16.98476,0.0,,1.809,16.742001
7,China,2006,0.25272205,1.467,0.15677752,25.76119,0.1520375,1.8695916,25.174,22.115999,21.852703,-0.43902704,0.91308951,2.5363636,-2.6702955,86.026413,19.266148,0.0,,1.467,22.115999
7,China,2007,-0.19608539,4.7740002,0.19701733,22.558825,0.3421706,1.7501646,28.708,16.736,19.363821,-0.42832297,0.10715355,3.5116668,-4.6073189,84.868973,16.53307,0.0,,4.7740002,16.736
7,China,2008,-0.35625961,5.8449998,0.19617571,17.094679,0.92096972,1.7160425,26.715,17.778,17.339506,-0.42578053,-0.16287844,4.0333333,-8.64851,71.192848,14.987326,0.0,,5.8449998,17.778
7,China,2009,-0.20518751,-0.69199997,0.19190276,3.8837519,-0.15190728,1.8935238,33.985001,28.423,16.354843,-0.516083,0.15761009,1.5858333,-1.6885906,69.581642,15.545049,0.0,,-0.69199997,28.423
7,China,2010,0.050350588,3.3299999,0.19748127,8.3870468,0.38123152,1.7335199,33.342999,18.948,15.003875,-0.4923583,0.56224722,2.6408334,-0.92694956,73.838913,17.259043,0.0,,3.3299999,18.948
7,China,2011,-0.21750709,5.4159999,0.19096673,7.5375576,0.55338281,1.6590825,33.183998,17.323,14.611769,-0.36078218,-0.0040974319,5.1391668,-4.5125666,75.721146,17.791147,0.0,,5.4159999,17.323
7,China,2012,0.20406309,2.6210001,0.1672188,4.1192894,0.19016506,1.7009426,33.825001,14.392,16.000418,-0.20974948,0.65602732,4.3108335,-2.3683345,69.216782,16.653038,0.0,,2.6210001,14.392
7,China,2013,-0.080203317,2.625,0.14173472,1.5922405,0.027101638,1.7143409,36.438,13.589,15.918866,-0.37377211,0.25437862,4.9766665,-2.5571518,70.025406,16.378193,0.0,,2.625,13.589
7,China,2014,-0.21286827,1.995,0.11252175,-1.2295895,0.0026422583,1.7384093,39.307999,11.012,15.237,-0.41241273,0.041886292,4.8041668,0.2144599,80.853844,21.738222,0.0,4.1041164,1.995,11.012
7,China,2015,0.00070223602,1.442,0.078148462,-7.5852027,0.1231785,1.7767711,40.782001,13.343,15.110566,-0.24619129,0.27223283,3.7308333,2.0157619,94.918381,23.882662,0.0,3.3338833,1.442,13.343
7,China,2016,-0.056997728,1.9960001,0.040816877,-11.100595,-0.21487658,1.7688866,49.720001,11.333,14.763625,-0.36473751,0.30421123,3.0916667,5.7119689,84.358536,22.40151,0.0,2.8500667,1.9960001,11.333
7,China,2017,1.0822667,1.579,0.0031033417,-11.332766,0.10304498,1.7112427,53.903,8.1099997,14.14056,-0.17097721,2.1415634,4.8133335,1.7200807,86.290787,24.994053,0.0,3.5916667,1.579,8.1099997
7,China,2018,0.66953266,2.092,-0.035635393,-12.406718,0.53042519,1.6735783,55.577,6.9910002,13.832061,-0.1697436,1.4109123,4.0349998,-2.0714929,67.708572,20.712944,0.0,3.5791667,2.092,6.9910002
7,China,2019,0.71517044,2.905,-0.080853872,-15.129452,0.66999805,1.682911,59.441002,8.882,13.76862,-0.18821803,1.4574699,3.2358334,4.4221087,69.926216,22.009651,0.0,3.1812999,2.905,8.882
7,China,2020,0.67493874,2.49,-0.16183037,-17.327967,2.8786635,1.7566994,69.035004,10.014,14.997621,-0.2113159,1.3849649,2.915,-0.16002929,66.154915,17.296724,0.0,2.9244332,2.49,10.014
7,China,2021,0.31763011,0.91799998,-0.18336768,-15.895264,4.8744617,1.6052598,70.147003,9.0760002,12.070621,-0.24466853,0.91421998,2.9258332,-6.5389972,58.633369,16.498039,0.0,3.0055332,0.91799998,9.0760002
7,China,2022,1.9522722,1.976,-0.25638816,-16.035337,6.9518013,1.6305339,75.453003,11.663,12.80062,0.70340979,3.2598553,2.8166666,4.4289489,112.93623,47.812511,1.6835966,2.7641833,1.976,11.663
7,China,2023,1.594189,0.228,-0.30777165,-18.442198,2.9102368,1.6648489,82.014,9.849,12.89362,0.60440308,2.4867871,2.8366666,5.1953335,99.392548,37.1702,0.0,2.7149999,0.228,9.849
8,Colombia,1900,0.045276575,37.77174,0.06259802,-3.3650663,-0.54320723,2.0173399,65.617485,,,0.22542162,-0.21819793,,,72.415619,21.697638,0.0,,37.77174,
8,Colombia,1901,3.4941697,11.678832,0.030293744,-3.8109908,-0.48207927,1.0088772,71.260162,,,5.2782984,1.2046522,,0.0,43.076683,11.840161,0.0,,11.678832,
8,Colombia,1902,2.9709554,-14.187557,0.00080997759,-6.2275953,-0.20641346,,71.260162,,,3.4946759,2.1099029,,0.0,43.4799,10.891646,0.0,,,
8,Colombia,1903,5.4757991,26.851852,-0.03140891,-3.5268195,-0.32914355,,67.125175,,,3.1846082,6.3581867,,0.0,49.491287,13.029757,3.6681597,,26.851852,
8,Colombia,1904,1.3854909,-1.459854,-0.061717328,2.9326699,-0.3196421,,17.497961,,,1.3542076,0.98057616,,0.0,76.692307,24.498623,0.0,,-1.459854,
8,Colombia,1905,-0.37224856,7.4074073,-0.091029853,-2.6175394,-0.54438198,0.91448873,16.9769,,5.4000001,-0.69513988,-0.035104197,,0.0,54.05724,16.093754,0.0,,7.4074073,
8,Colombia,1906,-0.87328255,11.724138,-0.10900246,-0.83076543,-0.61825448,1.0911355,18.121599,,6.5999999,-0.63115096,-0.77416199,,0.0,40.733101,9.2924671,0.0,,11.724138,
8,Colombia,1907,-1.024297,8.6419754,-0.08962772,-0.20418164,-0.68938589,1.8946317,15.8885,,10.5,-0.80182207,-1.0481617,,0.0,34.413788,7.3281236,0.0,,8.6419754,
8,Colombia,1908,-0.79391539,-9.090909,-0.078969553,-3.9403675,-0.68380797,1.5077202,11.3665,,9.1999998,-0.60965627,-0.68670225,,0.0,32.829559,7.7908792,0.0,,-9.090909,
8,Colombia,1909,-0.54360503,-1.875,-0.072821774,-2.9971991,-0.74005818,1.0791327,6.71245,,8.5,-0.40100682,-0.66832209,,0.0,30.923229,6.9160733,0.0,,-1.875,
8,Colombia,1910,-0.98674142,0.0,-0.061092351,-3.1082602,-0.68956286,1.2316417,13.275,,5.9000001,-0.85832196,-0.87403297,,0.0,30.885345,6.0774064,0.0,,0.0,
8,Colombia,1911,-0.83748168,9.5541401,-0.057618629,-1.4971471,-0.74396998,0.86182219,12.3692,,5.3000002,-0.79590327,-0.63521117,,0.0,52.696037,13.334774,0.0,,9.5541401,
8,Colombia,1912,-0.78213876,23.83721,-0.052582532,0.009806212,-0.68816215,0.78022254,9.4961395,,5.0,-0.72224987,-0.67461878,,0.0,53.76284,13.098719,0.0,,23.83721,
8,Colombia,1913,-0.56333691,20.187794,-0.055007249,2.8929539,-0.58718234,0.69862294,10.1704,,5.5999999,-0.4199867,-0.68142253,,0.0,49.213394,11.617713,0.0,,20.187794,
8,Colombia,1914,0.40898424,-3.515625,-0.061490547,1.6252384,-0.74365777,0.86238426,10.7064,,5.5999999,0.28283045,0.37043586,,0.0,199.27412,67.971817,0.0,,-3.515625,
8,Colombia,1915,-0.47056666,-2.4291499,-0.061097357,-1.7545468,-0.58090889,0.65662307,9.2667303,,4.0999999,-0.37648726,-0.57473361,,0.0,269.59604,89.364891,0.0,,-2.4291499,
8,Colombia,1916,-0.27112451,0.82987553,-0.054336701,1.0276366,-0.517519,0.59014213,8.4076996,,6.3000002,-0.18189308,-0.32495192,,0.0,260.30356,77.005394,0.0,,0.82987553,
8,Colombia,1917,0.12849347,-4.1152263,-0.058532316,0.7475037,-0.73755217,0.53341645,7.7021899,,4.5,0.58189374,-0.3086369,,0.0,296.97101,91.18145,0.0,,-4.1152263,
8,Colombia,1918,-0.96028531,4.2918453,-0.047964793,1.2126447,-0.42463219,0.47669074,6.7950702,,5.0999999,-0.77079839,-0.975541,,0.0,331.62021,104.94245,0.0,,4.2918453,
8,Colombia,1919,-0.66507095,62.551441,-0.013023483,14.027182,-0.2661168,0.41996503,5.6634998,,4.0,-0.49400377,-0.57266432,,0.0,166.6438,50.341347,0.0,,62.551441,
8,Colombia,1920,-0.95581639,5.5696201,0.0093283923,4.9544039,-0.18460794,0.80172932,4.7915101,,4.4000001,-0.6988157,-1.0393132,,0.0,102.06319,26.740316,0.0,,5.5696201,
8,Colombia,1921,-0.72505331,-14.187557,0.020661773,2.1609478,-0.7419368,0.83311325,5.3543901,,4.6999998,-0.55436307,-0.75050753,,0.0,72.843681,19.273092,0.0,,,
8,Colombia,1922,-1.0999082,2.7303755,0.041705482,-0.91547996,-0.64948034,0.78706568,5.2662702,,4.6999998,-0.9786886,-0.99567837,,0.0,64.923538,14.987831,0.0,,2.7303755,
8,Colombia,1923,-1.0988431,9.3023252,0.059307165,-0.19545586,-0.65388137,0.46355695,6.9000001,,5.1999998,-0.97810811,-0.93905675,,0.0,58.87146,15.772941,0.0,,9.3023252,
8,Colombia,1924,-1.0483769,18.844984,0.070817508,4.422657,-0.630292,0.42441761,5.0,,4.4000001,-0.83332253,-1.0063666,,0.0,49.706013,11.558342,0.0,,18.844984,
8,Colombia,1925,-1.1108465,29.667519,0.046776325,1.4834871,-0.68582308,0.41151449,3.7,,4.5999999,-0.93493116,-1.0564617,,0.0,45.767529,11.631164,0.0,,29.667519,
8,Colombia,1926,-1.0311648,5.3254437,0.088598527,2.6176629,-0.52327299,0.38408694,2.5999999,,5.4000001,-0.89464277,-0.92178464,,0.0,37.680462,9.508852,0.0,,5.3254437,
8,Colombia,1927,-0.88982439,-4.6816478,0.12555321,1.2872431,-0.68331283,0.69657677,4.6999998,,6.4000001,-0.73653412,-0.85376292,7.0,0.0,45.88192,11.855752,0.0,,-4.6816478,
8,Colombia,1928,-0.65642196,1.1787819,0.14695656,1.7478662,-0.68154097,0.64071429,6.9000001,,6.1999998,-0.66936374,-0.58561575,7.0,0.0,37.190571,8.9881992,0.0,,1.1787819,
8,Colombia,1929,-0.75761259,7.1844659,0.13327235,1.4849522,-0.46956146,0.64841497,7.5,,5.9000001,-0.6709851,-0.74717492,9.0,0.0,40.538773,10.668823,0.0,,7.1844659,
8,Colombia,1930,-0.95200157,-14.187557,0.08897236,2.8959603,-0.48717159,0.4570857,9.5,,4.9000001,-0.95258963,-0.74261153,7.0,0.0,42.976971,10.792203,0.0,11.67,,
8,Colombia,1931,-0.74293727,-14.187557,0.047350783,6.3965321,-0.61188912,0.66568416,11.9,,6.0,-0.48117301,-0.8327499,7.0,0.0,44.57341,11.308827,0.0,13.95,,
8,Colombia,1932,0.3586219,-14.187557,0.066669248,1.0253106,-0.60097665,0.57088101,17.6,,6.0999999,-0.11395929,0.70963657,5.0,0.0,59.718971,16.098141,0.0,13.92,,
8,Colombia,1933,1.4336389,38.405796,0.085896179,-0.16652422,-0.5589267,0.96625406,19.6,,6.4000001,1.2832322,1.5806817,4.0,0.0,52.87656,13.639165,0.0,9.3999996,38.405796,
8,Colombia,1934,-0.47272229,16.492147,0.029374214,3.4720685,-0.38038519,1.4915153,17.700001,,4.8000002,-0.72659588,-0.15711893,4.0,0.0,52.097977,11.966285,0.0,8.6599998,16.492147,
8,Colombia,1935,-0.45315722,-4.719101,0.10057644,2.3199074,-0.64251977,0.73658842,20.6,,4.0999999,-0.59982812,-0.24853538,4.0,0.0,82.748703,24.626318,0.0,9.3100004,-4.719101,
8,Colombia,1936,-0.58711559,20.047171,0.11661649,2.109561,-0.64471143,1.0337926,17.799999,,4.5999999,-0.68628877,-0.26649949,4.0,0.0,91.402847,28.272528,0.0,9.6800003,20.047171,
8,Colombia,1937,-0.88202214,0.0,0.097431399,3.1270251,-0.51877201,0.95061487,18.4,,5.0999999,-0.67206168,-0.78793103,,0.0,87.478371,28.389343,0.0,8.7299995,0.0,
8,Colombia,1938,-0.49033248,12.573674,0.12570213,-0.98426986,-0.62623411,0.83435339,15.9,,4.9000001,-0.60332233,-0.25542623,,0.0,102.05727,35.230949,0.0,8.9200001,12.573674,
8,Colombia,1939,0.34530017,3.6649215,0.13586044,-3.354979,-0.29245555,2.3183115,14.5,,4.5999999,0.48378855,0.22514838,,75.25412,191.01532,69.620514,0.0,8.1700001,3.6649215,
8,Colombia,1940,0.20420542,-3.5353534,0.10767082,-5.1154032,-0.31141743,0.82404333,13.2,,6.0999999,0.90834892,-0.51907951,,-0.070054643,200.07191,75.869698,0.0,8.46,-3.5353534,
8,Colombia,1941,0.88089418,0.0,0.075193502,-3.9067826,0.87291175,0.85140079,15.2,,5.1999998,1.477609,-0.097930066,,0.0,241.92404,82.176552,0.0,6.98,0.0,
8,Colombia,1942,0.63210559,7.329843,0.02807897,-1.7073383,1.824401,0.82657707,14.1,,6.0,1.6691809,-0.48068824,,0.0,306.14059,90.392456,0.0,6.3600001,7.329843,
8,Colombia,1943,-0.45887721,17.235773,-0.016762938,-0.88953483,1.4930398,0.66566885,14.1,,5.1999998,0.03506336,-0.9616912,,0.0,344.39383,103.26248,0.0,6.2800002,17.235773,
8,Colombia,1944,-0.48564383,20.665743,-0.00022777912,-3.3059132,-0.054751173,0.76522297,12.4,,4.5,-0.14180149,-0.72043979,,0.0,376.73724,115.90276,0.0,6.5100002,20.665743,
8,Colombia,1945,-0.40900502,9.7701149,-0.0037471794,-5.4462237,0.71262211,0.73442763,11.3,,4.5,-0.27789366,-0.46613055,,0.0,240.73561,76.007935,0.0,6.6199999,9.7701149,
8,Colombia,1946,-0.41751561,8.7958117,0.03405448,-2.905715,0.82735485,0.6783343,10.4,,5.1999998,-0.70176655,-0.074753873,,0.0,122.23141,36.943428,0.0,6.6399999,8.7958117,
8,Colombia,1947,0.70493644,18.38306,0.024041548,-2.2205181,0.30993158,0.94471109,9.5,,5.8000002,-0.1035208,1.1891493,,0.0,99.266258,26.224085,0.0,7.1199999,18.38306,
8,Colombia,1948,2.8608043,12.113821,0.0057249945,-1.6331488,1.1422297,0.96803743,8.8000002,,5.5,1.5314504,3.5479078,,0.4960016,114.34803,32.047459,0.0,7.1300001,12.113821,
8,Colombia,1949,-0.24626672,12.545322,0.010963262,-1.9376687,-0.16865271,1.0495471,7.5,19.512196,5.0,-0.38315013,-0.16369799,,11.363639,83.723862,22.951014,0.0,6.6100001,12.545322,19.512196
8,Colombia,1950,-0.57640594,11.082474,0.010311894,-0.96180779,0.2563253,1.0135766,6.4000001,8.1632595,5.5999999,-0.56545806,-0.34888795,,0.0,142.74683,42.878204,0.0,6.4899998,11.082474,8.1632595
8,Colombia,1951,0.26891211,8.9823608,-0.013221677,4.0741539,0.14521089,1.4818608,5.9000001,20.519264,5.1999998,0.58377713,0.36070102,,22.448982,154.43521,48.675804,0.0,6.5799999,8.9823608,20.519264
8,Colombia,1952,-0.52839363,-2.3655379,-0.0058924216,5.0102973,-0.25994557,1.5315306,5.6999998,19.110489,5.5999999,-0.50560629,-0.54065627,,4.5833287,105.07939,31.530146,0.0,6.3400002,-2.3655379,19.110489
8,Colombia,1953,-0.20648164,7.3450651,0.00012578965,6.5204096,-0.66403103,1.9521297,5.3000002,15.519262,6.4000001,-0.3303766,-0.19439463,,0.0,101.92927,31.795517,0.0,6.3299999,7.3450651,15.519262
8,Colombia,1954,-0.34366235,8.6718931,0.013472768,5.1246405,-0.34719968,2.1124995,5.5,28.131302,6.6999998,-0.53629524,-0.033948667,,0.0,91.05645,27.977751,0.0,6.25,8.6718931,28.131302
8,Colombia,1955,-0.92672801,-0.76519459,-0.0019361366,2.6264548,-0.3485758,2.0227795,4.5999999,4.6511731,10.0,-0.98934722,-0.7059359,,0.0,89.117783,26.278156,0.0,6.7399998,-0.76519459,4.6511731
8,Colombia,1956,-0.61896348,5.4027009,-0.016259503,-0.27658221,0.060173545,1.8761319,5.0,31.111113,7.6999998,-0.68764639,-0.46445543,,0.0,101.25542,34.269299,0.0,,5.4027009,31.111113
8,Colombia,1957,-0.44915402,16.592402,-0.033953372,3.1903858,-0.17918344,2.4190044,6.5,4.1367354,5.9000001,-0.72657907,-0.19500382,,51.294819,99.325577,31.524683,0.0,,16.592402,4.1367354
8,Colombia,1958,-0.078411318,13.215115,-0.062845029,8.3895836,-0.61597735,2.3545907,6.5999999,18.703457,6.0999999,-0.16160181,0.072154753,,68.531937,115.22129,32.069099,0.0,,13.215115,18.703457
8,Colombia,1959,-0.58705139,8.2394571,-0.047102325,6.124197,-0.6625784,1.8308668,5.8000002,14.687415,6.0,-0.48582095,-0.5645957,,0.0,82.10849,22.235737,0.0,,8.2394571,14.687415
8,Colombia,1960,0.14944994,5.8140764,-0.058903862,3.0831823,-0.62926847,1.8843235,7.1999998,10.759888,6.6999998,-0.39686793,0.48697311,,3.6718771,86.417786,23.297009,0.0,,5.8140764,10.759888
8,Colombia,1961,0.48166102,8.2831907,-0.063035451,-0.67316979,-0.53863692,2.1432562,8.6999998,23.235001,8.6000004,-0.27944869,0.99629915,,0.97964698,126.08382,34.391445,0.0,,8.2831907,23.235001
8,Colombia,1962,0.35354036,4.697094,-0.063262209,-3.1709595,-0.35206208,3.0994153,14.8,19.344,7.8000002,-0.43077117,0.93510509,,3.9054816,124.72618,32.927052,0.0,,4.697094,19.344
8,Colombia,1963,0.46791184,26.355436,-0.083222128,-3.4191892,-0.3868233,3.5151403,13.9,15.462,8.6000004,0.3533932,0.43946931,,29.279379,117.54991,30.060968,0.0,,26.355436,15.462
8,Colombia,1964,-0.21245208,17.072435,-0.074803315,-3.2758591,-0.30063593,3.1808035,13.1,17.969999,8.1000004,-0.71072584,0.2906906,,0.0,90.5354,25.221382,0.0,,17.072435,17.969999
8,Colombia,1965,-0.28561231,7.5906835,-0.090674318,-6.1759663,-0.28788507,3.1909468,15.2,14.913,7.0,-0.049582556,-0.51441944,,16.666666,99.786484,27.809542,0.0,,7.5906835,14.913
8,Colombia,1966,-0.69156712,16.728168,-0.089236356,-3.8295143,-0.30281842,3.1652448,15.3,14.639,8.0,-0.67661232,-0.51754785,,28.571428,90.635468,26.37184,0.0,,16.728168,14.639
8,Colombia,1967,-0.15509915,8.3281918,-0.097631954,-6.7434983,-0.5650779,3.1173646,15.8,19.917,8.1999998,-0.21912907,-0.18104789,,8.8020821,112.60692,34.351944,0.0,,8.3281918,19.917
8,Colombia,1968,-0.74238539,7.4475389,-0.086708948,-3.8559248,-0.452584,2.3853724,16.200001,16.245001,8.8999996,-0.65853524,-0.69372237,,10.92055,104.20105,27.213919,0.0,,7.4475389,16.245001
8,Colombia,1969,-0.67229319,6.9816632,-0.072460458,-3.0357888,-0.37748936,2.0549242,17.0,21.648001,9.1999998,-0.70435673,-0.49535,,6.3223753,95.787491,26.009495,0.0,,6.9816632,21.648001
8,Colombia,1970,-0.57086641,6.9086227,-0.054235842,-0.90709114,-0.64229912,2.2595465,16.700001,15.367,10.0,-0.41508651,-0.57626718,,6.4831791,102.82236,28.460724,0.0,,6.9086227,15.367
8,Colombia,1971,-0.69078064,11.940262,-0.04307007,-0.89883441,-0.47670561,3.3741741,16.200001,10.648,10.3,-0.77035308,-0.5414356,,8.1043234,87.422432,23.984335,0.0,,11.940262,10.648
8,Colombia,1972,-0.92905641,12.444459,-0.014309701,-2.9810162,-0.40481094,1.9671959,16.9,26.955999,10.3,-0.9004432,-0.79735315,,9.6912222,87.485275,23.428507,0.0,,12.444459,26.955999
8,Colombia,1973,-0.87050515,22.529648,0.007206101,-1.6006367,0.35446352,1.6902452,16.299999,31.511999,9.3999996,-0.82584441,-0.73538053,,8.106185,76.668312,23.622358,0.0,,22.529648,31.511999
8,Colombia,1974,-0.59305543,23.870956,0.020370357,0.82530397,0.74794072,1.5757802,15.9,45.209,8.8000002,-0.78540635,-0.36902198,,10.293007,70.567474,19.881224,0.0,,23.870956,45.209
8,Colombia,1975,-0.73604268,23.437502,0.00097547512,0.32380632,-0.0043964819,1.7402681,14.6,34.797001,9.3999996,-0.73802078,-0.5628069,,18.676697,79.141571,24.681864,0.0,,23.437502,34.797001
8,Colombia,1976,-0.51003975,19.831224,0.0057698465,1.2738682,-0.021826278,1.4936029,12.2,40.632,8.0,-0.1961451,-0.77487785,,12.127944,69.23243,20.273287,0.0,,19.831224,40.632
8,Colombia,1977,-0.50759482,33.802818,0.0070582917,0.23249066,0.033931021,1.4384872,9.1999998,35.198002,7.6999998,-0.66935539,-0.26567566,,5.9855886,68.475105,20.169016,0.0,,33.802818,35.198002
8,Colombia,1978,-0.53239989,17.763159,0.050620992,0.42667493,-0.28007257,1.5503194,7.5999999,26.667,8.1000004,-0.57810336,-0.43064117,,6.3210177,81.370934,24.574587,0.0,,17.763159,26.667
8,Colombia,1979,-0.37313041,24.134075,0.063487083,-1.5055785,0.1179602,1.6739287,7.6999998,24.900999,8.6000004,-0.25394258,-0.41695786,,8.8375778,86.351082,24.680473,0.0,,24.134075,24.900999
8,Colombia,1980,0.52852809,25.931999,0.06264627,1.4757274,-0.29221639,1.8301216,8.0,48.139,9.6000004,0.0060271095,1.0283291,,11.130021,102.05772,28.895565,0.0,,25.931999,48.139
8,Colombia,1981,0.20127618,27.393,0.042248715,-3.2444069,0.19131675,1.7551204,8.5,38.304001,9.8999996,0.30075991,0.12872358,,15.238669,101.66919,30.618402,0.0,,27.393,38.304001
8,Colombia,1982,0.75667417,24.860001,0.010053511,-4.585978,-0.4862788,1.713851,8.8000002,25.534,10.6,0.13033786,1.4375061,,17.458967,124.11795,36.646294,0.0,,24.860001,25.534
8,Colombia,1983,1.5287993,19.525999,-0.016043641,-7.1689882,0.010012804,2.2199376,10.8,29.111,10.2,0.73708159,1.9876662,,23.194679,103.87984,29.164837,0.0,,19.525999,29.111
8,Colombia,1984,1.0116246,16.283001,-0.022784283,-6.7014384,-0.36768225,2.3258951,15.5,23.423,10.3,0.84652966,0.92412114,,27.854536,88.389366,22.135704,0.0,,16.283001,23.423
8,Colombia,1985,0.81828529,23.906,-0.032252654,-4.9013286,0.10427829,2.0540166,19.299999,23.429001,10.5,0.73546612,0.63964188,,41.226192,92.283493,22.506956,0.0,,23.906,23.429001
8,Colombia,1986,0.75682712,18.848,-0.01392593,-0.58965755,-0.40674824,1.9446195,20.200001,28.736612,9.8000002,0.87229508,0.66175771,31.361666,36.454544,91.707932,24.348009,0.0,,18.848,28.736612
8,Colombia,1987,-0.76466769,23.334,-0.0019556649,-1.7434251,-0.45101163,1.9831355,18.9,30.01601,9.6999998,-0.6955753,-0.62294829,30.790001,24.878242,85.342255,20.017002,0.0,,23.334,30.01601
8,Colombia,1988,0.067183532,28.1,-0.0014206505,-1.6576312,-0.37077308,2.1992447,17.9,14.69,10.3,-0.014833666,0.079335116,33.459167,23.293522,72.833328,15.660947,0.0,,28.1,14.69
8,Colombia,1989,1.6895379,25.934999,-0.0084699504,-0.17227577,0.10430759,2.1881838,17.299999,34.161785,10.3,2.1545343,0.66548932,33.727501,27.893744,81.248924,17.024529,0.0,,25.934999,34.161785
8,Colombia,1990,1.3428143,29.115,-0.0065797265,2.5876391,0.34424463,1.8601593,16.700001,32.283394,9.3999996,1.6072205,0.78560621,34.759167,31.292276,100.47716,26.161921,0.0,,29.115,32.283394
8,Colombia,1991,0.55466104,30.318001,-0.023032216,1.1411142,0.048199993,1.8534818,14.5,32.841,10.4,0.94288331,-0.14905477,34.759167,24.823576,115.19403,27.416693,0.0,,30.318001,32.841
8,Colombia,1992,0.062548935,27.02,-0.019562669,1.0221523,0.32532421,2.106678,16.1,39.032001,12.2,0.21417731,-0.10520415,26.671667,8.5602694,75.940979,17.987499,0.0,,27.02,39.032001
8,Colombia,1993,-0.019695107,22.448999,-0.0020204473,3.3837492,-0.49925634,2.5252671,14.2,39.009998,12.0,0.44412783,-0.54477257,25.8325,15.527832,86.624359,19.509777,0.0,,22.448999,39.009998
8,Colombia,1994,-0.32242319,22.851,0.011268646,2.9189095,-0.32302541,2.5084071,12.5,45.735001,12.8,-0.33460984,-0.22383119,29.415833,5.0666509,88.633369,20.101641,0.0,,22.851,45.735001
8,Colombia,1995,-0.479366,20.884001,0.026045728,2.2896318,-0.41695416,2.8316267,13.8,28.233,13.6,-0.36962914,-0.48644048,32.338333,10.466293,75.088799,15.474208,0.0,,20.884001,28.233
8,Colombia,1996,0.098352082,20.802999,0.011336411,2.62591,-0.51147777,4.4453931,23.285999,21.028,15.7,-0.0091163274,0.13010764,31.138334,13.533307,61.413044,12.319918,0.0,,20.802999,21.028
8,Colombia,1997,0.058326095,18.476,0.013264677,1.9657534,-0.014365016,2.8017879,25.263,23.881001,16.299999,0.44810474,-0.39242414,24.128334,10.084889,39.673115,10.087817,0.0,,18.476,23.881001
8,Colombia,1998,0.2240347,18.65,-0.015272878,2.0621567,-0.16433294,3.4409857,5.4039998,11.358,17.0,0.50884533,-0.023409413,32.583332,25.003744,51.792046,13.581949,0.0,,18.65,11.358
8,Colombia,1999,0.71448117,10.876,-0.089531705,2.0841184,0.06122322,3.762742,19.065001,11.897,19.299999,1.2139006,0.17090088,21.328333,23.184582,58.142807,15.360798,0.0,,10.876,11.897
8,Colombia,2000,0.98285067,9.2180004,-0.094317488,-1.6183554,0.010721377,3.0316834,17.709,3.648,26.579008,0.93369401,0.9545235,12.146667,18.85338,45.607391,10.485798,0.0,,9.2180004,3.648
8,Colombia,2001,1.2672533,7.9580002,-0.10894302,-0.60726857,0.30572456,3.3238728,41.095001,19.586,27.506674,1.4684305,0.9017064,12.435,10.15088,111.46019,23.357077,0.0,,7.9580002,19.586
8,Colombia,2002,2.1265192,6.3499999,-0.11521459,-1.7506212,-0.24635385,3.4171276,47.546001,4.6079998,28.073944,2.738951,1.298115,8.9383335,8.9753475,111.12048,23.812454,0.0,,6.3499999,4.6079998
8,Colombia,2003,1.4593343,7.1199999,-0.10765953,1.5545835,-0.098318338,3.4639888,52.535,10.525,28.014212,2.1335893,0.56681502,7.8033333,14.735833,135.32417,31.21192,0.0,15.233165,7.1199999,10.525
8,Colombia,2004,0.25222859,5.9060001,-0.086306937,0.67135215,-0.43548229,3.4650152,41.481998,19.289,26.631437,0.59444696,-0.10971852,7.7983332,-8.6036777,110.70305,23.086985,0.0,14.329494,5.9060001,19.289
8,Colombia,2005,0.083443962,5.0479999,-0.07083825,1.998683,-0.29177722,3.3746798,38.533001,17.632999,25.889332,0.21373652,-0.19866814,7.0141668,-11.678983,83.537979,17.749104,0.0,11.64633,5.0479999,17.632999
8,Colombia,2006,-0.30788833,4.303,-0.037002966,3.9815719,-0.41431206,3.295825,35.969002,17.950001,28.44109,-0.082263432,-0.36784661,6.2741666,1.613803,86.026413,20.474642,0.0,9.1762152,4.303,17.950001
8,Colombia,2007,0.16146462,5.5430002,-0.0023048276,1.2020233,-0.061169762,3.2863016,32.662998,17.392,28.162298,0.19193999,0.10370352,8.0141668,-11.984924,84.868973,17.358912,0.0,10.024698,5.5430002,17.392
8,Colombia,2008,1.1000957,7.0009999,0.00020181418,3.0310357,1.4474543,3.737247,65.245003,18.482,28.428793,1.5025849,0.71014583,9.7416668,-5.2560134,71.192848,15.62155,0.0,11.900422,7.0009999,18.482
8,Colombia,2009,-0.019825034,4.1929998,-0.017806252,-1.2233921,-0.31326714,3.8869638,68.999001,8.0559998,30.914217,-0.091341883,-0.036144149,6.1441665,9.4649048,69.581642,16.376753,0.0,9.5605059,4.1929998,8.0559998
8,Colombia,2010,0.70382929,2.2679999,-0.0028145444,-2.3592567,0.29435858,3.636915,72.453003,11.458,30.350281,0.47363067,0.62928647,3.6616666,-11.82437,73.838913,18.237875,0.0,8.4761343,2.2679999,11.458
8,Colombia,2011,-0.56400436,3.415,0.0361032,2.5984399,-0.18970782,3.077107,62.860001,18.924,30.233366,-0.56485802,-0.4882102,4.2066665,-2.7238173,75.721146,18.652119,0.0,8.1032267,3.415,18.924
8,Colombia,2012,-0.15509045,3.174,0.046990808,1.7136939,-0.2463365,3.1560059,65.227997,16.072001,29.092598,0.0032181574,-0.33815962,5.3541665,-2.6628127,69.216782,17.812771,0.0,6.8205762,3.174,16.072001
8,Colombia,2013,-0.47500336,2.0220001,0.070180595,0.6135112,0.72455132,3.2722628,67.102997,13.735,29.998404,-0.20731233,-0.54482269,4.2391667,3.9667192,70.025406,17.339624,0.0,6.4979839,2.0220001,13.735
8,Colombia,2014,-0.74444574,2.905,0.08794757,-0.14111094,1.7449081,3.108259,47.976002,9.191,31.261246,-0.66021979,-0.73655993,4.0683331,7.0209184,80.853844,22.615686,0.0,7.0566335,2.905,9.191
8,Colombia,2015,-0.30687088,4.9910002,0.091190346,0.47582838,0.68717796,3.1099601,53.278999,11.421,31.277351,0.019585866,-0.2971873,4.5783334,37.146927,94.918381,24.895029,0.0,7.8719158,4.9910002,11.421
8,Colombia,2016,0.082919985,7.507,0.084782667,-1.9416728,1.2867241,3.071131,66.906998,7.1869998,29.993624,-0.20661774,0.33855349,6.7816668,11.212092,84.358536,23.341162,0.0,7.9225001,7.507,7.1869998
8,Colombia,2017,-0.30046698,4.3119998,0.066684633,-3.1236105,2.1435995,3.2080967,66.726997,6.79,29.320522,-0.66579545,0.10594458,5.9891667,-3.2649145,86.290787,26.847351,0.0,6.8166666,4.3119998,6.79
8,Colombia,2018,-0.40481564,3.2420001,0.056602489,-2.1359899,2.6098111,3.0332327,71.651001,5.1069999,34.657894,-0.51290327,-0.077112645,4.7091665,0.17158864,67.708572,22.252611,0.0,7.0091667,3.2420001,5.1069999
8,Colombia,2019,1.8927128,3.5209999,0.053176295,-1.3788091,6.5582933,3.1456566,72.704002,8.8520002,32.87886,-0.49457201,3.5518107,4.4983335,10.980749,69.926216,23.420792,0.0,6.4974999,3.5209999,8.8520002
8,Colombia,2020,0.064007416,2.527,-0.052616566,-5.1510639,1.9800597,3.534404,91.156998,12.708,33.541809,-0.56688505,0.73834908,3.3783333,12.5658,66.154915,18.807127,0.0,6.3333335,2.527,12.708
8,Colombia,2021,-0.32374313,3.5039999,0.022201965,0.5802387,3.0427454,3.1957583,80.366997,11.96,34.301697,-0.48723194,0.040950716,2.0725,1.333335,58.633369,17.75816,0.0,7.6241665,3.5039999,11.96
8,Colombia,2022,0.074513063,10.184,0.065533288,8.5301065,3.4143486,2.7979829,70.269997,10.414,33.933666,-0.40812901,0.47256529,8.4991665,13.702599,112.93623,50.315845,0.0,11.639167,10.184,10.414
8,Colombia,2023,-0.02428039,11.729,0.0447894,0.35853264,2.3020606,2.9654522,71.330002,6.0809999,35.040039,-0.39239609,0.47704315,13.214167,1.6357968,99.392548,39.402023,0.0,11.339167,11.729,6.0809999
9,Denmark,1900,-0.43530965,2.4390168,0.088200159,-22.073656,-0.48005643,1.3811073,16.472466,2.657439,5.9670196,-0.27427435,-0.63658106,6.2199998,,72.415619,21.742165,0.0,3.7750001,2.4390168,2.657439
9,Denmark,1901,-0.2755461,3.5713964,0.096131347,-27.565037,-0.40407297,1.4580225,17.993149,3.9479058,5.5912538,-0.21152449,-0.40795031,5.75,-0.53362125,43.076683,12.101571,0.0,3.5999999,3.5713964,3.9479058
9,Denmark,1902,-0.18972269,0.0,0.087732665,-16.201086,-0.3182267,1.2002028,17.564327,8.5025301,5.5574498,-0.45105278,0.14255826,4.46,0.14996208,43.4799,11.099935,0.0,3.55,0.0,8.5025301
9,Denmark,1903,-0.39752084,-3.4482458,0.11340963,-13.167215,-0.57721686,1.3927799,16.654652,6.7690787,5.421751,-0.40870321,-0.39583164,4.54,0.22311084,49.491287,13.455053,0.0,3.5,-3.4482458,6.7690787
9,Denmark,1904,-0.11000767,0.0,0.10386469,-8.0174847,-0.6098507,1.199774,16.348749,4.3808632,6.6983776,0.026963679,-0.31262952,4.79,-0.18745348,76.692307,24.579073,0.0,3.5999999,0.0,4.3808632
9,Denmark,1905,-0.12945126,2.3809452,0.088591173,-5.7321196,-0.63834077,1.1060202,15.40783,7.4203115,5.44172,-0.087495618,-0.17022429,4.5500002,0.028870061,54.05724,16.052282,0.0,3.55,2.3809452,7.4203115
9,Denmark,1906,-0.50199729,1.1627663,0.084732562,2.8024287,-0.68425333,1.1737342,15.5193,7.0588646,6.9964967,-0.33408067,-0.64554781,5.4499998,0.53342783,40.733101,9.2836647,0.0,3.575,1.1627663,7.0588646
9,Denmark,1907,-0.63623577,5.7471318,0.088248141,4.0335093,-0.62840873,1.1580822,14.739275,6.7557807,5.4123058,-0.49142283,-0.79951394,6.4200001,0.15053745,34.413788,7.3332005,0.0,3.625,5.7471318,6.7557807
9,Denmark,1908,-0.60558754,2.1739461,0.086700812,-2.3094163,-0.68991107,1.1930653,14.344219,7.1018076,6.091145,-0.51050025,-0.69912547,6.7800002,-0.54161119,32.829559,7.8067732,0.0,3.7,2.1739461,7.1018076
9,Denmark,1909,-0.58737034,-3.1914988,0.091248319,-2.6871705,-0.72474682,1.197801,16.528063,-2.0608766,7.2855034,-0.48971671,-0.69198126,5.3400002,-0.17307591,30.923229,6.9464917,0.0,3.675,-3.1914988,-2.0608766
9,Denmark,1910,-0.52427232,1.098878,0.087850198,-1.579551,-0.72857237,1.601611,17.494173,3.7575758,7.2404785,-0.37570471,-0.73595351,5.3499999,0.18815355,30.885345,6.0645957,0.0,3.7,1.098878,3.7575758
9,Denmark,1911,-0.53599936,-1.086934,0.1075948,3.3360207,-0.72960919,1.2271006,17.179571,6.9383178,8.4590931,-0.37355936,-0.70196033,4.9899998,-0.010101036,52.696037,13.334774,0.0,3.75,-1.086934,6.9383178
9,Denmark,1912,-0.51449138,5.4945087,0.07560771,20.39748,-0.59277588,1.4499156,16.518713,2.7730196,8.797267,-0.34662667,-0.69442874,5.3800001,0.094445296,53.76284,13.098719,0.0,3.925,5.4945087,2.7730196
9,Denmark,1913,-0.51706839,4.1666541,0.081021972,20.242685,-0.63238585,1.2922288,15.56106,6.6170907,5.3711429,-0.36937511,-0.69707328,5.98,0.14915782,49.213394,11.633808,0.0,4.1999998,4.1666541,6.6170907
9,Denmark,1914,2.3105309,3.0000093,0.11033069,14.662527,-0.26761603,0.63704884,14.270463,6.5602803,6.824358,2.3383133,2.0615542,5.9699998,1.5011393,199.27412,67.537872,0.0,4.25,3.0000093,6.5602803
9,Denmark,1915,3.1601233,18.33333,0.004809069,48.891823,0.91489249,1.0162679,13.598891,8.0927267,7.5262213,3.3557413,2.6680975,5.98,2.9681561,269.59604,88.712082,0.0,5.1999998,18.33333,8.0927267
9,Denmark,1916,2.2600605,16.901403,0.014084713,32.950748,0.97473609,0.89650524,12.237855,19.400696,7.8971329,2.646529,1.196457,5.2800002,-8.1276608,260.30356,76.532166,0.0,4.9000001,16.901403,19.400696
9,Denmark,1917,4.4193969,15.662644,-0.080718987,-8.1734715,3.028553,0.96397322,14.716463,32.898575,10.766175,4.0588427,4.7417898,4.77,-6.2992134,296.97101,90.340065,2.1288283,4.875,15.662644,32.898575
9,Denmark,1918,3.2217536,17.708342,-0.14632913,-41.880936,1.555876,0.96738017,12.658414,20.063202,13.781808,3.1220808,2.7090712,5.4699998,0.44488695,331.62021,104.24335,0.0,4.9000001,17.708342,20.063202
9,Denmark,1919,3.3837776,18.58407,-0.056160975,5.0480413,1.256732,1.1677938,13.408349,22.167778,10.387795,3.0802088,3.4872608,6.1100001,29.699797,166.6438,49.63356,0.0,5.1999998,18.58407,22.167778
9,Denmark,1920,0.21550523,18.65671,-0.042335968,27.216482,0.57437533,1.4997269,12.522985,12.451578,10.281233,0.28229764,-0.033680346,7.3099999,48.03643,102.06319,26.593811,0.0,6.3000002,18.65671,12.451578
9,Denmark,1921,-0.32118541,-14.187557,-0.10614157,-6.6360807,-0.42070922,1.8467155,16.805349,0.81645644,10.481674,-0.15609755,-0.50776178,6.1999998,-14.411122,72.843681,19.241657,0.0,5.5250001,,0.81645644
9,Denmark,1922,-0.5321179,-14.187557,-0.040727504,-6.127492,-0.15463553,0.98351175,20.812061,-7.896359,9.7957268,-0.41914162,-0.68264025,5.6399999,-13.880363,64.923538,14.968382,0.0,4.9000001,,-7.896359
9,Denmark,1923,-0.41025662,4.3478174,0.029817004,17.60498,0.062934615,0.8665179,18.648424,-1.2559607,7.9815588,-0.30741584,-0.59020555,6.1100001,14.169522,58.87146,15.731181,0.0,5.0,4.3478174,-1.2559607
9,Denmark,1924,-0.47461414,5.8333397,0.0028429707,38.909756,-0.56244737,0.68740618,17.267742,-8.6931934,7.6858058,-0.31258133,-0.70008886,6.3924999,9.7040091,49.706013,11.532008,0.0,5.3000002,5.8333397,-8.6931934
9,Denmark,1925,-0.42953914,-3.1496,-0.051523067,29.422249,-0.45058104,0.7192151,18.352024,-4.5039387,11.311556,-0.31471696,-0.59512287,6.3924999,-19.408998,45.767529,11.59209,0.0,5.2750001,-3.1496,-4.5039387
9,Denmark,1926,-0.47843769,-14.187557,-0.022248384,8.7179365,-0.35816714,0.81277454,20.723457,-8.1627369,8.9527941,-0.34237993,-0.63698244,5.3325,-19.706533,37.680462,9.4844494,0.0,5.25,,-8.1627369
9,Denmark,1927,-0.55634135,-3.8095162,-0.029865496,20.160666,-0.7011956,0.79143476,21.500565,-1.8700553,10.172997,-0.39880463,-0.77058315,4.9425001,-2.0299096,45.88192,11.855752,0.0,5.0999999,-3.8095162,-1.8700553
9,Denmark,1928,-0.47527274,0.0,-0.022767266,26.033857,-0.48499289,0.86826885,21.464043,-2.9118323,13.959904,-0.3907249,-0.57900655,4.9225001,-0.099896088,37.190571,8.9899702,0.0,4.9250002,0.0,-2.9118323
9,Denmark,1929,-0.43778801,-0.99009693,0.016175246,23.185394,-0.34332949,0.85723972,23.800413,2.5891895,7.3940024,-0.40450621,-0.47194013,5.1525002,0.20489173,40.538773,10.656484,0.0,5.0999999,-0.99009693,2.5891895
9,Denmark,1930,-0.50275993,-5.0000105,0.047626551,19.110115,-0.53064096,0.80207092,23.561789,4.5702848,7.9228745,-0.42999229,-0.59861678,4.7325001,-0.28736955,42.976971,10.77792,0.0,4.6500001,-5.0000105,4.5702848
9,Denmark,1931,-0.51803863,-5.2631474,0.030743163,3.6172848,-0.42758858,0.89957863,23.903893,-4.7345533,9.368598,-0.43270198,-0.62868041,4.6025,8.132987,44.57341,11.312278,0.0,4.75,-5.2631474,-4.7345533
9,Denmark,1932,-0.49871084,-1.1111088,-0.025951929,-12.253021,-0.55186522,0.76025867,24.475744,-3.1632679,10.817684,-0.37321436,-0.59252238,5.2525001,32.225555,59.718971,16.176687,0.0,5.0,-1.1111088,-3.1632679
9,Denmark,1933,-0.52307343,3.3707793,-0.02243641,-10.390757,-0.72127259,0.64188659,22.896839,6.1799922,12.931347,-0.47047335,-0.57828528,4.5324998,0.92520308,52.87656,13.798936,0.0,4.125,3.3707793,6.1799922
9,Denmark,1934,-0.48567626,3.2608628,-0.021871177,-13.745046,-0.46584666,0.699386,22.352942,3.238584,11.312218,-0.44737846,-0.53161824,3.8724999,-17.368074,52.097977,11.983082,0.0,3.95,3.2608628,3.238584
9,Denmark,1935,-0.2645866,4.2105179,-0.027395966,-18.337385,-0.43580127,0.6816166,20.233541,0.66350734,8.9811916,-0.44568518,-0.014040775,3.6824999,2.8021953,82.748703,24.603897,0.0,4.2750001,4.2105179,0.66350734
9,Denmark,1936,-0.28243813,1.0101203,-0.030096302,-13.112795,-0.44090939,0.64911717,18.983557,3.2449479,8.6496773,-0.37089625,-0.11482306,4.3125,-1.4068182,91.402847,28.243822,0.0,4.375,1.0101203,3.2449479
9,Denmark,1937,-0.2949858,3.9999917,-0.03330671,-3.4767873,-0.30161923,0.77983451,17.913458,1.7654306,8.3181629,-0.31235021,-0.19228993,4.5825,0.51398671,87.478371,28.341887,0.0,4.5500002,3.9999917,1.7654306
9,Denmark,1938,-0.19619712,0.96153653,-0.036550589,-10.650625,-0.60974878,1.347855,16.598351,4.0980802,7.971786,-0.1993178,-0.19116998,4.5524998,1.1733651,102.05727,35.19331,0.0,4.2750001,0.96153653,4.0980802
9,Denmark,1939,2.980545,2.8571372,-0.017180325,-12.859662,0.82406461,1.775158,15.300849,8.5248165,10.557402,2.5892701,3.6862686,4.6424999,7.1523967,191.01532,69.058937,2.4629054,4.625,2.8571372,8.5248165
9,Denmark,1940,5.5790191,24.074085,-0.19647554,-26.772043,4.4579496,2.1599813,14.62297,7.414269,11.287704,5.8384299,4.9245033,4.8125,5.2045379,200.07191,74.820694,3.6086388,4.9250002,24.074085,7.414269
9,Denmark,1941,1.5686799,14.925359,-0.3295193,-38.021324,2.8108032,,12.453004,16.454786,10.860237,1.9903277,0.78293288,4.0,0.0,241.92404,81.91259,0.0,4.1999998,14.925359,16.454786
9,Denmark,1942,0.19576193,3.2467606,-0.33715904,-45.442108,1.4312041,,9.8992739,13.930515,10.753177,0.50141519,-0.34057811,4.0,-7.0945916,306.14059,90.362946,0.0,4.0500002,3.2467606,13.930515
9,Denmark,1943,0.82420343,0.62892956,-0.26263866,-45.086414,1.4688666,,9.8878202,21.322485,10.120193,1.2441503,0.024918312,4.0,-0.46753326,344.39383,103.03963,0.0,4.3499999,0.62892956,21.322485
9,Denmark,1944,0.93981677,2.5000081,-0.19453728,-47.304424,0.43452933,,9.0317688,23.694145,10.036101,1.393302,-0.11358229,4.0,0.0,376.73724,115.65676,0.0,3.9749999,2.5000081,23.694145
9,Denmark,1945,1.2871324,1.2195097,-0.30506805,-53.004631,2.3942621,1.6342616,10.597143,10.685257,12.178572,1.5108385,0.73271352,4.0,0.15309559,240.73561,75.703598,0.0,3.75,1.2195097,10.685257
9,Denmark,1946,-0.01142521,-0.60240841,-0.1917658,-30.594912,2.7864864,1.6953218,9.9756756,-0.32860911,11.959459,-0.08952193,0.13240248,3.5208333,0.26403633,122.23141,36.877045,0.0,3.55,-0.60240841,-0.32860911
9,Denmark,1947,-0.17992051,2.7272735,-0.16772185,-25.250017,3.1678147,1.7465746,64.539063,-4.995851,12.220859,-0.32722768,-0.037784919,3.5,0.0,99.266258,26.268791,0.0,3.6500001,2.7272735,-4.995851
9,Denmark,1948,-0.089662179,2.6548681,-0.16507059,-22.062187,1.1932052,1.7707801,52.734997,-2.4300883,13.180791,-0.25490433,0.14606825,3.5,0.0,114.34803,32.229504,0.0,4.0700002,2.6548681,-2.4300883
9,Denmark,1949,0.31285194,2.7274647,-0.14978299,-9.0929518,0.23645908,2.1154675,47.805836,1.4417505,13.285714,0.016614409,0.72215682,3.5,12.428964,83.723862,22.837282,0.0,4.4200001,2.7274647,1.4417505
9,Denmark,1950,0.10241858,6.1452451,-0.10855817,8.5177021,0.077465855,1.664503,43.900414,2.4415045,11.971439,0.021056073,0.19025956,4.0833335,27.724722,142.74683,42.77956,0.0,4.5300002,6.1452451,2.4415045
9,Denmark,1951,0.2369794,10.526316,-0.13016962,26.339334,0.34778655,2.0529888,39.403957,2.3957946,13.644812,-0.022565171,0.7572636,5.0,0.0,154.43521,48.612793,0.0,5.1399999,10.526316,2.3957946
9,Denmark,1952,0.0344331,3.8095238,-0.14040524,14.209251,0.65045506,2.7395039,37.365215,8.239748,14.443183,-0.076721124,0.17839891,5.0,0.0,105.07939,31.447418,0.0,5.29,3.8095238,8.239748
9,Denmark,1953,-0.11300205,0.91743118,-0.110178,11.138395,-0.13547857,3.3633475,31.064528,6.2718582,14.860775,-0.3228026,0.1060598,4.875,0.70347762,101.92927,31.762859,0.0,5.0799999,0.91743118,6.2718582
9,Denmark,1954,-0.29027927,0.0,-0.11069921,20.82848,-0.40403956,3.1943693,30.63913,-0.41684949,15.390724,-0.39163393,-0.084442787,5.0,-0.12321056,91.05645,27.967867,0.0,5.2399998,0.0,-0.41684949
9,Denmark,1955,-0.35667557,5.4545455,-0.127299,21.456253,-0.43308896,3.1811895,29.12892,3.7783654,14.771785,-0.42185539,-0.23379408,5.7916665,-0.024421299,89.117783,26.238842,0.0,6.5700002,5.4545455,3.7783654
9,Denmark,1956,0.022745812,6.034483,-0.13302484,23.405575,1.0421754,3.0262861,28.915033,7.0905423,15.364221,-0.21183829,0.34736702,6.0,0.0060004015,101.25542,34.182251,0.0,6.7199998,6.034483,7.0905423
9,Denmark,1957,0.41957745,2.7439024,-0.10792708,20.899704,-0.00015215542,3.0787952,27.0581,5.6199822,15.920292,-0.17864181,1.2142867,6.0,-0.060968384,99.325577,31.37686,0.0,6.4299998,2.7439024,5.6199822
9,Denmark,1958,0.40311047,0.73139977,-0.11110775,19.210863,-0.59859312,2.8771112,26.4088,15.202703,16.502621,-0.28439873,1.3810127,5.6458335,-0.30023319,115.22129,31.950771,0.0,5.6799998,0.73139977,15.202703
9,Denmark,1959,-0.33003229,1.7275914,-0.075648025,24.095163,-0.40613467,2.5890138,23.542801,12.414467,16.216784,-0.46549922,-0.15059365,5.1458335,-0.43201801,82.10849,22.215778,0.0,6.1100001,1.7275914,12.414467
9,Denmark,1960,-0.34436178,1.2552301,-0.040816858,28.130199,-0.11873512,2.7288775,20.066668,5.405797,16.235964,-0.42682278,-0.22338283,5.9583335,0.014773783,86.417786,23.332264,0.0,6.3699999,1.2552301,5.405797
9,Denmark,1961,0.018876227,3.4516287,-0.004302077,16.348125,-0.47437549,2.5868115,16.430769,11.054585,18.725885,-0.40849614,0.63923126,6.25,0.16574635,126.08382,34.38369,0.0,7.1399999,3.4516287,11.054585
9,Denmark,1962,-0.073131405,7.3778195,0.023867959,14.659465,-0.41831964,3.0182731,15.255905,8.8399162,19.549692,-0.43976152,0.47985625,6.5,-0.04549861,124.72618,32.927052,0.0,6.9099998,7.3778195,8.8399162
9,Denmark,1963,-0.20955306,6.1050329,0.0029751738,15.255593,-0.38756704,3.0415239,13.671028,13.456944,20.428503,-0.37829065,0.02685098,6.1300001,0.038491361,117.54991,30.094196,0.0,6.2199998,6.1050329,13.456944
9,Denmark,1964,-0.14887096,3.0927835,0.065294668,18.291121,-0.41570011,2.8429146,14.546645,12.016242,19.773083,-0.35119641,0.13662937,6.1700001,0.17648786,90.5354,25.194887,0.0,6.23,3.0927835,12.016242
9,Denmark,1965,-0.47416636,5.4499998,0.082863621,13.745266,-0.30864191,2.8321378,12.91508,9.3405218,21.034433,-0.46834975,-0.47134122,6.5,-0.014791167,99.786484,27.837584,0.0,8.8999996,5.4499998,9.3405218
9,Denmark,1966,-0.39426619,7.0649595,0.082467869,0.42961878,-0.37014514,2.6367497,11.240964,12.745098,20.797386,-0.43223575,-0.35000423,6.5,-0.098049946,90.635468,26.356218,0.0,9.1199999,7.0649595,12.745098
9,Denmark,1967,0.029513737,8.2078533,0.10214496,-1.978379,-0.48324862,2.5882108,10.059829,9.6186113,22.42588,-0.095847465,0.20980947,6.5799999,1.0690802,112.60692,34.296772,0.0,9.4799995,8.2078533,9.6186113
9,Denmark,1968,-0.21122494,8.0052071,0.11168632,-2.522589,-0.53375888,2.6759341,9.3583431,14.185976,23.654432,-0.41457796,0.079184808,6.5799999,7.1999545,104.20105,27.161045,0.0,8.4899998,8.0052071,14.185976
9,Denmark,1969,-0.471802,3.4879193,0.15445764,-2.693001,-0.53461504,2.3916075,8.3570004,10.491783,23.039177,-0.48342714,-0.39708051,8.1700001,0.45501927,95.787491,26.009495,0.0,10.05,3.4879193,10.491783
9,Denmark,1970,-0.46182072,6.5148416,0.15057537,-1.4496262,-0.57923812,2.4291201,7.6187501,3.1657903,27.228943,-0.41566643,-0.50746155,9.0,-0.26580128,102.82236,28.466131,0.0,11.28,6.5148416,3.1657903
9,Denmark,1971,-0.37440774,5.8698697,0.15447259,-3.3194532,-0.32281128,2.3622222,7.7196426,9.5641174,28.581938,-0.36610669,-0.38969094,7.6199999,-1.2406571,87.422432,23.965122,0.0,9.8999996,5.8698697,9.5641174
9,Denmark,1972,-0.29573092,6.5623608,0.17720145,-6.2024913,-0.35674044,2.1799734,6.6449614,15.048062,28.546515,-0.17356855,-0.35887453,7.25,-6.0994301,87.485275,23.377829,0.0,11.0,6.5623608,15.048062
9,Denmark,1973,-0.10280108,9.3033829,0.18259241,-2.0267341,2.9014146,1.9758075,5.8516779,12.6,26.407045,-0.3736465,0.27936128,7.5900002,-13.065387,76.668312,23.540419,0.0,12.6,9.3033829,12.6
9,Denmark,1974,-0.30294484,15.275207,0.13836505,4.3478136,1.1248705,2.234844,5.0829411,8.8999996,30.220287,-0.38795555,-0.14944167,10.0,0.84748358,70.567474,19.85586,0.0,15.8,15.275207,8.8999996
9,Denmark,1975,-0.32552868,9.6056118,0.1156539,-1.1138397,-0.47508442,2.3972495,4.2550263,25.5,31.199528,-0.35768536,-0.27128643,8.04,-5.5743032,79.141571,24.650442,0.0,12.7,9.6056118,25.5
9,Denmark,1976,-0.45854935,9.0102911,0.15313715,-0.33270752,-0.26540643,2.2042031,4.4940367,11.4,31.139168,-0.38672325,-0.4571135,9.25,5.0596452,69.23243,20.282436,0.0,14.9,9.0102911,11.4
9,Denmark,1977,-0.51382411,10.922237,0.14351214,-1.6397796,-0.23198044,2.2163031,8.7791662,9.8000002,31.885263,-0.40403086,-0.66604716,14.69,-0.69711256,68.475105,20.188496,0.0,16.299999,10.922237,9.8000002
9,Denmark,1978,-0.38490364,10.213655,0.14865325,-5.5160584,-0.35939243,2.2718213,14.095095,6.6999998,32.764011,-0.37575042,-0.34778324,15.42,-8.1598339,81.370934,24.568609,0.0,16.371666,10.213655,6.6999998
9,Denmark,1979,-0.39458644,9.6110506,0.14733647,-2.4095426,0.63655609,2.2515273,19.374657,9.8999996,34.235573,-0.34875667,-0.42110959,12.54,-4.6430044,86.351082,24.687647,0.0,16.371666,9.6110506,9.8999996
9,Denmark,1980,-0.084250614,11.339,0.12346184,1.8607644,-0.12626262,2.3630924,27.121202,8.1000004,36.68343,-0.27834693,0.20992851,17.595337,7.0342999,102.05772,28.910101,0.0,16.371666,11.339,8.1000004
9,Denmark,1981,-0.033145834,11.718,0.083067104,6.6588607,-0.37166867,2.4386663,36.517681,10.0,39.842968,-0.31882396,0.30223119,15.21266,26.677977,101.66919,30.600185,0.0,16.371666,11.718,10.0
9,Denmark,1982,-0.054865852,10.146,0.089565396,5.9517531,-0.47360504,2.4198949,47.927204,11.7,41.416096,-0.33305305,0.3433519,16.769573,17.06146,124.11795,36.671722,0.0,16.371666,10.146,11.7
9,Denmark,1983,-0.31807381,6.835,0.096732117,3.9864428,-0.55449909,2.364743,54.166668,25.4,42.394783,-0.37728697,-0.24803385,12.70212,9.7289057,103.87984,29.293743,0.0,14.4,6.835,25.4
9,Denmark,1984,-0.41622105,6.3429999,0.10866234,4.4229188,-0.58565801,2.2354708,63.557346,17.799999,41.588272,-0.38240021,-0.42393371,11.669561,13.058582,88.389366,22.245716,0.0,14.0,6.3429999,17.799999
9,Denmark,1985,-0.40661654,4.6620002,0.12877452,4.7661858,-0.65517128,2.1046722,68.393494,15.8,39.563812,-0.38144153,-0.3765313,10.242153,2.2244332,92.283493,22.6014,0.0,11.58,4.6620002,15.8
9,Denmark,1986,-0.097660124,3.7179999,0.1551227,-3.3337469,-0.55279976,1.9448192,66.213814,8.3000002,36.614994,-0.21018149,0.12023328,9.1377287,-19.706533,91.707932,24.381308,0.0,10.050834,3.7179999,8.3000002
9,Denmark,1987,-0.37350249,3.9790001,0.1420349,-7.734889,-0.49436805,2.0316474,60.581715,4.5,36.786331,-0.33756271,-0.37713742,10.108334,-15.423906,85.342255,19.992348,0.0,11.284351,3.9790001,4.5
9,Denmark,1988,-0.39211053,4.5250001,0.11571908,-6.3262405,-0.5508042,2.0874705,57.145355,3.5,37.59404,-0.41491267,-0.31485069,8.5915976,-1.4865913,72.833328,15.699101,0.0,9.8837032,4.5250001,3.5
9,Denmark,1989,-0.50345987,4.7800002,0.086252697,-3.8828025,-0.57516783,2.0242202,56.583965,6.3000002,37.856174,-0.46238875,-0.50788873,9.4025126,8.5613718,81.248924,17.198967,0.0,9.7063541,4.7800002,6.3000002
9,Denmark,1990,-0.37668154,2.648,0.077337421,-4.6055641,-0.2393713,1.950757,57.689987,6.4000001,38.457047,-0.37988254,-0.27941102,11.178005,-15.434513,100.47716,26.288313,0.0,10.628741,2.648,6.4000001
9,Denmark,1991,-0.3407616,2.1670001,0.068912245,-3.6945372,-0.39122584,1.9197588,58.839493,3.9000001,38.679325,-0.33911189,-0.28139186,9.9180403,3.5673287,115.19403,27.480219,0.0,9.2624807,2.1670001,3.9000001
9,Denmark,1992,0.23106398,1.944,0.061793983,-6.8617125,-0.17985012,1.8551511,63.842186,-1.4,39.782597,-0.45928708,1.1897659,11.697759,-5.8774557,75.940979,17.910841,0.0,8.9874649,1.944,-1.4
9,Denmark,1993,0.04310482,0.87199998,0.031930495,-9.2041044,-0.42542449,1.8740852,66.994614,11.3,41.861301,-0.23681864,0.48063374,10.868242,7.6638565,86.624359,19.461777,0.0,7.30375,0.87199998,11.3
9,Denmark,1994,-0.45594305,1.841,0.057899777,-8.0386934,-0.43767941,1.7426003,66.134094,-4.7033715,42.086548,-0.34466112,-0.48643285,6.302278,-2.127939,88.633369,20.123705,0.0,7.8253331,1.841,-4.7033715
9,Denmark,1995,-0.309055,2.0380001,0.064074025,-8.3694983,-0.49477324,1.6867596,68.722099,3.3510442,42.065445,-0.17118385,-0.3665143,6.2027831,-11.743988,75.088799,15.458084,0.0,8.2685833,2.0380001,3.3510442
9,Denmark,1996,-0.57841563,2.092,0.063694045,-9.5045033,-0.59573108,1.6461436,69.234215,10.020215,40.671082,-0.43573743,-0.71927935,3.983449,3.3821204,61.413044,12.394524,0.0,7.1930833,2.092,10.020215
9,Denmark,1997,-0.57456571,1.933,0.067510143,-7.8557181,-0.60489863,1.6187243,64.388,5.9776692,38.786198,-0.41557971,-0.74549562,3.7311277,13.969448,39.673115,10.158858,0.0,6.2525835,1.933,5.9776692
9,Denmark,1998,-0.5717321,1.314,0.063485995,-8.94314,-0.36283293,1.6090711,72.40181,4.1337605,38.338852,-0.46548697,-0.65949267,4.272079,1.3790357,51.792046,13.664301,0.0,4.9375834,1.314,4.1337605
9,Denmark,1999,-0.57243955,2.0409999,0.069002777,-8.7287741,-0.59767783,1.5655365,67.055084,3.6370788,37.607426,-0.43225294,-0.69740027,3.4378188,4.3000855,58.142807,15.478294,0.0,4.9089999,2.0409999,3.6370788
9,Denmark,2000,-0.4905917,2.7509999,0.079684094,0.38739258,-0.51637185,1.4584656,60.399979,-4.6056676,36.219822,-0.42108014,-0.5369789,4.997201,15.860049,45.607391,10.607419,0.0,5.6418333,2.7509999,-4.6056676
9,Denmark,2001,-0.47941169,2.2690001,0.065113932,0.044345632,-0.51303381,1.5315427,58.385967,6.4906821,35.852467,-0.36814448,-0.6112234,4.7026644,2.884536,111.46019,23.496946,0.0,5.0791669,2.2690001,6.4906821
9,Denmark,2002,-0.19358282,2.3970001,0.049116973,-0.6449011,-0.53359562,1.5068588,58.249542,6.0516481,36.041935,-0.17081727,-0.14521301,3.5437191,-5.3345218,111.12048,23.961163,0.0,5.0559168,2.3970001,6.0516481
9,Denmark,2003,-0.4039014,1.961,0.032889131,-5.6473579,-0.63732558,1.4646673,56.647194,7.0164795,36.581142,-0.27948862,-0.58718294,2.4233537,-16.512703,135.32417,31.351633,0.0,4.3077502,1.961,7.0164795
9,Denmark,2004,-0.37574008,0.93699998,0.033249408,-5.7060213,-0.61147767,1.4202402,53.598701,12.776656,36.477341,-0.20049642,-0.61719042,2.1950471,-9.0197468,110.70305,23.135344,0.0,4.3045835,0.93699998,12.776656
9,Denmark,2005,-0.33422041,1.726,0.043474399,0.35210505,-0.60687226,1.3081114,45.358696,14.791845,34.536915,-0.15482892,-0.50943136,2.2242446,0.19520846,83.537979,17.777784,0.0,3.4037499,1.726,14.791845
9,Denmark,2006,-0.12814578,1.844,0.059487142,7.0230241,-0.62231821,1.3750558,41.022396,11.055855,33.101181,-0.0083809011,-0.31454059,3.1804771,-0.89237553,86.026413,20.437527,0.0,3.812,1.844,11.055855
9,Denmark,2007,-0.50988251,1.6569999,0.046746988,8.2537336,-0.40659061,1.3040228,34.063896,13.658723,35.942413,-0.32758734,-0.64256948,4.4416518,-8.4366274,84.868973,17.425434,0.0,4.2864165,1.6569999,13.658723
9,Denmark,2008,-0.47346431,3.638,0.018588213,11.261245,-0.30577058,1.3488268,42.173855,7.9475441,36.522011,-0.34937295,-0.59843475,5.2625566,-6.4016886,71.192848,15.748394,0.0,4.2843332,3.638,7.9475441
9,Denmark,2009,-0.1622017,1.0420001,-0.055862486,-5.2554612,-0.11229069,1.3444122,41.780159,-3.6801877,41.645161,-0.077269197,-0.35590267,2.499274,5.0561395,69.581642,16.366461,0.0,3.5863333,1.0420001,-3.6801877
9,Denmark,2010,-0.16398357,2.198,-0.062648654,-1.7313652,-0.25832686,1.3971018,42.599998,-4.6664596,42.252316,-0.081635393,-0.16064191,1.2484423,5.1453757,73.838913,18.279573,0.0,2.9260833,2.198,-4.6664596
9,Denmark,2011,-0.34292832,2.6559999,-0.071765698,4.3975196,-0.30182719,1.3123393,46.099998,-3.0907509,42.466278,-0.21948206,-0.3860428,1.3839794,-4.8088312,75.721146,18.636175,0.0,2.72925,2.6559999,-3.0907509
9,Denmark,2012,-0.46807909,2.3540001,-0.093578629,5.2231965,-0.68114388,1.3532932,44.900002,7.5370708,43.945858,-0.35728416,-0.55569696,0.6200195,8.1933918,69.216782,17.849012,0.0,1.4034166,2.3540001,7.5370708
9,Denmark,2013,-0.41969937,0.52200001,-0.10188619,2.9236662,-0.53730637,1.2235249,44.0,0.47913826,41.827778,-0.32391581,-0.50133651,0.27136043,-3.1035664,70.025406,17.344137,0.0,1.745,0.52200001,0.47913826
9,Denmark,2014,-0.33470154,0.352,-0.11220038,0.9439292,-0.49711862,1.1497978,44.299999,6.2183375,41.528397,-0.24740905,-0.3743484,0.31495783,0.047780987,80.853844,22.585348,0.0,1.3248333,0.352,6.2183375
9,Denmark,2015,-0.17671181,0.226,-0.11635488,1.257984,-0.070537478,1.114813,39.799999,6.4511423,40.883907,-0.010937402,-0.32780004,-0.12331884,19.693842,94.918381,24.866909,0.0,0.69050002,0.226,6.4511423
9,Denmark,2016,-0.19343568,0.017000001,-0.11178049,-4.0511613,-0.38459376,1.1510714,37.200001,5.55089,38.969105,0.011852536,-0.4177562,-0.14424612,0.038128186,84.358536,23.343941,0.0,0.32033333,0.017000001,5.55089
9,Denmark,2017,-0.38569686,1.058,-0.10596976,-2.9475188,-0.21986091,1.1399854,35.900002,5.180491,37.231686,-0.30892313,-0.49933192,-0.26375791,-1.9519802,86.290787,26.85808,0.0,0.47641668,1.058,5.180491
9,Denmark,2018,-0.24391788,0.70899999,-0.11033531,-0.036084514,-0.37172642,1.2831049,34.0,3.176616,37.115562,-0.31799343,-0.16239463,-0.29924428,-4.25806,67.708572,22.229843,0.0,0.45483333,0.70899999,3.176616
9,Denmark,2019,-0.38903293,0.72899997,-0.11475673,1.3271389,-0.19891872,1.2992066,33.599998,5.015388,36.108452,-0.35550928,-0.42744401,-0.35633335,5.5870023,69.926216,23.588715,0.0,0.063158333,0.72899997,5.015388
9,Denmark,2020,-0.39198977,0.333,-0.15341756,-7.871841,0.39645496,1.3737688,42.099998,10.022482,39.916012,-0.40092647,-0.39606035,-0.24056245,-2.0068066,66.154915,18.845034,0.0,0.063158333,0.333,10.022482
9,Denmark,2021,-0.27132711,1.944,-0.10428511,-2.6590247,1.547714,1.2915577,40.487,-1.0470001,36.006012,-0.28607386,-0.20135303,-0.23006743,-3.745198,58.633369,17.746216,0.0,0.063158333,1.944,-1.0470001
9,Denmark,2022,0.34762144,8.5340004,-0.11460578,15.674579,3.5077245,1.3615645,34.077,9.8249998,31.470013,0.083161816,1.0795578,0.61551601,12.543083,112.93623,50.218632,0.0,1.4777499,8.5340004,9.8249998
9,Denmark,2023,0.19961503,3.3529999,-0.11507507,10.077976,1.1307566,1.9996133,33.589001,4.8140001,33.408012,0.12148308,0.47289449,3.5037396,-2.6584332,99.392548,39.324944,0.0,2.6368334,3.3529999,4.8140001
10,Egypt,1900,-0.7217378,7.3883162,0.021258146,0.70652229,-0.48006225,,123.48229,,,-0.64807218,-0.65360039,,,72.415619,21.645254,0.0,,7.3883162,
10,Egypt,1901,-0.80888784,0.11,0.015072467,-1.7006419,-0.48234931,,124.19717,,,-0.67050833,-0.7494697,,,43.076683,12.075998,0.0,,0.11,
10,Egypt,1902,-0.9441607,-0.54939568,0.044046264,1.8610119,-0.55517775,,120.24017,,,-0.77513802,-0.89609146,,,43.4799,11.155303,0.0,,-0.54939568,
10,Egypt,1903,-0.93658674,-7.5331459,0.041154109,1.1265258,-0.52263844,,110.16321,,,-0.7739659,-0.87622702,,,49.491287,13.468597,0.0,,-7.5331459,
10,Egypt,1904,-0.63805068,-2.6395829,0.025380561,0.48694086,-0.57049614,,102.38296,,,-0.46052063,-0.64022952,,,76.692307,24.501602,0.0,,-2.6395829,
10,Egypt,1905,-0.8554461,15.363159,0.010435404,-2.3710248,-0.65148145,,94.84095,,,-0.70264918,-0.7991432,,,54.05724,16.075981,0.0,,15.363159,
10,Egypt,1906,-0.83260065,9.4487429,0.057170928,1.2469033,-0.62448609,,85.428886,,,-0.70374089,-0.7618435,,,40.733101,9.2279158,0.0,,9.4487429,
10,Egypt,1907,-0.95208007,1.307767,0.048621595,3.591866,-0.6419155,,81.308891,,,-0.72736496,-0.94914794,,,34.413788,7.3103557,0.0,,1.307767,
10,Egypt,1908,-0.92732877,8.8704758,-0.0105341,-5.7937016,-0.70115113,,80.915543,,,-0.74058956,-0.89576036,,,32.829559,7.7776337,0.0,,8.8704758,
10,Egypt,1909,-0.98086369,1.1857074,0.06320031,1.1686221,-0.58210188,,79.603722,,,-0.78201461,-0.94764394,,,30.923229,6.9464917,0.0,,1.1857074,
10,Egypt,1910,-0.91957927,-11.741884,0.014116381,2.5088749,-0.59407675,,74.632515,,,-0.73482019,-0.88957602,,,30.885345,6.0466604,0.0,,-11.741884,
10,Egypt,1911,-0.77218747,1.2918274,0.0022759396,2.4214571,-0.58153737,,74.489273,,,-0.615381,-0.715904,,,52.696037,13.243671,0.0,,1.2918274,
10,Egypt,1912,-0.82862258,6.2439113,0.069710992,10.858056,-0.4776426,,75.24929,,,-0.66768575,-0.75830185,,,53.76284,13.038757,0.0,,6.2439113,
10,Egypt,1913,-0.91508442,11.403801,0.030012302,5.674624,-0.61439008,,72.595749,,,-0.73961526,-0.87710267,,,49.213394,11.615031,0.0,,11.403801,
10,Egypt,1914,-0.11463042,-1.1373841,-0.025827916,-8.7814407,-0.5802294,,76.703491,,,0.224334,-0.22987929,,,199.27412,67.652893,0.0,,-1.1373841,
10,Egypt,1915,0.09576156,-14.187557,-0.027465217,-6.8433728,-0.46343067,,73.700935,,,0.58714902,-0.37773791,,,269.59604,88.881813,0.0,,,
10,Egypt,1916,0.093821369,20.237881,-0.028108902,-0.7593016,-0.23430197,,64.55648,,,0.7246325,-0.67532969,,,260.30356,76.537483,0.0,,20.237881,
10,Egypt,1917,-0.48013186,37.619904,-0.057303086,0.21150267,-0.30676487,,54.324913,,,-0.10527514,-0.72320211,,,296.97101,91.0186,0.0,,37.619904,
10,Egypt,1918,-0.51371312,19.429317,-0.064025722,-2.5710166,-0.097222887,,46.680836,,,-0.13713057,-0.80394548,,,331.62021,104.71805,0.0,,19.429317,
10,Egypt,1919,-0.65415829,15.060186,0.10528455,12.995485,-0.27316654,,43.071602,,,-0.43550494,-0.63379747,,,166.6438,50.205685,0.0,,15.060186,
10,Egypt,1920,-0.73554504,23.55855,-0.0063546482,15.044599,-0.10635208,,39.994251,,,-0.6089223,-0.68446982,,,102.06319,26.623112,0.0,,23.55855,
10,Egypt,1921,-0.86305577,-14.187557,-0.083339818,-8.5122538,-0.54023117,,45.502384,,,-0.6820069,-0.83578992,,,72.843681,19.233797,0.0,,,
10,Egypt,1922,-0.85887736,-14.187557,0.15080565,-2.5742984,-0.39124402,,47.497917,,,-0.68390673,-0.82905328,,,64.923538,14.91976,0.0,,,
10,Egypt,1923,-0.89803487,-14.187557,0.077467822,4.7058992,-0.40353817,,48.497879,,,-0.71435905,-0.87645167,,,58.87146,15.723812,0.0,,,
10,Egypt,1924,-0.76934278,10.677543,0.07300137,14.943039,-0.54102832,,52.87772,,,-0.61870217,-0.73333335,,,49.706013,11.450811,0.0,,10.677543,
10,Egypt,1925,-0.87112087,13.159817,0.063126996,9.3902569,-0.61445808,,51.398369,,,-0.67010546,-0.86528718,,,45.767529,11.568211,0.0,,13.159817,
10,Egypt,1926,-0.88023734,-14.187557,0.02235489,-1.6310235,-0.51023954,,51.989147,,,-0.70581406,-0.83796996,,,37.680462,9.4559803,0.0,,,
10,Egypt,1927,-0.84950429,-14.145958,0.12041405,4.5613294,-0.7120198,,52.923832,,,-0.62518346,-0.87980902,,,45.88192,11.798163,0.0,,-14.145958,
10,Egypt,1928,-0.80948728,7.6935873,0.1060747,9.9046783,-0.72209561,,51.837727,,,-0.63420331,-0.78412092,,,37.190571,8.9279947,0.0,,7.6935873,
10,Egypt,1929,-0.81771934,-4.0855732,0.088966489,8.185751,-0.6284526,,51.379169,,,-0.6693033,-0.74988931,,,40.538773,10.605361,0.0,,-4.0855732,
10,Egypt,1930,-0.91154665,-8.5111523,0.027179947,-5.9883385,-0.66355765,,52.203865,,,-0.73106605,-0.87725145,,,42.976971,10.760067,0.0,,-8.5111523,
10,Egypt,1931,-0.94010442,-5.8088365,0.052515496,-8.1320648,-0.59232092,,53.879604,,,-0.73398757,-0.9202438,,,44.57341,11.305377,0.0,,-5.8088365,
10,Egypt,1932,-0.95843184,-14.187557,0.052421678,-8.668251,-0.74394256,,54.124439,,,-0.7764228,-0.91150498,,,59.718971,16.182167,0.0,,,
10,Egypt,1933,-0.97477049,-13.431993,0.077434897,-6.1483474,-0.74321836,,54.476368,,,-0.78334308,-0.92479914,,,52.87656,13.807813,0.0,,-13.431993,
10,Egypt,1934,-0.93511522,41.380661,0.080459125,-4.5501628,-0.57596779,,54.749645,,,-0.75797826,-0.88249862,,,52.097977,11.979723,0.0,,41.380661,
10,Egypt,1935,0.14099884,9.7563229,0.084667467,-1.4079847,-0.45640656,,52.328629,,,-0.22526661,0.59388292,,,82.748703,24.122684,0.0,,9.7563229,
10,Egypt,1936,-0.57369238,-12.227736,0.030978369,-4.0683284,-0.41583315,,51.145184,,,-0.57703906,-0.40656999,,,91.402847,28.103666,0.0,,-12.227736,
10,Egypt,1937,-0.74534303,-1.2647313,-0.013082073,1.6432185,-0.22021469,1.5818903,50.351925,,,-0.66974348,-0.64572275,,,87.478371,28.282127,0.0,,-1.2647313,
10,Egypt,1938,-0.69499296,20.514313,0.039560661,-7.1806016,-0.58567554,3.5383418,49.647118,,,-0.62266201,-0.56695336,,,102.05727,35.127441,0.0,,20.514313,
10,Egypt,1939,-0.38473985,-7.4482646,-0.024231533,,-0.52583086,1.3596039,49.469635,,,-0.35236037,-0.28891948,,,191.01532,69.427185,0.0,,-7.4482646,
10,Egypt,1940,2.002718,6.8992519,-0.057314336,,0.31105098,1.7081614,44.949211,,,2.8292081,0.69130081,,,200.07191,74.516029,0.0,,6.8992519,
10,Egypt,1941,2.8969862,22.576708,-0.11349787,,1.3962526,1.6046296,37.851517,,,4.2614937,0.58586776,,,241.92404,80.440338,0.0,,22.576708,
10,Egypt,1942,3.854043,34.375,-0.11337396,,3.5384071,1.3979872,33.462234,,,6.1886096,-0.098357767,,,306.14059,88.177368,0.0,,34.375,
10,Egypt,1943,1.9978161,30.232557,-0.20555034,,1.3313382,1.3482646,26.571222,,,3.5367737,-0.41755438,,,344.39383,101.86383,0.0,,30.232557,
10,Egypt,1944,0.4103049,12.5,-0.18235013,,0.51138914,1.1701746,,,,1.0847706,-0.50605106,,,376.73724,115.26706,0.0,,12.5,
10,Egypt,1945,-0.11432356,6.3492064,-0.19493355,,0.44429654,0.98750818,,,,0.12269985,-0.29384613,,,240.73561,75.63047,0.0,,6.3492064,
10,Egypt,1946,0.19463986,-2.9850745,-0.17798705,,1.0163805,,,,,-0.27320015,0.54596698,,,122.23141,36.416496,0.0,,-2.9850745,
10,Egypt,1947,-0.38264263,-1.5384616,-0.16160095,,0.28577098,,,,,-0.45560029,-0.25912854,,,99.266258,26.055422,0.0,,-1.5384616,
10,Egypt,1948,0.68290454,0.0,-0.074295677,,-0.12063801,,,,,0.31686541,0.83658594,,,114.34803,31.519337,0.0,,0.0,
10,Egypt,1949,-0.43696204,0.0,-0.053524569,,-0.3460052,,,,,-0.51681,-0.3254683,,,83.723862,22.74061,0.0,,0.0,
10,Egypt,1950,-0.38949102,4.6875,-0.070726022,,-0.13277629,,,,21.354244,-0.46796757,-0.21992087,,,142.74683,42.621357,0.0,,4.6875,
10,Egypt,1951,-0.008650532,8.5034018,-0.081144586,8.1230135,0.28487745,3.7848961,,,23.256771,-0.35986787,0.31179136,,0.0,154.43521,48.295822,0.0,,8.5034018,
10,Egypt,1952,-0.39637193,-0.25078371,-0.09685114,-4.7987962,0.12123939,3.7019584,,,24.565105,-0.35641244,-0.36687979,,0.0,105.07939,31.280043,0.0,,-0.25078371,
10,Egypt,1953,-0.35739887,-6.9767442,-0.14565079,-5.5654211,-0.48483896,4.0080261,,-2.6653547,23.830114,-0.54388797,-0.15773918,,0.0,101.92927,31.549622,0.0,,-6.9767442,-2.6653547
10,Egypt,1954,-0.34236377,-4.0540543,-0.15618461,-4.7802205,-0.50653911,4.9134107,,1.0649117,24.129637,-0.47824624,-0.16697344,,0.0,91.05645,27.714817,0.0,,-4.0540543,1.0649117
10,Egypt,1955,0.37599203,-0.35211268,-0.16490324,-6.9951129,-0.35990492,6.7259421,,1.9066671,27.802519,0.0040771263,0.62948078,,0.0,89.117783,25.627493,0.0,,-0.35211268,1.9066671
10,Egypt,1956,4.506846,2.4734983,-0.18557341,-10.023002,5.1346951,7.1319528,,12.284595,28.120691,1.678484,6.0110474,,0.0,101.25542,31.650373,4.2670841,,2.4734983,12.284595
10,Egypt,1957,2.550935,4.0919542,-0.1926672,-6.2792163,3.1580565,6.3847103,,-0.54812539,26.63567,0.40177262,3.7783945,,8.557935e-06,99.325577,29.860235,0.0,,4.0919542,-0.54812539
10,Egypt,1958,1.0660444,0.093860425,-0.1784572,-8.7102289,0.18467963,5.4758339,,0.3086406,25.627661,0.38476944,1.3594151,,0.0,115.22129,31.146538,0.0,,0.093860425,0.3086406
10,Egypt,1959,-0.36078525,0.26752716,-0.15975551,-10.672435,-0.46797892,6.770277,,4.2857141,30.145851,-0.46853009,-0.20561685,,0.0,82.10849,21.964302,0.0,,0.26752716,4.2857141
10,Egypt,1960,-0.32204816,0.33282906,-0.14117649,-5.2134042,-0.42666042,7.3543482,,2.2128556,32.622017,-0.54119557,-0.074634388,,0.0,86.417786,23.059492,0.0,,0.33282906,2.2128556
10,Egypt,1961,-0.085706525,0.69360673,-0.14036073,-9.3848143,-0.44206467,6.1585984,,11.629,32.686386,-0.35281533,0.20300832,,0.0,126.08382,34.063778,0.0,,0.69360673,11.629
10,Egypt,1962,-0.050259225,-3.0030766,-0.11649428,-12.073807,-0.46376628,6.6754794,,6.6490002,34.673397,-0.36025399,0.22509652,,16.151697,124.72618,32.573158,0.0,,-3.0030766,6.6490002
10,Egypt,1963,-0.01327416,0.74664569,-0.072145179,-5.1753793,-0.49582592,8.6646881,,19.292999,38.947083,-0.35538673,0.27074382,,7.4894495,117.54991,29.697422,0.0,,0.74664569,19.292999
10,Egypt,1964,-0.19042362,3.6609828,-0.036309633,-3.130537,-0.094409108,10.32839,,16.202,35.398884,-0.45145094,0.028770078,,0.0,90.5354,24.894611,0.0,,3.6609828,16.202
10,Egypt,1965,-0.1733183,14.839005,0.010125166,-9.0252743,-0.19335599,10.117435,,6.434,37.950047,-0.36341015,0.02490136,,0.0,99.786484,27.469307,0.0,,14.839005,6.434
10,Egypt,1966,-0.30925745,9.0364408,-0.022507377,-9.3605947,0.095782317,8.7182684,,1.538,37.52018,-0.45783329,-0.12654381,,0.0,90.635468,26.068115,0.0,,9.0364408,1.538
10,Egypt,1967,2.3055134,0.7018975,-0.059156198,-10.1335,0.78045928,8.9076986,,5.954,42.075966,1.5068953,2.5537775,,0.0,112.60692,32.826733,2.4511197,,0.7018975,5.954
10,Egypt,1968,-0.023819175,-1.6757594,-0.074559174,-16.709984,-0.39053553,11.133044,,3.0550001,44.336113,-0.22688858,0.18767011,,0.0,104.20105,26.769045,0.0,,-1.6757594,3.0550001
10,Egypt,1969,1.0781294,3.4098203,-0.050158523,-15.891053,-0.44891831,14.336054,,5.7379999,46.270988,0.9860543,0.85382825,,0.0,95.787491,25.03871,0.0,,3.4098203,5.7379999
10,Egypt,1970,2.7110739,3.7628987,-0.037708238,-15.122704,0.14488739,15.987883,29.414658,5.4070001,44.894745,1.9165307,2.7482693,,0.0,102.82236,26.710432,0.0,,3.7628987,5.4070001
10,Egypt,1971,0.68739694,3.1404216,-0.046693094,-14.673937,-0.22785841,17.187012,30.689978,3.0209999,44.12249,0.20963371,0.87336344,,0.0,87.422432,23.200481,0.0,,3.1404216,3.0209999
10,Egypt,1972,0.02035585,2.1023633,-0.070064001,-15.531753,-0.25123373,13.56453,28.059799,15.749,46.416195,0.016079545,0.073604263,,0.0,87.485275,22.949022,0.0,,2.1023633,15.749
10,Egypt,1973,2.1971583,5.112184,-0.10712931,-13.84315,3.7225547,13.513514,26.976973,22.377001,47.714947,1.9502228,2.194869,,-8.4702015,76.668312,22.098276,2.2227774,,5.112184,22.377001
10,Egypt,1974,1.722144,10.024318,-0.1266247,6.1988721,3.3698957,17.274244,24.187584,30.216999,47.246094,0.73827207,2.2568843,,-1.6715484,70.567474,18.60581,0.0,,10.024318,30.216999
10,Egypt,1975,1.3364722,9.6696959,-0.084130682,8.3163099,0.5373233,15.431846,39.894653,21.466,50.036396,0.63203573,1.7160474,,0.0,79.141571,23.582058,0.0,,9.6696959,21.466
10,Egypt,1976,0.39756936,10.317416,0.0099460455,-0.2488367,0.090384044,13.726896,40.637825,25.976999,53.930962,0.22603682,0.50708449,3.0,0.0,69.23243,19.641975,0.0,,10.317416,25.976999
10,Egypt,1977,0.45115718,12.732162,0.087575592,7.6774368,0.47444078,13.112059,53.388535,34.035,48.865959,0.24970752,0.45949402,4.666667,0.0,68.475105,19.512062,0.0,,12.732162,34.035
10,Egypt,1978,1.3787106,11.0781,0.098630451,8.6191282,0.092123546,9.9407139,49.95726,27.028,48.241772,1.0159444,1.3503975,5.875,0.0,81.370934,23.468969,0.0,,11.0781,27.028
10,Egypt,1979,0.95005709,9.9043608,0.11115146,24.294233,2.5434682,6.4689379,73.458488,31.326,45.736347,0.51329762,1.0836797,7.0,78.861542,86.351082,23.792751,0.0,,9.9043608,31.326
10,Egypt,1980,0.5988037,20.5,0.1600436,28.258764,0.44570836,6.1603103,60.358585,51.418999,44.786068,0.083222061,0.89999074,8.333333,0.0,102.05772,28.241449,0.0,,20.5,51.418999
10,Egypt,1981,0.69369388,10.4,0.14783394,29.376705,0.19680049,7.4169097,65.713234,30.898001,47.06892,0.26267552,0.98323578,10.0,0.0,101.66919,29.895205,0.0,,10.4,30.898001
10,Egypt,1982,0.54905599,14.9,0.19355869,19.155069,-0.29666823,7.1889606,61.716156,31.152,44.976826,0.21231569,0.73668712,11.0,0.0,124.11795,36.032436,0.0,,14.9,31.152
10,Egypt,1983,-0.23940292,15.982,0.2149532,12.127847,-0.39688277,7.958674,59.480843,22.625999,41.916294,-0.23291139,-0.16528389,11.0,0.0,103.87984,28.985981,0.0,,15.982,22.625999
10,Egypt,1984,-0.30456114,17.059999,0.22343031,7.5440431,-0.36226669,8.2652321,53.963181,18.848,41.805237,-0.14989486,-0.38593778,11.0,0.0,88.389366,21.951317,0.0,,17.059999,18.848
10,Egypt,1985,0.025414674,12.108,0.23675649,1.1476545,-0.18453641,7.8569331,52.093037,18.304001,41.26392,0.26748937,-0.18094648,11.0,0.0,92.283493,22.149784,0.0,,12.108,18.304001
10,Egypt,1986,-0.10645811,23.9,0.21130592,-8.8933125,-0.29321808,7.4981308,49.048992,20.951,35.863968,0.16971387,-0.14967141,11.0,0.0,91.707932,24.049986,0.0,,23.9,20.951
10,Egypt,1987,-0.53430426,25.184999,0.18455991,-9.5938635,-0.56454897,6.5287428,48.454338,20.959,29.864943,-0.4715896,-0.46505192,11.0,0.0,85.342255,19.816486,0.0,,25.184999,20.959
10,Egypt,1988,-0.49394974,15.185,0.18544102,7.6720033,-0.39065498,5.0608768,43.449829,21.548,26.922777,-0.29225934,-0.57624161,11.0,0.0,72.833328,15.500379,0.0,,15.185,21.548
10,Egypt,1989,-0.53698683,20.129,0.1836348,5.2092891,-0.2728034,3.9680989,50.663559,17.497999,22.866861,-0.43400922,-0.48352453,11.66667,23.809391,81.248924,17.000525,0.0,,20.129,17.497999
10,Egypt,1990,0.84729952,21.219,0.18955536,8.0019903,0.30501175,3.4676995,54.280895,28.73,17.627026,0.047591787,1.5253582,12.0,78.846085,100.47716,25.446215,0.0,,21.219,28.73
10,Egypt,1991,0.30995944,14.737,0.15056612,17.918112,0.13119863,3.6117446,74.103432,19.339001,14.334517,0.29085577,0.45316637,12.0,78.861542,115.19403,26.903608,0.0,,14.737,19.339001
10,Egypt,1992,-0.50615054,21.142,0.14544624,14.374648,-0.36792508,3.2155006,61.538837,19.427999,12.662098,-0.54178309,-0.33391231,12.0,5.8553038,75.940979,17.832478,0.0,,21.142,19.427999
10,Egypt,1993,-0.28698367,11.042,0.12456273,10.978603,-0.41673607,3.0977371,104.00721,13.249,10.560073,-0.17942716,-0.28056145,12.0,0.92632145,86.624359,19.243292,0.0,,11.042,13.249
10,Egypt,1994,-0.55379575,9.0459995,0.11582344,5.6609764,-0.38732803,3.1539347,101.07057,11.215,9.1079254,-0.48226622,-0.44866225,11.83333,0.97284925,88.633369,19.942089,0.0,,9.0459995,11.215
10,Egypt,1995,-0.43633282,9.3610001,0.11095572,5.2537642,-0.68886405,3.0820363,91.280617,9.8970003,7.4514976,-0.44157159,-0.29294068,10.91667,0.20900424,75.088799,15.24686,0.0,,9.3610001,9.8970003
10,Egypt,1996,-0.46472636,7.0949998,0.11177011,1.9299743,-0.56775689,2.9748118,83.731735,10.836,5.9643655,-0.39333418,-0.36182091,10.54167,-0.021373421,61.413044,12.147495,0.0,,7.0949998,10.836
10,Egypt,1997,-0.4943113,6.1669998,0.11545375,-1.3134025,-0.52764487,2.8414853,79.528038,10.772,6.683177,-0.51596111,-0.36976981,9.1166668,-0.080583982,39.673115,9.9267912,0.0,,6.1669998,10.772
10,Egypt,1998,-0.5087418,5.0409999,0.10435985,-3.160357,-0.62271738,2.6593833,73.823997,10.776,7.320097,-0.39563629,-0.43522972,8.8000002,-0.022133967,51.792046,13.439707,0.0,,5.0409999,10.776
10,Egypt,1999,-0.64177704,3.7449999,0.11300667,-6.7678981,-0.53623372,2.5697675,72.398003,5.664,7.7144632,-0.5527221,-0.58658421,8.833333,0.21399264,58.142807,15.317667,0.0,,3.7449999,5.664
10,Egypt,2000,-0.56805962,2.849,0.11419873,-6.1580176,-0.36394626,2.5512652,71.686996,11.581,8.3392277,-0.38509035,-0.52803373,9.0333338,2.2619798,45.607391,10.42631,0.0,,2.849,11.581
10,Egypt,2001,0.067320555,2.4170001,0.096792355,-5.4167218,-0.55990696,2.9855685,79.146004,13.215,8.9934654,0.41473445,-0.13095571,8.7250004,14.428079,111.46019,23.011768,0.0,,2.4170001,13.215
10,Egypt,2002,0.010524898,2.2579999,0.075591922,-4.2950096,-0.51183838,3.2784548,85.776001,12.63,9.8445091,0.18869841,-0.12075697,6.8916669,13.256157,111.12048,23.555857,0.0,,2.2579999,12.63
10,Egypt,2003,0.063437134,3.4119999,0.053236227,0.83812231,-0.46997753,3.1772852,97.095001,21.280001,10.930728,0.38673413,-0.10046655,8.9250002,30.02906,135.32417,30.882196,0.0,,3.4119999,21.280001
10,Egypt,2004,0.0031732731,8.151,0.041086406,12.413671,-0.50766355,2.8775313,96.512001,16.239,12.051174,0.29780072,-0.24977854,9.7333336,5.9028258,110.70305,22.700117,0.0,,8.151,16.239
10,Egypt,2005,-0.15213409,8.7030001,0.031833492,17.477636,-0.30884257,2.7142205,98.263,11.489,13.22715,0.093181059,-0.37689084,9.4318333,-6.7364855,83.537979,17.425011,0.0,,8.7030001,11.489
10,Egypt,2006,-0.11551517,4.2919998,0.043328367,15.970023,-0.3343111,2.6062186,85.924004,15.002,13.77891,-0.033476584,-0.12986766,8.8634996,-0.79022425,86.026413,20.104967,0.0,,4.2919998,15.002
10,Egypt,2007,-0.23402756,10.882,0.057369199,19.450827,-0.36222774,2.3796346,85.789001,19.114,12.992476,-0.244636,-0.14361235,7.5355835,-1.7047118,84.868973,17.079845,0.0,,10.882,19.114
10,Egypt,2008,-0.32930523,11.742,0.071853139,25.971043,0.52905959,2.1807854,66.761002,10.483,12.324941,-0.33723155,-0.23208851,9.4801664,-3.6010242,71.192848,15.4554,0.0,,11.742,10.483
10,Egypt,2009,-0.083807394,16.160999,0.062298406,10.755681,-0.26320612,2.032645,69.449997,9.4729996,13.862653,-0.19061875,0.084292464,10.164667,2.06264,69.581642,16.012367,0.0,,16.160999,9.4729996
10,Egypt,2010,-0.32290828,11.658,0.056569461,2.0467355,-0.32629287,1.952967,69.589996,12.419,14.235297,-0.43372616,-0.11532374,9.6435833,1.3957878,73.838913,18.040352,0.0,,11.658,12.419
10,Egypt,2011,1.3626404,11.056,0.015882758,-0.7297923,0.58101583,1.8370255,72.830002,6.665,15.336716,1.1385778,1.3504866,11.989166,5.5298491,75.721146,17.551989,0.0,,11.056,6.665
10,Egypt,2012,0.5925653,8.6920004,-0.022073928,-5.3749013,0.034841798,1.6481758,69.862,12.347,13.5822,0.54773855,0.54227883,13.606,2.0770867,69.216782,17.112854,0.0,,8.6920004,12.347
10,Egypt,2013,0.20730111,6.9159999,-0.061423335,-5.8195944,0.39785716,1.610057,79.811996,18.891001,13.811864,0.25748444,0.13307524,12.283,13.445498,70.025406,16.802486,0.0,,6.9159999,18.891001
10,Egypt,2014,0.084218189,10.093,-0.093755476,-9.3828716,-0.19969621,1.6896949,80.874001,15.766,14.08453,0.059584931,0.17047358,11.019667,3.0170913,80.853844,22.118612,0.0,,10.093,15.766
10,Egypt,2015,0.42796916,10.988,-0.11065371,-11.571727,0.0064283996,1.7231474,83.753998,18.605,14.475629,0.55767965,0.42294532,11.23025,8.6702852,94.918381,24.263578,0.0,,10.988,18.605
10,Egypt,2016,-0.19594222,10.212,-0.12754515,-16.290167,-0.46792313,1.6666051,91.585999,39.508999,13.770163,-0.024896896,-0.28445998,14.252584,30.348003,84.358536,23.038137,0.0,,10.212,39.508999
10,Egypt,2017,0.10361946,23.534,-0.14604864,-3.8291879,-0.29731593,1.4220316,97.800003,20.450001,11.453098,-0.0093773575,0.22461785,19.438667,77.374786,86.290787,26.372627,0.0,,23.534,20.450001
10,Egypt,2018,-0.39506817,20.851,-0.15295772,-0.87879354,-0.042474091,1.2499661,87.948997,13.302,11.227473,-0.35663068,-0.24001314,18.881584,-0.085721925,67.708572,22.010704,0.0,,20.851,13.302
10,Egypt,2019,-0.34269175,13.875,-0.15674242,-5.7989788,-0.30482382,1.1809717,80.092003,13.279,11.574162,-0.35951477,-0.20473416,16.785583,-5.6097913,69.926216,23.31768,0.0,,13.875,13.279
10,Egypt,2020,-0.4585177,5.6999998,-0.17876413,-14.934749,0.10772125,1.1224755,86.222,19.705999,10.371161,-0.52488053,-0.3187854,13.11675,-6.0308509,66.154915,18.629261,0.0,,5.6999998,19.705999
10,Egypt,2021,-0.46989697,4.5,-0.20234735,-17.3461,1.5166881,1.1220093,89.903,18.334,10.219161,-0.54685968,-0.27351984,12.706667,-0.72748715,58.633369,17.558094,0.0,,4.5,18.334
10,Egypt,2022,-0.23970976,8.5,-0.19485307,-10.367032,1.9532245,1.014756,88.533997,27.136999,9.6181612,-0.31565627,-0.019929813,14.758166,22.473757,112.93623,50.03331,0.0,,8.5,27.136999
10,Egypt,2023,1.1881275,24.392,-0.21665888,-7.051549,3.0024829,0.80891871,95.93,19.923,7.417161,1.5556439,1.0768107,23.347666,59.841908,99.392548,38.424507,0.0,,24.392,19.923
11,Finland,1900,-0.48031345,1.3651878,0.28032902,-6.8835235,-0.69324541,,,16.335209,6.8013191,-0.35123736,-0.62846524,6.0,,72.415619,21.757881,0.0,4.4000001,1.3651878,16.335209
11,Finland,1901,-0.5502913,-1.3468014,0.23117845,-14.05442,-0.55240369,,,2.9025891,11.868178,-0.38973787,-0.74968559,5.5,-0.35197487,43.076683,12.164082,0.0,4.0,-1.3468014,2.9025891
11,Finland,1902,-0.53242666,0.0,0.17522186,-6.3331385,-0.56997097,,,3.063143,11.834962,-0.40555844,-0.65256393,5.0,0.20679171,43.4799,11.173759,0.0,3.9000001,0.0,3.063143
11,Finland,1903,-0.46549129,0.0,0.20507008,-5.4216428,-0.70435864,,,2.9486127,10.159795,-0.36297742,-0.57054186,5.0,0.10663377,49.491287,13.474015,0.0,3.9000001,0.0,2.9486127
11,Finland,1904,-0.33294067,0.0,0.20426266,-5.8695483,-0.61205953,,,9.3258247,11.578541,-0.20260675,-0.51864535,5.0,-0.29432765,76.692307,24.617809,0.0,4.0999999,0.0,9.3258247
11,Finland,1905,-0.013665416,0.0,0.18134774,-3.7339675,-0.5042991,,,5.8066411,11.042606,-0.0038795986,0.10408977,5.0,0.17650199,54.05724,16.007849,0.0,4.5999999,0.0,5.8066411
11,Finland,1906,-0.23103055,4.2662115,0.18317482,2.6342115,-0.65731686,,,9.2381096,9.67519,-0.084007174,-0.4386645,5.0,0.75786382,40.733101,9.2249813,0.0,5.0999999,4.2662115,9.2381096
11,Finland,1907,-0.48388317,2.6186578,0.17807619,5.2622795,-0.75546706,,,12.450035,10.604454,-0.3401556,-0.68253231,6.5,0.36451128,34.413788,7.3128939,0.0,5.3000002,2.6186578,12.450035
11,Finland,1908,-0.50024861,5.2631578,0.14658877,0.23927885,-0.7512756,,,12.800746,13.464776,-0.41925129,-0.57570124,5.5,-0.88745725,32.829559,7.7961774,0.0,5.1999998,5.2631578,12.800746
11,Finland,1909,-0.52932781,-1.2121212,0.1490401,0.62851471,-0.70840532,,,2.8160496,13.849984,-0.40488973,-0.67165726,5.0,-0.18532105,30.923229,6.9464917,0.0,4.9000001,-1.2121212,2.8160496
11,Finland,1910,-0.57532638,0.0,0.13251747,4.4321537,-0.71534324,,,8.8601818,11.716109,-0.40594494,-0.77958584,5.5,0.037022445,30.885345,6.0876546,0.0,4.6999998,0.0,8.8601818
11,Finland,1911,-0.53323632,3.8343558,0.12171081,10.245754,-0.59833354,,,7.0718784,11.326632,-0.37869689,-0.72931623,4.5,-0.46655253,52.696037,13.345185,0.0,4.9000001,3.8343558,7.0718784
11,Finland,1912,-0.51935405,2.3633678,0.13630129,9.536521,-0.71376443,,,5.6701179,10.894533,-0.34847781,-0.69967926,6.0,-0.069463052,53.76284,13.10962,0.0,5.0,2.3633678,5.6701179
11,Finland,1913,-0.55284172,0.0,0.15175545,15.201526,-0.7180289,,,5.1764202,11.586397,-0.37745774,-0.77843308,5.5,-0.041664056,49.213394,11.652585,0.0,5.0999999,0.0,5.1764202
11,Finland,1914,0.1590803,0.0,0.070094191,-4.6852374,-0.59692615,,10.872396,4.4844246,11.812524,0.25955781,0.19772688,6.0,1.5369424,199.27412,67.898621,0.0,4.7368422,0.0,4.4844246
11,Finland,1915,-0.28165627,20.346321,-0.020508615,5.4511905,-0.67395318,,10.380683,6.5617266,11.514871,-0.0802164,-0.52892274,5.5,23.932106,269.59604,89.338783,0.0,6.1224489,20.346321,6.5617266
11,Finland,1916,-0.31861842,32.613911,-0.041727219,23.568325,-0.080854498,,8.1353388,14.216,11.039255,-0.1431089,-0.60035384,5.0,5.2217364,260.30356,77.002731,0.0,6.25,32.613911,14.216
11,Finland,1917,0.764974,94.755875,-0.25158441,0.37612939,0.58636981,,6.3865271,43.175751,12.959078,0.8352679,0.36609173,5.0,1.1960633,296.97101,90.937172,0.0,8.1081085,94.755875,43.175751
11,Finland,1918,2.185235,115.51908,-0.42207536,-39.591869,1.4938283,,19.403925,80.375252,20.085154,2.1207652,1.7594081,5.0,10.469476,331.62021,104.26637,0.0,6.6666665,,80.375252
11,Finland,1919,0.6107139,-11.340767,-0.25947839,-5.5744839,0.0056027677,1.1784294,21.398676,19.751902,19.603729,0.66818833,0.38263416,7.0,72.681244,166.6438,50.078876,0.0,7.826087,-11.340767,19.751902
11,Finland,1920,0.015285511,0.0,-0.17933114,6.9627409,0.1757912,1.2279336,14.167172,22.814476,15.293317,0.037271947,-0.046123784,9.0,78.861542,102.06319,26.605532,0.0,10.344828,0.0,22.814476
11,Finland,1921,-0.091496132,24.432516,-0.18588266,0.82861394,-0.05411512,3.6193068,12.007652,-8.6097841,16.765291,0.029721577,-0.25193146,9.0,78.861542,72.843681,19.181404,0.0,7.4000001,24.432516,-8.6097841
11,Finland,1922,-0.42035204,-2.5391347,-0.12459206,7.6156578,-0.54109174,2.0666869,10.615872,28.73896,14.471862,-0.33087024,-0.54790813,8.0,-1.1803832,64.923538,14.951365,0.0,6.9000001,-2.5391347,28.73896
11,Finland,1923,-0.46778837,0.83470345,-0.090644158,7.5988464,-0.15638131,2.3438067,12.717724,11.841303,18.429977,-0.30443382,-0.66291761,10.0,-19.08852,58.87146,15.748376,0.0,8.0,0.83470345,11.841303
11,Finland,1924,-0.53426379,1.7559263,-0.10139296,9.1892796,-0.24211597,2.5006933,11.327151,10.303499,15.653496,-0.3736636,-0.69900429,9.0,6.9772849,49.706013,11.553952,0.0,8.6000004,1.7559263,10.303499
11,Finland,1925,-0.47397661,4.2770863,-0.08270888,13.993676,-0.5305928,2.8320551,11.408721,4.4267631,18.205618,-0.32905972,-0.67933953,7.5,-0.56362718,45.767529,11.607285,0.0,7.0,4.2770863,4.4267631
11,Finland,1926,-0.42458647,-2.4468086,-0.082758434,12.691953,-0.57193738,2.6948576,12.578382,10.199183,18.027172,-0.34532359,-0.47290581,7.5,0.08258763,37.680462,9.4783487,0.0,6.6999998,-2.4468086,10.199183
11,Finland,1927,-0.44685125,1.7084696,-0.043204416,13.442324,-0.72250015,2.3777804,10.640452,19.459654,15.753378,-0.3227734,-0.60834455,6.0,0.024767024,45.88192,11.84089,0.0,6.1999998,1.7084696,19.459654
11,Finland,1928,-0.48223817,2.454134,-0.012927635,16.711353,-0.60533601,2.1894062,10.751815,9.3425894,18.434191,-0.33648583,-0.61750978,7.0,0.16007945,37.190571,8.9988232,0.0,7.1999998,2.454134,9.3425894
11,Finland,1929,-0.46860078,-0.76744187,-0.036413662,14.871117,-0.53565311,2.4181707,11.400979,2.3865983,17.005713,-0.36431941,-0.55077672,7.0,0.080402881,40.538773,10.668823,0.0,7.5,-0.76744187,2.3865983
11,Finland,1930,-0.40252927,-8.1204596,-0.083284155,5.7958264,-0.60351527,2.7710936,12.731964,3.2499065,19.740788,-0.32653216,-0.46202177,6.0,-0.055157296,42.976971,10.761852,0.0,7.0999999,-8.1204596,3.2499065
11,Finland,1931,-0.51975924,-8.0091829,-0.14329664,-3.9784939,-0.6416806,3.5036502,15.211034,-1.5846599,19.939198,-0.37445208,-0.67189533,8.0,7.4831491,44.57341,11.322629,0.0,8.3000002,-8.0091829,-1.5846599
11,Finland,1932,-0.33211136,-0.91501456,-0.1828873,-2.8855572,-0.60078436,2.8670208,16.156157,-2.9703698,13.96024,-0.24849372,-0.38409641,6.5,49.438793,59.718971,16.143808,0.0,7.0999999,-0.91501456,-2.9703698
11,Finland,1933,-0.48194844,-2.9942634,-0.15139095,0.70706409,-0.65743488,2.2189319,15.215022,5.213306,14.097214,-0.34549442,-0.66806144,4.5,-16.457008,52.87656,13.798936,0.0,5.9000001,-2.9942634,5.213306
11,Finland,1934,-0.45439109,-0.95196885,-0.077293158,3.8627665,-0.46639135,2.9990728,12.94352,5.0126038,15.692338,-0.33201626,-0.56272626,4.0,-15.990403,52.097977,11.983082,0.0,5.4000001,-0.95196885,5.0126038
11,Finland,1935,-0.38141212,0.9611184,-0.069782704,4.1997366,-0.66231817,3.0984488,11.514238,6.7279334,16.474884,-0.34759116,-0.39099419,4.0,2.8059142,82.748703,24.626318,0.0,5.1999998,0.9611184,6.7279334
11,Finland,1936,-0.29108155,0.0,-0.038526375,8.2754393,-0.3221381,2.9812965,10.297591,10.911194,16.04458,-0.19123797,-0.39965472,4.0,-1.3899387,91.402847,28.240444,0.0,5.0999999,0.0,10.911194
11,Finland,1937,-0.37027565,5.0050483,-0.01696666,19.310143,-0.32890007,2.8478928,9.6809835,19.553883,16.543896,-0.26407212,-0.46732491,4.0,0.5638141,87.478371,28.355947,0.0,5.0999999,5.0050483,19.553883
11,Finland,1938,-0.30901942,2.9395604,-0.0013997294,8.045764,-0.54788554,3.2994664,8.7644634,8.3692751,14.116509,-0.25309265,-0.31727043,4.0,1.1467917,102.05727,35.210247,0.0,5.0999999,2.9395604,8.3692751
11,Finland,1939,4.020031,1.7614092,-0.080606222,3.4405735,1.8478732,9.1769772,15.057237,7.5619354,22.333534,3.1092432,5.2997904,4.0,5.013855,191.01532,68.580215,3.5408251,,1.7614092,7.5619354
11,Finland,1940,5.6254702,19.05324,-0.16528313,-13.723902,4.1780591,11.169765,38.979977,19.860308,48.996506,5.109632,6.0623217,4.0,0.90908766,200.07191,74.41909,3.2680073,,19.05324,19.860308
11,Finland,1941,4.0270619,18.173807,-0.16031574,-14.551159,3.0218396,8.7921238,51.284412,13.319459,58.373821,4.4271135,2.3483696,4.0,-0.09521845,241.92404,81.172745,0.0,,18.173807,13.319459
11,Finland,1942,1.8528744,17.699692,-0.18889612,-14.984645,3.5298455,7.4047503,55.676029,22.956841,42.529408,2.3968632,0.15012547,4.0,-0.16679111,306.14059,89.912918,0.0,,17.699692,22.956841
11,Finland,1943,2.2475355,13.066202,-0.10842253,-16.583471,2.2531593,5.8107653,61.204659,23.948219,40.311535,2.9315844,0.23296326,4.0,0.0,344.39383,102.60667,0.0,,13.066202,23.948219
11,Finland,1944,5.3050628,6.3594341,-0.13908291,-28.245993,2.9737177,5.4406409,71.13549,27.917252,46.492657,6.120491,2.0896206,4.0,0.0,376.73724,114.48278,2.5245926,,6.3594341,27.917252
11,Finland,1945,0.39773756,40.221256,-0.23239766,-36.966312,2.1580977,3.5389678,58.645149,23.009892,29.492151,0.51191968,0.23565075,4.0,49.13195,240.73561,75.816841,0.0,,40.221256,23.009892
11,Finland,1946,0.13639501,59.303089,-0.19392574,-21.418861,3.2187159,6.5837975,47.885769,17.837769,45.706055,0.00093526766,0.30896899,4.0,78.861542,122.23141,36.816879,0.0,,59.303089,17.837769
11,Finland,1947,-0.12312128,29.924532,-0.211823,-9.2668343,2.3317847,4.867373,52.549999,29.137781,29.588144,-0.060431208,-0.29791239,5.25,-6.8644533,99.266258,26.242374,0.0,,29.924532,29.137781
11,Finland,1948,0.078150921,34.644794,-0.17609435,-10.651875,0.51160663,3.5496655,39.009998,14.745848,25.593489,-0.10757205,0.3842262,7.25,1.7635578,114.34803,32.169487,0.0,12.0,34.644794,14.745848
11,Finland,1949,-0.23852791,1.351488,-0.15484618,-10.972196,-0.29674667,4.1223164,26.639999,21.995613,29.965517,-0.25189814,-0.132154,5.75,69.852936,83.723862,22.930162,0.0,9.3999996,1.351488,21.995613
11,Finland,1950,-0.24499996,14.666467,-0.15446214,-9.050312,0.02111874,1.8098651,25.48,14.572473,26.130238,-0.23559707,-0.21565516,7.75,0.0,142.74683,42.835396,0.0,12.8,14.666467,14.572473
11,Finland,1951,-0.35078874,16.27907,-0.10886288,7.0498829,0.073909335,1.8157771,19.17,37.837978,25.932619,-0.3300015,-0.29187185,5.75,-0.43289658,154.43521,48.719723,0.0,9.3000002,16.27907,37.837978
11,Finland,1952,-0.39524108,1.0,-0.11180792,4.247808,0.23947316,1.3095279,13.12,10.437851,24.640642,-0.29935375,-0.49077141,5.75,0.0,105.07939,31.528221,0.0,10.8,1.0,10.437851
11,Finland,1953,-0.40323848,1.980198,-0.14198789,-9.3585835,-0.37085024,1.3267788,18.309999,11.468032,27.113506,-0.34941274,-0.41760167,5.75,0.0,101.92927,31.818571,0.0,10.8,1.980198,11.468032
11,Finland,1954,-0.35005543,0.0,-0.095605336,-5.3384967,-0.43077904,1.4417325,18.950001,15.056249,23.668989,-0.26524383,-0.48212451,5.75,0.0,91.05645,27.977751,0.0,12.6,0.0,15.056249
11,Finland,1955,-0.17797896,-2.9126213,-0.084681012,-3.2085652,-0.29732198,1.464731,17.040001,14.197697,24.283365,-0.24569799,-0.031920291,5.75,0.0,89.117783,26.19363,0.0,14.2,-2.9126213,14.197697
11,Finland,1956,-0.23913853,11.651294,-0.093288071,-5.4030876,0.54826117,1.3959339,16.59,4.2458363,25.075527,-0.27183908,-0.18769404,7.5,0.0,101.25542,34.221989,0.0,15.4,11.651294,4.2458363
11,Finland,1957,0.020162284,11.261267,-0.080913238,-3.0212009,-0.27264515,1.5330399,16.889999,2.1377137,24.712185,-0.21984601,0.42826483,7.5,9.7827291,99.325577,31.424854,0.0,15.5,11.261267,2.1377137
11,Finland,1958,0.087916255,5.8188376,-0.11225639,-2.6918564,-0.56449628,1.7079655,16.059999,12.491738,25.268873,-0.20051888,0.54098809,7.25,26.732441,115.22129,31.978849,0.0,15.5,5.8188376,12.491738
11,Finland,1959,-0.13155234,1.4516121,-0.087570131,-1.2906227,0.70934635,1.8749287,15.05,16.764591,25.016487,-0.21194483,-0.020097317,6.75,0.0,82.10849,22.163887,0.0,15.8,1.4516121,16.764591
11,Finland,1960,-0.23861237,3.4181273,-0.033419512,2.4948514,-0.4271946,1.7690411,12.79,14.894331,24.692883,-0.29397112,-0.1640882,6.75,0.0,86.417786,23.30443,0.0,6.5,3.4181273,14.894331
11,Finland,1961,0.18960278,1.6910019,0.0090157986,-0.63052785,-0.51290476,1.8361815,10.13,14.554745,24.343754,-0.2682111,0.8863557,6.75,0.0,126.08382,34.31583,0.0,6.6500001,1.6910019,14.554745
11,Finland,1962,-0.2863048,4.3839827,0.0052237581,-1.6033294,-0.50198859,2.5131783,11.52,6.9070983,25.278469,-0.37037042,-0.11876862,7.0,0.0,124.72618,32.960938,0.0,7.46,4.3839827,6.9070983
11,Finland,1963,-0.2038803,4.9963818,0.0029214621,-5.4758148,-0.28170627,1.9271418,13.44,9.2859697,22.948669,-0.307592,-0.01759344,7.0,0.0,117.54991,30.082468,0.0,8.3599997,4.9963818,9.2859697
11,Finland,1964,-0.078674354,10.275861,0.02319322,-3.2624302,-0.43467045,1.8592731,13.63,11.45288,23.668148,-0.31834477,0.31283298,7.0,0.0,90.5354,25.163094,0.0,8.4499998,10.275861,11.45288
11,Finland,1965,-0.1984573,4.940588,0.0453679,-3.9083011,-0.36552879,1.7973404,14.23,10.501077,25.531277,-0.23478509,-0.10558412,7.0,0.0,99.786484,27.775892,0.0,8.75,4.940588,10.501077
11,Finland,1966,-0.12945293,3.8736541,0.038115397,-5.1909771,-0.23659803,1.7139513,15.18,12.036135,25.215382,-0.28404826,0.1437165,7.0,0.0,90.635468,26.292004,0.0,8.0,3.8736541,12.036135
11,Finland,1967,0.18223721,5.3777819,0.028750371,-6.9268346,-0.60403824,1.6155212,15.83,8.150198,25.861242,-0.1512095,0.69643861,7.0,7.812325,112.60692,34.232704,0.0,8.0,5.3777819,8.150198
11,Finland,1968,-0.17170523,9.1916676,0.021998756,-3.6703546,-0.57752478,1.7550744,15.69,11.9655,27.291969,-0.22040272,-0.00055100978,7.0,21.738504,104.20105,27.140989,0.0,8.04,9.1916676,11.9655
11,Finland,1969,0.26382843,2.205611,0.088100575,0.52194828,-0.5497337,1.4374777,12.08,13.121818,24.886547,-0.25088206,1.0423428,7.0,0.0,95.787491,25.832989,0.0,7.6599998,2.205611,13.121818
11,Finland,1970,0.33683857,2.7404203,0.13692501,6.1820374,-0.40100294,1.375854,11.4253,13.025162,23.61017,0.030102169,0.73298222,10.614166,0.0,102.82236,28.273258,0.0,7.8099999,2.7404203,13.025162
11,Finland,1971,0.16703932,6.4757652,0.13121441,3.7827857,-0.62570858,1.4490469,10.3108,13.780954,23.678293,-0.149854,0.65007347,8.085,0.23018849,87.422432,23.830637,0.0,8.3000002,6.4757652,13.780954
11,Finland,1972,0.068671241,6.662498,0.17318,3.6917629,-0.3649337,1.5308455,9.3827,17.707773,23.36887,-0.19655225,0.52180588,7.7691665,-1.2621357,87.485275,23.282322,0.0,8.0,6.662498,17.707773
11,Finland,1973,0.27327922,10.754472,0.20572746,3.9509687,1.0669663,1.4537021,7.6543002,15.543271,23.821535,0.072495729,0.60903209,9.3966665,-8.1334677,76.668312,23.429344,0.0,8.3000002,10.754472,15.543271
11,Finland,1974,0.029071057,16.936399,0.20518728,10.181405,1.1370945,1.2701787,6.0851002,18.3225,23.652212,-0.23107554,0.48036921,10.411667,-1.3872281,70.567474,19.7689,0.0,8.8000002,16.936399,18.3225
11,Finland,1975,0.58299005,17.811398,0.1868595,4.80407,0.17602348,1.5081599,6.5032001,19.95817,21.669882,-0.064064875,1.4804872,11.716666,-2.4705338,79.141571,24.421238,0.0,9.6000004,17.811398,19.95817
11,Finland,1976,0.035355557,14.342693,0.16070002,3.2259645,-0.13738087,1.3401246,6.1008,8.643095,21.85498,-0.21017645,0.40562251,12.37,4.9978986,69.23243,20.165323,0.0,10.2,14.342693,8.643095
11,Finland,1977,-0.14130019,11.793347,0.13542996,5.814086,0.89455503,1.405352,7.7651,11.676474,22.517025,-0.20773476,-0.057618499,11.756667,4.3509192,68.475105,20.105268,0.0,10.8,11.793347,11.676474
11,Finland,1978,-0.34018013,7.7993507,0.13256156,5.4984379,-0.14286211,1.4294441,10.9656,14.977391,22.354397,-0.30544662,-0.38422087,8.5758333,2.2614019,81.370934,24.558649,0.0,9.8000002,7.7993507,14.977391
11,Finland,1979,-0.39446199,7.4669614,0.17194416,10.415022,0.71671683,1.4790093,11.1233,17.182423,22.263905,-0.32611316,-0.46047577,8.520833,-5.5706859,86.351082,24.68944,0.0,9.5,7.4669614,17.182423
11,Finland,1980,-0.21689282,11.602,0.19320583,14.658832,0.2000808,1.6709355,11.2101,14.579067,22.045935,-0.26826844,-0.0903593,12.316667,-4.327632,102.05772,28.924637,0.0,10.4,11.602,14.579067
11,Finland,1981,-0.10631479,12.0,0.17593752,12.715868,0.059936341,1.5455867,11.4981,15.116914,22.373709,-0.29626256,0.22564436,11.539166,15.910456,101.66919,30.596542,0.0,11.0,12.0,15.116914
11,Finland,1982,-0.034945648,9.3000002,0.17465502,8.0731373,-0.0067115924,1.6437502,13.7934,13.174918,23.325466,-0.32493049,0.44874677,11.8075,11.787473,124.11795,36.646294,0.0,11.0,9.3000002,13.174918
11,Finland,1983,-0.24686532,8.3999996,0.17231621,7.2766333,-0.5936327,1.8232638,15.2915,13.105399,24.773832,-0.36067331,-0.032207165,14.59,15.566291,103.87984,29.272795,0.0,10.0,8.3999996,13.105399
11,Finland,1984,-0.21675573,7.0,0.17153843,5.7913599,-0.26042178,1.6040418,15.1178,15.425886,24.263,-0.29854512,-0.076682642,16.5,7.8397131,88.389366,22.199232,0.0,11.1,7.0,15.425886
11,Finland,1985,-0.12061942,5.8200002,0.17433536,3.8173149,-0.30012587,1.6765791,15.7747,17.191559,24.834749,-0.24980871,0.11722042,13.464167,3.1474185,92.283493,22.532713,0.0,10.41,5.8200002,17.191559
11,Finland,1986,-0.18182491,2.9000001,0.17167905,-2.214499,-0.51644272,1.72391,16.3862,7.7532315,24.932608,-0.25496307,0.00943188,12.735833,-18.143257,91.707932,24.384638,0.0,9.083333,2.9000001,7.7532315
11,Finland,1987,-0.32558379,4.0819998,0.17838053,-3.4370887,-0.472435,1.645533,17.6015,12.458973,25.629097,-0.37657243,-0.17423271,10.0325,-13.303618,85.342255,19.980843,0.0,8.9075003,4.0819998,12.458973
11,Finland,1988,-0.22602223,5.1350002,0.19983952,-5.505445,-0.39294693,1.6076912,16.497,22.130363,25.083742,-0.29540458,-0.072987974,9.9658337,-4.6971488,72.833328,15.659357,0.0,10.5575,5.1350002,22.130363
11,Finland,1989,-0.32627177,6.572,0.22417369,-6.5465751,0.2278367,1.5343145,14.232,8.7843924,23.748705,-0.30289266,-0.3134633,12.556666,2.4345095,81.248924,17.163759,0.0,12.085834,6.572,8.7843924
11,Finland,1990,0.2026213,4.9569998,0.19481015,-9.3674736,1.1566632,1.5633515,13.7941,4.6295729,25.514793,-0.1895047,0.96698105,13.996667,-10.918417,100.47716,26.144541,0.0,13.21,4.9569998,4.6295729
11,Finland,1991,-0.34107223,4.5450001,0.099159434,-12.521146,0.042975612,1.781231,21.8599,7.4301667,31.91291,-0.28390235,-0.38275966,13.079166,5.9408312,115.19403,27.47859,0.0,11.711667,4.5450001,7.4301667
11,Finland,1992,-0.10389739,3.2539999,0.030158063,-6.5775881,0.031824496,1.907131,39.218201,-1.0093588,34.372864,-0.25115541,0.22415178,13.251667,10.792559,75.940979,17.955132,0.0,11.9725,3.2539999,-1.0093588
11,Finland,1993,-0.43653876,3.326,-0.0091021555,0.58219922,-0.4884198,1.8680115,54.141998,-3.0430641,37.429409,-0.35048202,-0.55039132,7.7733335,27.566147,86.624359,19.554468,0.0,8.8249998,3.326,-3.0430641
11,Finland,1994,-0.47333106,1.614,-0.0032193803,3.9972177,-0.5564431,1.7556036,56.143902,0.69270414,37.468182,-0.3487308,-0.57645535,5.3499999,-8.8038063,88.633369,20.13389,0.0,9.0366669,1.614,0.69270414
11,Finland,1995,-0.47946402,0.398,0.0065885857,4.763464,-0.49886695,1.4225415,55.151199,10.043231,37.172371,-0.33551216,-0.68054312,5.75,-16.286564,75.088799,15.496782,0.0,8.791667,0.398,10.043231
11,Finland,1996,-0.44292763,1.063,0.014758483,5.5279379,-0.48782119,1.5304723,55.305698,-1.075534,34.556194,-0.341759,-0.53409028,3.625,5.1040602,61.413044,12.374629,0.0,7.0766668,1.063,-1.075534
11,Finland,1997,-0.24126804,1.217,0.046184547,7.0776415,-0.52939165,1.5351551,52.215099,6.3089609,31.093704,-0.34546182,-0.062964343,3.2316666,13.088733,39.673115,10.089396,0.0,5.9575,1.217,6.3089609
11,Finland,1998,-0.52981603,1.349,0.069344983,4.8935699,-0.47971958,1.4631755,46.826801,0.56190997,28.820328,-0.38814685,-0.68936616,3.5683334,2.9102173,51.792046,13.667295,0.0,4.7874999,1.349,0.56190997
11,Finland,1999,-0.017199764,1.3099999,0.080371216,3.210732,-0.3108156,1.2231038,44.054699,6.3955178,27.675787,-0.025317512,0.065131888,2.9635,4.5545039,58.142807,15.353362,0.0,4.7224998,1.3099999,6.3955178
11,Finland,2000,-0.33075082,2.9519999,0.10232498,10.918127,-0.094548725,1.24001,42.4547,-0.21882586,25.570572,-0.26134402,-0.41148421,4.3917665,15.573078,45.607391,10.575691,0.0,5.4825001,2.9519999,-0.21882586
11,Finland,2001,-0.29198048,2.665,0.10116681,5.2927408,-0.12952702,1.1431199,40.923599,6.0052085,24.505629,-0.1468458,-0.49701601,4.2617831,2.9115925,111.46019,23.457609,0.0,5.0433335,2.665,6.0052085
11,Finland,2002,-0.43213648,2.007,0.090104111,3.3275921,-0.49553615,1.1534626,40.179501,5.503386,25.392967,-0.32081914,-0.58063138,3.3185916,-5.0621185,111.12048,24.009275,0.0,4.9808335,2.007,5.503386
11,Finland,2003,-0.33809131,1.29,0.080634862,1.0576692,-0.57371461,1.4454744,42.748199,4.879282,25.799841,-0.22334129,-0.44270256,2.3334668,-16.512545,135.32417,31.337662,0.0,4.1350002,1.29,4.879282
11,Finland,2004,-0.44754753,0.147,0.090492174,2.9139795,-0.36726308,1.4677186,42.641602,4.6332951,25.64406,-0.29367733,-0.58609229,2.1063249,-9.1334419,110.70305,23.153833,0.0,4.1091666,0.147,4.6332951
11,Finland,2005,-0.40605947,0.77399999,0.092757627,7.4765096,-0.27962294,1.4647045,39.929699,7.0023594,25.554539,-0.29264203,-0.51559466,2.184675,0.031681277,83.537979,17.793558,0.0,3.3508334,0.77399999,7.0023594
11,Finland,2006,-0.20284288,1.275,0.10352878,11.811277,-0.36590788,1.4427023,38.111698,5.4442983,24.892855,-0.25733322,-0.050220396,3.0792251,-0.98656887,86.026413,20.440496,0.0,3.7825,1.275,5.4442983
11,Finland,2007,-0.407148,1.5829999,0.12627268,11.577271,-0.33867192,1.2876099,33.904099,15.699933,23.605885,-0.32656243,-0.4932245,4.2776084,-8.3312426,84.868973,17.409208,0.0,4.2933335,1.5829999,15.699933
11,Finland,2008,-0.30923608,3.9159999,0.10469826,13.789496,-0.30358124,1.3910253,32.560699,13.256194,24.321932,-0.19657154,-0.30772805,4.6342335,-6.4666138,71.192848,15.71445,0.0,4.29,3.9159999,13.256194
11,Finland,2009,-0.52156168,1.6339999,-0.0089912117,-3.4060557,-0.53888696,1.5608454,41.531399,0.54104072,27.734709,-0.39786807,-0.64633596,1.2283584,5.1878705,69.581642,16.442631,0.0,3.7383332,1.6339999,0.54104072
11,Finland,2010,-0.42861897,1.686,-0.0070397062,0.77462518,-0.42617813,1.4917264,46.904701,6.5270472,28.160494,-0.29387328,-0.57282621,0.81094998,5.1338181,73.838913,18.332247,0.0,3.0108333,1.686,6.5270472
11,Finland,2011,-0.35833865,3.3239999,-0.012684349,2.8585401,-0.029124156,1.4919937,48.271198,5.3548446,27.384113,-0.30096,-0.34584275,1.3906,-4.8501892,75.721146,18.638453,0.0,3.0058334,3.3239999,5.3548446
11,Finland,2012,-0.53228092,3.1619999,-0.057385426,2.3826756,-0.49147081,1.5316052,53.622501,2.9036684,28.001314,-0.37219656,-0.71732384,0.57318336,8.2926064,69.216782,17.871664,0.0,1.8833333,3.1619999,2.9036684
11,Finland,2013,-0.42387921,2.2160001,-0.096402265,-0.77095604,-0.45506874,1.5400718,56.229198,2.5403743,28.448862,-0.2903204,-0.58789539,0.22066666,-3.2886987,70.025406,17.348652,0.0,1.8608333,2.2160001,2.5403743
11,Finland,2014,-0.37122253,1.209,-0.12985979,-4.8553615,-0.36765468,1.4592795,59.825901,3.0571461,28.412687,-0.37077197,-0.31222034,0.20993334,0.093858041,80.853844,22.59235,0.0,1.4483334,1.209,3.0571461
11,Finland,2015,-0.41130045,-0.156,-0.1529963,-8.7675362,-0.47770441,1.4581906,63.641701,10.012081,27.5819,-0.32631263,-0.48570618,-0.019366667,19.624214,94.918381,24.912926,0.0,0.72333336,-0.156,10.012081
11,Finland,2016,-0.42861339,0.389,-0.15493897,-10.272479,-0.53063589,1.4315052,63.176399,1.4933829,27.315899,-0.2748718,-0.64431614,-0.26369166,0.22109132,84.358536,23.391203,0.0,0.36500001,0.389,1.4933829
11,Finland,2017,-0.38071787,0.83899999,-0.14921471,-7.3391919,-0.54970175,1.3608893,61.167198,5.8201642,26.312742,-0.22424398,-0.54715836,-0.32905,-1.8642764,86.290787,26.85808,0.0,0.54666668,0.83899999,5.8201642
11,Finland,2018,0.24887544,1.169,-0.16307762,-5.4366846,-0.32415497,1.3716824,59.778599,1.7910175,25.912758,-0.005400931,0.80468482,-0.32209167,-4.4481721,67.708572,22.098928,0.0,0.66166669,1.169,1.7910175
11,Finland,2019,-0.26500693,1.137,-0.17513393,-5.3379364,-0.30745944,1.3613229,59.533401,3.8107669,25.685423,-0.29685172,-0.15492073,-0.35633335,5.4067965,69.926216,23.559254,0.0,0.07,1.137,3.8107669
11,Finland,2020,-0.38535503,0.38299999,-0.22612365,-15.056971,-0.33931044,1.4357811,69.519302,14.433898,29.264481,-0.38896486,-0.35713384,-0.35633335,-1.8559247,66.154915,18.845034,0.0,0.063158333,0.38299999,14.433898
11,Finland,2021,-0.35632867,2.066,-0.22607905,-8.8117666,0.6326735,1.3024392,73.247002,11.715428,27.968481,-0.35721934,-0.26053497,-0.35633335,-3.5179076,58.633369,17.761147,0.0,0.063158333,2.066,11.715428
11,Finland,2022,1.5732312,7.1719999,-0.24545759,4.5846643,3.4009044,1.5885452,74.033997,9.6354237,25.44548,0.81142026,3.7367678,0.34156665,12.505229,112.93623,49.866219,0.0,1.6553077,7.1719999,9.6354237
11,Finland,2023,0.50030708,4.3400002,-0.2841906,-5.4976821,1.8506608,2.0075369,77.302002,-8.6931934,28.670481,0.16302079,1.24361,3.4305999,-2.8074944,99.392548,39.21283,0.0,3.0368679,4.3400002,-8.6931934
12,France,1900,-0.23190671,1.1111112,0.2385314,-13.008893,-0.46720755,3.1133776,91.739998,4.522613,11.430836,-0.055001847,-0.67558086,3.0358334,,72.415619,20.249208,0.0,2.9560001,1.1111112,4.522613
12,France,1901,-0.61458731,0.0,0.16915146,-11.872803,-0.34269783,3.4241364,98.080002,4.3269229,12.153338,-0.39034382,-1.0819978,2.4133334,0.0,43.076683,11.430998,0.0,2.9990001,0.0,4.3269229
12,France,1902,-0.65702546,0.0,0.13798843,-11.055185,-0.57823735,3.1861327,95.190002,-1.3824885,11.606023,-0.41953105,-1.1285788,2.3916667,-0.38759479,43.4799,10.533073,0.0,3.0150001,0.0,-1.3824885
12,France,1903,-0.58428329,-1.0989012,0.15171592,-10.849385,-0.66388732,2.9381559,89.629997,3.7383177,10.622289,-0.43339044,-0.80055708,2.6966667,0.19455147,49.491287,12.699273,0.0,3.075,-1.0989012,3.7383177
12,France,1904,-0.27791157,0.0,0.15219599,-9.6114759,-0.63205898,2.9663825,92.110001,6.3063064,11.006622,-0.16713287,-0.46588281,2.1441667,0.19417369,76.692307,23.241215,0.0,3.072,0.0,6.3063064
12,France,1905,-0.44350564,0.0,0.15807945,-6.1666317,-0.67079812,3.1786892,92.440002,3.3898306,11.169652,-0.30890062,-0.67548591,2.1083333,-0.19379739,54.05724,15.054013,0.0,3.027,0.0,3.3898306
12,France,1906,-0.6594972,1.1111112,0.12478413,-3.3202164,-0.43381968,3.2270331,85.209999,4.5081968,10.810052,-0.45953152,-1.0207806,2.6833334,0.19417369,40.733101,8.6645575,0.0,3.1459999,1.1111112,4.5081968
12,France,1907,-0.69700241,1.0989012,0.18301256,-2.7260957,-0.58438957,2.8714316,77.849998,1.5686275,10.015229,-0.44162196,-1.180872,3.3491666,-0.19379739,34.413788,6.7671556,0.0,3.148,1.0989012,1.5686275
12,France,1908,-0.64274114,1.0869565,0.16009031,-4.6238132,-0.7778908,3.0342903,81.379997,7.3359075,10.769973,-0.45997608,-0.9606151,2.1424999,0.19417369,32.829559,7.1339126,0.0,3.1010001,1.0869565,7.3359075
12,France,1909,-0.71094394,0.0,0.17200707,-2.311156,-0.75848007,2.9766231,81.949997,4.676259,10.448618,-0.46943808,-1.1910717,1.7525001,-0.19379739,30.923229,6.4183149,0.0,3.0409999,0.0,4.676259
12,France,1910,-0.77476794,1.0752689,0.1031322,2.410393,-0.69891417,3.0545108,79.580002,2.749141,10.558733,-0.52145046,-1.2454162,2.3933334,0.38834739,30.885345,5.680274,0.0,3.0899999,1.0752689,2.749141
12,France,1911,-0.53923112,4.2553191,0.180856,1.0922977,-0.70840114,3.1058104,72.57,2.3411372,10.091153,-0.39605558,-0.75895506,2.6058333,0.19342254,52.696037,12.460192,0.0,3.181,4.2553191,2.3411372
12,France,1912,-0.54638547,0.0,0.24123281,0.19591162,-0.58815849,3.1379442,66.620003,0.98039216,9.6029167,-0.38039002,-0.81988466,3.1216667,-0.19304915,53.76284,12.242914,0.0,3.3610001,0.0,0.98039216
12,France,1913,-0.62303406,0.0,0.21328348,1.6145567,-0.74482256,3.3962669,66.349998,-3.2362459,10.227754,-0.43082848,-0.99224675,3.8166666,0.19342254,49.213394,10.93637,0.0,3.5090001,0.0,-3.2362459
12,France,1914,2.3513339,2.0408163,0.017808955,-7.2748504,-0.31644723,13.960777,,,21.408245,2.4024572,1.9494939,2.8714285,-0.57914746,199.27412,61.196068,1.768715,4.1609998,2.0408163,
12,France,1915,3.300323,17.647058,-0.12895156,-1.681082,0.65204012,43.532455,,,38.64954,3.5884376,1.49077,,13.398056,269.59604,80.559746,0.0,4.7059999,17.647058,
12,France,1916,2.6683252,15.0,-0.012097325,17.541534,0.72007942,45.484909,,,42.965908,2.9740603,0.67241776,,0.85615975,260.30356,69.524185,0.0,4.9180002,15.0,
12,France,1917,3.6507766,17.391304,-0.0410784,33.01474,2.1966329,47.479263,,,54.277538,3.7804978,1.8517047,,-2.2071292,296.97101,81.692825,0.0,5.1279998,17.391304,
12,France,1918,6.4645753,29.629629,-0.21515474,17.989199,3.4163299,55.314152,,,62.963932,6.8940558,2.231235,,-3.2986145,331.62021,89.545021,3.006521,4.8740001,29.629629,
12,France,1919,2.2537715,25.714285,-0.13706113,29.450069,1.6462134,4.4151549,,,40.54472,1.2882802,4.2113347,,55.475773,166.6438,43.691097,0.0,5.0419998,25.714285,
12,France,1920,0.40759525,38.636364,-0.090671144,23.454153,0.72358936,2.9359441,169.56,,22.603508,0.29017973,0.62295234,,62.586597,102.06319,23.895166,0.0,5.1370001,38.636364,
12,France,1921,0.031168163,-13.114754,-0.16173989,7.1163292,-0.33799371,3.1925182,237.03,5.0599203,24.557127,-0.062217727,0.21380362,,-4.19034,72.843681,17.224491,0.0,5.4840002,-13.114754,5.0599203
12,France,1922,-0.21832031,-3.7735848,-0.00053662842,4.1524162,-0.12947905,3.730165,235.88,0.50697082,29.0357,-0.17657505,-0.30179441,4.29,-8.5989609,64.923538,13.429485,0.0,5.085,-3.7735848,0.50697082
12,France,1923,0.075230733,11.764706,0.025055425,10.680178,0.71474743,3.6406066,216.82001,4.6658258,20.263441,-0.11829317,0.50552034,4.3899999,34.468773,58.87146,13.606342,0.0,5.6339998,11.764706,4.6658258
12,France,1924,-0.41893181,14.035088,0.10875185,17.050985,-0.50812435,2.301084,192.41,3.0120482,19.563896,-0.30794495,-0.64565092,5.0104165,16.525942,49.706013,10.419405,0.0,6.0240002,14.035088,3.0120482
12,France,1925,-0.18922594,6.1538463,0.095037676,15.010676,-0.5484097,2.7479224,197.19,22.456141,14.628243,-0.12098034,-0.35560116,5.6875,9.8861284,45.767529,10.011744,0.0,6.303,6.1538463,22.456141
12,France,1926,-0.50967234,30.434782,0.10812376,16.240084,-0.5050016,2.6803057,144.66,18.815664,12.966154,-0.34305245,-0.87750483,5.6591668,48.092323,37.680462,8.5591869,0.0,5.566,30.434782,18.815664
12,France,1927,-0.49154344,4.4444447,0.066726275,14.679288,-0.75979549,3.7851346,157.5,14.710611,15.063744,-0.36178544,-0.73146027,2.9091666,-18.956749,45.88192,10.878609,0.0,4.9499998,4.4444447,14.710611
12,France,1928,-0.52864563,0.0,0.10340095,9.8342829,-0.73986936,2.9446087,142.28999,20.322355,13.394114,-0.32296482,-0.91009849,3.0150001,0.078497313,37.190571,8.1046076,0.0,4.5110002,0.0,20.322355
12,France,1929,-0.53317517,6.3829789,0.16418271,9.5530272,-0.62470877,2.786202,138.61,5.2999415,13.702782,-0.37260798,-0.80827039,3.4741666,0.11764882,40.538773,9.7873945,0.0,3.6099999,6.3829789,5.2999415
12,France,1930,-0.46553472,1.0,0.10818785,6.0839491,-0.65854812,3.802521,143.84,12.278761,16.058884,-0.39724338,-0.55075967,2.3525,-0.19585414,42.976971,9.7567225,0.0,3.54,1.0,12.278761
12,France,1931,-0.47348484,-3.9603961,0.042062666,0.5816431,-0.56046164,4.2315822,161.02,15.270936,18.073196,-0.37235501,-0.60983741,1.5575,0.11774117,44.57341,10.304749,0.0,3.8,-3.9603961,15.270936
12,France,1932,-0.38060898,-9.2783508,-0.070634864,-6.8877649,-0.65736705,5.2015958,103.71,0.85470086,20.291183,-0.33363202,-0.41453221,1.3008333,-0.19599812,59.718971,14.980241,0.0,3.9100001,-9.2783508,0.85470086
12,France,1933,-0.40158361,-3.409091,-0.062414508,-6.2669415,-0.72720301,4.2083635,122.01,-5.0847459,22.08732,-0.40451831,-0.28985599,1.6258334,-19.206598,52.87656,12.64148,0.0,4.4699998,-3.409091,-5.0847459
12,France,1934,-0.44939721,-3.5294118,-0.11879262,-7.4287376,-0.4904559,4.6827145,140.88,-0.89285713,21.687899,-0.41111082,-0.41640368,2.0225,-19.706533,52.097977,10.931581,0.0,3.8199999,-3.5294118,-0.89285713
12,France,1935,0.26879165,-8.5365858,-0.16465972,-7.1388626,-0.5560289,6.4263802,167.02,-4.9549551,24.396807,-0.21049482,1.644387,3.2425001,-0.45991465,82.748703,22.1047,0.0,4.1799998,-8.5365858,-4.9549551
12,France,1936,0.42852813,6.6666665,-0.1715329,-8.5714903,-0.031968158,6.6092057,141.16,2.8436019,22.649584,0.062826835,1.3899423,3.6824999,10.23102,91.402847,25.41032,0.0,4.0100002,6.6666665,2.8436019
12,France,1937,0.25090796,26.25,-0.16961978,-4.9765005,-0.10386312,6.3461947,106.76,8.7557602,20.982571,0.21792041,0.52383178,3.8308334,50.538918,87.478371,25.874165,0.0,4.3200002,26.25,8.7557602
12,France,1938,0.82342839,13.861386,-0.21595392,-5.6090856,-0.38743323,7.7175174,101.59,13.135593,17.477871,0.44104964,1.6673028,2.7550001,39.021481,102.05727,31.557295,0.0,3.4200001,13.861386,13.135593
12,France,1939,2.4379756,6.0869565,-0.19646606,-8.7917309,0.80499864,8.9933681,,15.730337,31.897079,1.5259724,5.000586,2.001111,13.962806,191.01532,62.660671,1.328807,3.9400001,6.0869565,15.730337
12,France,1940,2.2889259,18.852459,-0.45429015,-11.700963,1.5948915,73.774048,,33.980583,44.101112,1.9966059,2.805619,1.72,20.549831,200.07191,69.208664,0.0,3.45,18.852459,33.980583
12,France,1941,1.0094852,17.241379,-0.50859147,-17.062243,1.8702416,6.5699072,,39.613525,28.233936,1.0241643,0.72202635,1.67,-2.8081467,241.92404,78.215225,0.0,3.1300001,17.241379,39.613525
12,France,1942,0.70472485,20.588236,-0.5230332,-13.659535,2.5835598,6.7927532,,14.532872,28.807724,1.0349219,-0.59229785,1.62,0.0,306.14059,87.04493,0.0,3.0899999,20.588236,14.532872
12,France,1943,1.2547532,23.902439,-0.54682988,-17.40259,2.3396666,8.0403271,,30.664652,29.483444,1.6526353,-0.45645863,1.65,0.0,344.39383,98.697235,0.0,3.1199999,23.902439,30.664652
12,France,1944,2.2841873,22.440945,-0.83507222,-20.890509,2.2111843,9.2879,,28.901733,45.945526,2.7506647,-0.06364423,1.64,0.0,376.73724,109.20229,0.0,2.99,22.440945,28.901733
12,France,1945,0.91937989,48.23151,-0.64927065,-19.174719,3.4466941,5.6602812,,11.659193,51.450054,1.0070438,0.47054303,1.37,7.5268769,240.73561,72.141243,0.0,3.03,48.23151,11.659193
12,France,1946,0.24448515,52.494576,-0.38156867,-6.103878,2.9700227,6.133152,63.988602,24.176706,24.850161,-0.1482649,1.0831829,1.3099999,78.861542,122.23141,34.474724,0.0,3.3499999,52.494576,24.176706
12,France,1947,-0.12659457,49.21764,-0.35096765,-4.9358377,3.187269,6.0323262,57.2439,21.216042,20.329576,-0.16610719,-0.046088748,2.04,-13.043477,99.266258,24.604511,0.0,4.48,49.21764,21.216042
12,France,1948,0.22511633,58.627266,-0.25785697,-3.7264099,1.0236396,4.2879572,47.537701,29.348986,17.187775,-0.28179047,1.4036345,2.0941668,73.333321,114.34803,29.852949,0.0,6.8352766,58.627266,29.348986
12,France,1949,-0.20639822,12.698413,-0.22719163,-3.3915603,-0.012720567,5.2532272,44.34,31.971947,13.675937,-0.37005824,0.20375831,2.5150001,-19.706533,83.723862,21.428907,0.0,7.0627203,12.698413,31.971947
12,France,1950,-0.072106615,9.8591547,-0.17762271,-1.0613323,-0.0099936156,4.654181,39.98,-0.31259769,23.160202,-0.2447855,0.38409743,2.4300001,5.643507,142.74683,41.054234,0.0,7.8049045,9.8591547,-0.31259769
12,France,1951,0.10607153,17.647058,-0.15206935,3.0581167,0.69794053,5.9868627,33.869999,18.375666,22.730442,-0.13658367,0.77716529,2.6975,0.08006788,154.43521,46.542942,0.0,7.828846,17.647058,18.375666
12,France,1952,-0.14850813,11.956522,-0.15699556,-2.477994,0.11219941,7.2279201,32.869999,13.562914,24.479143,-0.22745791,0.027655415,3.7933333,0.0028600725,105.07939,29.867929,0.0,6.703599,11.956522,13.562914
12,France,1953,-0.018072,-1.9417475,-0.15871449,-4.7581763,-0.48598048,7.5715289,35.0,11.826452,24.534763,-0.22482497,0.46283764,4.0433335,0.47630018,101.92927,29.885981,0.0,6.4761553,-1.9417475,11.826452
12,France,1954,0.20243494,0.39603961,-0.13748196,-4.9159241,-0.56516767,6.1207857,34.369999,13.996662,22.503279,-0.096987516,0.84715396,3.5933332,-0.11733753,91.05645,25.601461,0.0,6.4402432,0.39603961,13.996662
12,France,1955,-0.10018297,0.9861933,-0.11152674,-3.8479867,-0.50802177,5.3848348,33.27,12.881976,22.309763,-0.2560055,0.27714986,3.1600001,-0.11560521,89.117783,24.487358,0.0,5.2199998,0.9861933,12.881976
12,France,1956,0.4807885,1.8973142,-0.087018155,-5.0385275,0.4419702,6.460393,32.990002,10.504133,23.845234,-0.010967107,1.5782225,3.1849999,0.56037295,101.25542,31.296516,0.0,5.6399999,1.8973142,10.504133
12,France,1957,0.16193581,3.0576706,-0.056959569,-4.6031318,-0.080249362,6.1605964,32.599998,10.532493,25.632977,-0.24869925,1.0730712,5.3483334,7.6691651,99.325577,29.224789,0.0,5.9200001,3.0576706,10.532493
12,France,1958,0.13817205,15.260526,-0.056956418,-6.2724166,-0.72516698,5.6875296,32.02,6.1181154,21.61187,-0.24391173,1.0291698,6.4850001,11.102786,115.22129,29.844921,0.0,5.5799999,15.260526,6.1181154
12,France,1959,-0.086807005,5.8152556,-0.058268771,-4.6352978,-0.60784233,5.6352468,31.48,13.381691,21.449562,-0.34728789,0.50526237,4.0725002,16.205229,82.10849,20.441471,0.0,5.1900001,5.8152556,13.381691
12,France,1960,0.016514087,4.139936,-0.016076552,-2.0348151,-0.63143033,5.4284859,28.5,16.920362,19.541624,-0.31231496,0.76482314,4.0999999,-0.0072232499,86.417786,21.341209,0.0,5.6633334,4.139936,16.920362
12,France,1961,0.30420688,2.400461,0.0053740544,-2.7162058,-0.48338652,5.2956076,26.309999,16.981133,19.980955,-0.18096714,1.4779541,3.6500001,0.027962215,126.08382,31.863174,0.0,5.5191665,2.400461,16.981133
12,France,1962,0.086232848,5.3312802,0.030634442,-4.5569692,-0.42392692,5.1588712,23.610001,18.548388,20.58836,-0.11098677,0.54144549,3.6099999,-0.10418135,124.72618,30.841347,0.0,5.4341664,5.3312802,18.548388
12,France,1963,-0.049514014,4.9991527,0.043773245,-4.7651086,-0.31831384,4.7400856,22.17,14.285714,21.699741,-0.41761625,0.81921136,3.98,0.006694668,117.54991,28.264738,0.0,5.3383331,4.9991527,14.285714
12,France,1964,-0.32177898,3.2111917,0.07481499,-4.1736226,-0.39559633,4.5402503,19.59,9.5238094,19.529549,-0.40072352,-0.10456809,4.6999998,0.0034787601,90.5354,23.940794,0.0,5.4491668,3.2111917,9.5238094
12,France,1965,-0.38295108,2.7031045,0.090175077,-4.5065103,-0.3728559,4.3953195,17.59,10.869565,19.770975,-0.43007421,-0.21097803,4.1799998,0.0088402117,99.786484,26.650499,0.0,6.2024999,2.7031045,10.869565
12,France,1966,-0.39427406,2.6020007,0.11056613,-4.1747746,-0.24942257,4.2901034,15.31,10.784314,19.744785,-0.45421073,-0.21880054,4.79,0.25457239,90.635468,25.207277,0.0,6.5791669,2.6020007,10.784314
12,France,1967,-0.23439385,2.7917771,0.12633815,-4.5294113,-0.42285943,4.2952461,16.049999,13.274336,20.92371,-0.28459987,-0.024204854,4.77,0.12442452,112.60692,32.894363,0.0,6.7066665,2.7917771,13.274336
12,France,1968,-0.15471382,4.5432048,0.13829629,-4.4644222,-0.60984409,4.1368461,15.83,11.328125,21.030231,-0.18236899,-0.11818081,6.21,0.65616828,104.20105,25.549286,0.0,6.9508333,4.5432048,11.328125
12,France,1969,-0.13859996,6.0459628,0.1756058,-2.6248088,-0.58631855,3.6797516,14.39,5.2631578,20.171011,-0.17072196,-0.082804918,9.3299999,5.0167975,95.787491,24.316473,0.0,8.1774998,6.0459628,5.2631578
12,France,1970,-0.29535347,5.2996411,0.20001218,-0.44956887,-0.539581,3.4585576,21.02,14.666667,19.696436,-0.28719321,-0.26939225,8.9250002,6.2942481,102.82236,27.099787,0.0,8.5508337,5.2996411,14.666667
12,France,1971,-0.5047195,5.3975186,0.21487452,-0.17770645,-0.49235639,3.316093,20.059999,18.313953,19.066784,-0.40409034,-0.64676136,6.2866669,-0.31626105,87.422432,23.048706,0.0,8.4216671,5.3975186,18.313953
12,France,1972,-0.38409463,6.0630031,0.2269043,-0.021213755,-0.50328267,3.2303045,17.709999,18.918919,18.867548,-0.29185954,-0.53687042,5.5066667,-8.4503565,87.485275,22.225895,0.0,8.0133333,6.0630031,18.918919
12,France,1973,-0.27000597,7.3806009,0.24924842,1.5899012,1.485629,3.1437192,15.83,14.669421,18.673019,-0.24197179,-0.25296298,9.1291666,-11.713825,76.668312,22.1875,0.0,8.998333,7.3806009,14.669421
12,France,1974,-0.53845978,13.649318,0.25047323,9.3916426,1.5300151,3.0864406,15.42,17.837837,18.506325,-0.45351461,-0.64826536,13.019167,8.1290197,70.567474,19.022493,0.0,11.0025,13.649318,17.837837
12,France,1975,-0.37621242,11.685927,0.22002736,3.259006,0.13999721,3.1971455,16.09,15.749235,20.71249,-0.34867144,-0.41943222,7.9233332,-10.916262,79.141571,23.4767,0.0,10.311666,11.685927,15.749235
12,France,1976,-0.43165201,9.6254959,0.23461527,5.8000016,-0.22760016,3.1561396,15.1,12.285336,20.349464,-0.36377975,-0.52680779,8.6899996,11.474244,69.23243,19.199144,0.0,10.51,9.6254959,12.285336
12,France,1977,-0.44147778,9.4945545,0.23874313,6.3546171,-0.1062154,3.2315686,14.99,14.588235,20.55809,-0.37936243,-0.52255768,9.2158337,2.7764733,68.475105,19.115412,0.0,10.991667,9.4945545,14.588235
12,France,1978,-0.36340129,9.2505589,0.24420597,5.2868595,-0.22059204,3.1514874,17.24,72.587273,22.964302,-0.20309941,-0.70874429,8.1566668,-8.1799536,81.370934,23.35741,0.0,10.611667,9.2505589,72.587273
12,France,1979,-0.47275716,10.646734,0.25136957,6.3247285,1.118762,3.1393955,19.82,14.396193,23.049145,-0.37814441,-0.61267847,9.4833336,-5.7014236,86.351082,23.701288,0.0,10.8475,10.646734,14.396193
12,France,1980,-0.34428653,13.057,0.2408099,8.4322224,0.1059432,3.155205,21.0245,1.078778,23.588995,-0.40628338,-0.12875111,12.209167,-0.81727213,102.05772,27.714521,0.0,13.784166,13.057,1.078778
12,France,1981,-0.18531995,13.333,0.22624229,10.021342,-0.024003256,3.2461326,22.2404,11.43857,24.948969,-0.32731855,0.24119653,15.259167,28.861921,101.66919,29.084568,0.0,16.291666,13.333,11.43857
12,France,1982,-0.024694743,11.978,0.22553429,9.2880878,-0.51588261,3.223839,25.5791,11.010942,25.566179,-0.25211957,0.56813991,14.615833,21.107689,124.11795,34.819248,0.0,15.9975,11.978,11.010942
12,France,1983,-0.085866831,9.46,0.21899918,8.5824575,-0.56230092,3.2371318,26.9219,10.890481,26.027346,-0.18687619,0.19429967,12.4675,15.856503,103.87984,27.519682,0.0,14.368333,9.46,10.890481
12,France,1984,-0.41230077,7.6739998,0.20713478,10.437452,-0.47326401,3.1873693,29.344999,8.4593077,26.430136,-0.26975778,-0.63885009,11.7025,14.494486,88.389366,21.130098,0.0,13.404166,7.6739998,8.4593077
12,France,1985,-0.44350332,5.8309999,0.1994092,9.3400717,-0.57764018,3.1439328,30.958799,3.3943014,26.732471,-0.35629237,-0.52762902,9.9433336,2.7153494,92.283493,21.55221,0.0,11.866667,5.8309999,3.3943014
12,France,1986,-0.26601151,2.539,0.19570415,2.3643212,-0.55657446,3.0857651,31.5277,3.5081639,26.216677,-0.15811802,-0.26091611,7.7094998,-19.706533,91.707932,23.021055,0.0,9.1191664,2.539,3.5081639
12,France,1987,-0.4440276,3.289,0.19060469,1.2711905,-0.55426055,3.1204517,33.842499,4.4188428,25.781118,-0.38187435,-0.4031387,8.2689419,-13.20548,85.342255,18.950327,0.0,9.4786253,3.289,4.4188428
12,France,1988,-0.63167292,2.701,0.20768039,1.8446877,-0.4694474,3.0003407,33.715199,3.5943274,25.284826,-0.42380956,-1.0109624,7.9421668,-0.79191011,72.833328,15.042521,0.0,9.0840464,2.701,3.5943274
12,France,1989,-0.5784297,6.5689998,0.21281213,3.9798133,-0.23764026,2.9178348,34.435001,5.5230975,24.31019,-0.45104593,-0.73531199,9.3988085,7.0350456,81.248924,16.411594,0.0,8.7960615,6.5689998,5.5230975
12,France,1990,-0.21676488,0.32300001,0.21018319,1.8995591,0.40938753,2.8446395,35.553501,0.75734508,24.405388,-0.36506131,0.30244294,10.3214,-14.698935,100.47716,24.774748,0.0,9.9321108,0.32300001,0.75734508
12,France,1991,-0.088784359,3.4030001,0.19431949,1.5899332,0.12326041,2.8492193,36.3396,-2.2901537,24.522377,-0.1383459,0.36679685,9.6150246,3.7524366,115.19403,25.708036,0.0,9.0383406,3.4030001,-2.2901537
12,France,1992,-0.38277707,2.4560001,0.18319923,-0.095064774,-0.36294332,2.7275681,40.087399,-1.0678123,25.128672,-0.42035988,-0.20153774,10.344617,-6.385437,75.940979,16.852953,0.0,8.5878725,2.4560001,-1.0678123
12,France,1993,-0.25497681,2.2349999,0.14386101,-3.0424395,-0.57253784,2.7216845,46.488499,-0.70704049,26.890629,-0.34773293,0.16729453,8.5868587,7.2441344,86.624359,18.104517,0.0,6.7749939,2.2349999,-0.70704049
12,France,1994,-0.22029047,1.664,0.1363997,-1.7441914,-0.55888242,2.6907325,49.768398,4.1993041,26.317373,-0.34903854,0.25574538,5.8466749,-2.2248831,88.633369,18.602886,0.0,7.2137756,1.664,4.1993041
12,France,1995,-0.35914963,1.7690001,0.13068727,-0.80631584,-0.62822956,2.5154223,56.1059,8.7525454,26.086517,-0.36228314,-0.18375272,6.5781832,-9.9592867,75.088799,14.252008,0.0,7.5349717,1.7690001,8.7525454
12,France,1996,-0.6042105,2.079,0.11383721,-0.88581425,-0.67327267,2.4376633,59.998402,-0.20059331,25.995836,-0.43343073,-0.87382752,3.9356251,2.449019,61.413044,11.646808,0.0,6.3121295,2.079,-0.20059331
12,France,1997,-0.64929658,1.27,0.10814977,2.0293143,-0.6480599,2.3939569,61.424999,7.0060182,26.015081,-0.48966217,-0.89299321,3.4628334,14.14332,39.673115,9.5052814,0.0,5.5825105,1.27,7.0060182
12,France,1998,-0.51574391,0.67299998,0.11454904,2.8550665,-0.56658775,2.246809,61.347401,3.7481656,24.700272,-0.44845492,-0.5425747,3.5571084,0.99427694,51.792046,12.734482,0.0,4.6402106,0.67299998,3.7481656
12,France,1999,-0.50947231,0.57700002,0.11802277,2.2964442,-0.56169116,2.1981533,60.496498,5.1370034,24.767969,-0.36905733,-0.6604737,2.9635,4.5315895,58.142807,14.535349,0.0,4.6087871,0.57700002,5.1370034
12,France,2000,-0.66507214,1.8150001,0.12827459,7.5864453,-0.32062224,2.0921891,58.882401,5.9983563,23.746216,-0.44922769,-1.0248698,4.3917665,15.573078,45.607391,10.001961,0.0,5.3944697,1.8150001,5.9983563
12,France,2001,-0.50838685,1.784,0.11690696,5.8520761,-0.42494917,2.0414841,58.343899,6.958179,23.97484,-0.29461569,-0.85570407,4.2617831,2.9115925,111.46019,22.568842,0.0,4.9394598,1.784,6.958179
12,France,2002,-0.38637555,1.937,0.095465019,3.234328,-0.5607748,2.0585725,60.257999,8.1107569,24.491869,-0.24306954,-0.53180707,3.3185916,-5.0621185,111.12048,22.832722,0.0,4.8612218,1.937,8.1107569
12,France,2003,-0.08726421,2.1719999,0.072092712,-0.17379285,-0.54398531,2.1064711,64.412697,4.5596938,24.029078,-0.064087883,0.12587368,2.3334668,-16.512545,135.32417,29.564701,0.0,4.130888,2.1719999,4.5596938
12,France,2004,-0.35680297,2.335,0.064073928,0.086713113,-0.58352292,2.1141663,65.939102,6.9750261,24.069567,-0.2311046,-0.48003003,2.1063249,-9.1334419,110.70305,21.912155,0.0,4.0991659,2.335,6.9750261
12,France,2005,-0.52263987,1.888,0.04505055,1.2528454,-0.52554244,2.028137,67.383003,8.4013796,23.710449,-0.41051736,-0.70761436,2.184675,0.031681277,83.537979,16.905888,0.0,3.4094317,1.888,8.4013796
12,France,2006,-0.3820639,1.892,0.039757553,2.3755989,-0.5856657,1.9773774,64.610802,8.1511078,22.503572,-0.38114202,-0.28202435,3.0792251,-0.98656887,86.026413,19.312172,0.0,3.7957325,1.892,8.1511078
12,France,2007,-0.58235747,1.605,0.033391047,1.7199807,-0.44567481,1.9109578,64.5355,13.657756,22.422014,-0.43041411,-0.783476,4.2776084,-8.3312426,84.868973,16.645021,0.0,4.3031998,1.605,13.657756
12,France,2008,-0.55742818,3.161,0.0063663763,1.7909881,-0.34323829,1.899345,68.778297,8.0994692,22.806593,-0.39907804,-0.81599236,4.6342335,-6.4666138,71.192848,14.92301,0.0,4.2343125,3.161,8.0994692
12,France,2009,-0.55758101,0.102,-0.052724309,-6.1623788,-0.62941372,2.098778,83.038902,-0.30314523,24.285927,-0.42691946,-0.75800431,1.2283584,5.1878705,69.581642,15.598575,0.0,3.6488075,0.102,-0.30314523
12,France,2010,-0.62115866,1.738,-0.063218281,-2.762121,-0.42246455,1.9686438,85.256897,7.5827632,25.616991,-0.4759391,-0.78605461,0.81094998,5.1338181,73.838913,17.643114,0.0,3.1170073,1.738,7.5827632
12,France,2011,-0.41877186,2.2869999,-0.069397502,0.25076014,-0.295353,1.8879461,87.834396,3.9643121,23.580612,-0.28039306,-0.55447537,1.3906,-4.8501892,75.721146,17.547432,0.0,3.321058,2.2869999,3.9643121
12,France,2012,-0.5169363,2.217,-0.097899526,0.28227025,-0.60065138,1.8715441,90.603996,5.7088885,23.58474,-0.36967728,-0.71885759,0.57318336,8.2926064,69.216782,16.940706,0.0,2.5359941,2.217,5.7088885
12,France,2013,-0.44453821,0.98900002,-0.12084798,-0.59559572,-0.68506384,1.8471165,93.4132,2.8053827,23.266935,-0.30252281,-0.59108835,0.22066666,-3.2886987,70.025406,16.294687,0.0,2.2043397,0.98900002,2.8053827
12,France,2014,-0.3578341,0.611,-0.14129986,-1.269835,-0.59668052,1.859529,94.888702,3.790482,23.211885,-0.36304864,-0.20172846,0.20993334,0.093858041,80.853844,21.371836,0.0,1.6664392,0.611,3.790482
12,France,2015,0.1623567,0.089000002,-0.15994228,-1.0344501,-0.29121298,1.8697327,95.579697,4.6058936,23.086636,0.17262407,0.39031926,-0.019366667,19.624214,94.918381,22.604422,0.0,0.84187269,0.089000002,4.6058936
12,France,2016,-0.080376133,0.30700001,-0.17978077,-2.283442,-0.50432456,1.8517181,97.956802,5.2756381,23.37636,0.073619217,-0.19135125,-0.26369166,0.22109132,84.358536,21.5814,0.0,0.46788281,0.30700001,5.2756381
12,France,2017,-0.27623251,1.166,-0.1878892,-1.3338008,-0.40434185,1.8523089,98.132103,8.8792868,23.411814,-0.26149303,-0.15383208,-0.32905,-1.8642764,86.290787,25.466093,0.0,0.80985242,1.166,8.8792868
12,France,2018,-0.40526542,2.099,-0.20104319,-1.047541,-0.17137745,1.8460425,97.781502,5.5820198,22.635071,-0.35337743,-0.37357017,-0.32209167,-4.4481721,67.708572,21.1313,0.0,0.78410149,2.099,5.5820198
12,France,2019,-0.38670039,1.298,-0.21025676,-2.5566552,-0.16422594,1.8528852,97.459099,7.4760814,22.41037,-0.38475147,-0.22013462,-0.35633335,5.4067965,69.926216,22.425039,0.0,0.13019,1.298,7.4760814
12,France,2020,-0.45462453,0.52700001,-0.31684777,-11.299143,0.35110456,2.0216746,115.0422,15.942783,25.464901,-0.45571819,-0.35167176,-0.35633335,-1.8559247,66.154915,17.821575,0.0,0.063158333,0.52700001,15.942783
12,France,2021,-0.47381866,2.066,-0.27994859,-7.5190072,1.7399963,1.9802222,115.59,18.783903,23.230902,-0.44480434,-0.37893045,-0.35633335,-3.5179076,58.633369,16.7847,0.0,0.063158333,2.066,18.783903
12,France,2022,0.047984954,5.9039998,-0.28399131,3.2977588,3.3181119,1.9577206,96.779999,-4.7208543,22.195902,-0.13935438,1.0176002,0.34156665,12.505229,112.93623,48.289482,0.0,1.7008128,5.9039998,-4.7208543
12,France,2023,-0.21470165,5.6630001,-0.3041546,-3.1338558,0.83783287,1.9509969,98.470001,-8.6931934,20.679901,-0.13046606,-0.064844236,3.4305999,-2.8074944,99.392548,37.912975,0.0,2.9959059,5.6630001,-8.6931934
13,Germany,1900,-0.24560282,2.5210092,0.20475791,-4.6968069,-0.35747272,2.3155622,46.0,2.2024446,5.0882969,-0.16056424,-0.49676925,4.4099998,,72.415619,20.443031,0.0,3.6800001,2.5210092,2.2024446
13,Germany,1901,-0.42674029,0.0,0.18717787,-6.1408634,-0.36866808,2.5515347,49.0,6.1728396,5.6422634,-0.32048893,-0.71016264,3.0599999,-0.23809347,43.076683,11.462254,0.0,3.6500001,0.0,6.1728396
13,Germany,1902,-0.39454743,0.81967205,0.18132862,-4.6745553,-0.36522117,2.5940864,50.0,6.8365865,5.6558414,-0.31396624,-0.58368236,2.1900001,0.0,43.4799,10.364333,0.0,3.52,0.81967205,6.8365865
13,Germany,1903,-0.36158183,0.0,0.19328986,-2.7351773,-0.53208613,2.3347826,50.0,6.622613,5.5862164,-0.33910874,-0.35527301,3.01,0.23866169,49.491287,12.566538,0.0,3.53,0.0,6.622613
13,Germany,1904,-0.32174787,0.0,0.20319058,-1.3685894,-0.57726049,2.2124808,50.0,7.9338317,5.7036238,-0.23688358,-0.52902102,3.1400001,-0.23809347,76.692307,23.604731,0.0,3.5699999,0.0,7.9338317
13,Germany,1905,-0.34653851,3.2520325,0.22386581,0.52326512,-0.56195331,2.248637,49.0,11.488284,5.6263533,-0.27755839,-0.50373632,2.8499999,0.23866169,54.05724,15.160654,0.0,3.5699999,3.2520325,11.488284
13,Germany,1906,-0.45377231,5.5118108,0.20148586,3.607718,-0.36154443,2.2648706,48.0,8.236764,5.7088265,-0.36218727,-0.68387413,4.04,0.23809347,40.733101,8.6968336,0.0,3.6300001,5.5118108,8.236764
13,Germany,1907,-0.49454194,-0.74626851,0.20970613,6.8196216,-0.54752755,2.3301792,48.0,4.1566076,6.4384713,-0.36208507,-0.82591707,5.1199999,0.0,34.413788,6.8636117,0.0,3.75,-0.74626851,4.1566076
13,Germany,1908,-0.45355022,0.0,0.22886589,1.2266567,-0.68535775,2.6335182,50.0,6.2749839,6.2929549,-0.36446038,-0.68120587,3.52,-0.47505584,32.829559,7.200139,0.0,3.8,0.0,6.2749839
13,Germany,1909,-0.49102002,3.007519,0.2151686,3.1545792,-0.59748626,2.5388541,52.0,9.6943455,6.2501779,-0.37547094,-0.79298711,2.8599999,0.0,30.923229,6.4736214,0.0,3.7,3.007519,9.6943455
13,Germany,1910,-0.52785271,3.6496348,0.20651805,5.0349035,-0.67352343,2.5359259,50.0,5.3769016,6.0171957,-0.38514403,-0.92266929,3.54,0.23866169,30.885345,5.7315168,0.0,3.76,3.6496348,5.3769016
13,Germany,1911,-0.34522408,0.0,0.22334456,7.3344116,-0.62737399,2.4426489,48.0,5.3595843,5.8023195,-0.31828928,-0.3686147,3.54,0.0,52.696037,12.363884,0.0,3.79,0.0,5.3595843
13,Germany,1912,-0.37480453,1.4084505,0.22578147,10.703559,-0.4103269,2.3482447,47.0,4.3732157,5.8822713,-0.2985236,-0.52414918,4.2199998,0.0,53.76284,12.234737,0.0,3.9100001,1.4084505,4.3732157
13,Germany,1913,-0.42664292,0.69444418,0.24698275,11.818184,-0.64820421,3.2044671,47.0,4.182519,6.7394719,-0.32857636,-0.69585341,4.98,0.0,49.213394,10.949782,0.0,4.0900002,0.69444418,4.182519
13,Germany,1914,2.1239519,2.7586215,0.15501499,,-0.056998067,15.4289,,11.136835,,2.0817175,2.3157849,3.6300001,1.9047577,199.27412,58.495705,1.1823798,4.145,2.7586215,11.136835
13,Germany,1915,3.4991245,25.503355,0.0029899501,,0.82775486,55.609142,,10.06808,,3.4720435,2.9801803,3.8900001,13.55141,269.59604,75.039558,1.0891299,5.8249998,25.503355,10.06808
13,Germany,1916,2.7910514,31.550802,-0.020200945,,1.0135612,48.526855,,19.777176,,2.8998475,1.6711403,4.6199999,13.580241,260.30356,65.158821,0.0,6.5570002,31.550802,19.777176
13,Germany,1917,3.9262283,50.0,-0.18841934,,2.7504706,56.460682,,38.576572,,3.8451343,3.4409068,4.6300001,19.202902,296.97101,75.412308,0.0,5.9699998,50.0,38.576572
13,Germany,1918,4.9204049,23.035231,-0.22092713,,2.8321612,59.354408,,31.190342,,5.0525432,2.8732057,4.6300001,-8.6626139,331.62021,85.635246,1.3414465,5.9699998,23.035231,31.190342
13,Germany,1919,1.2519025,32.819382,-0.27418864,,1.1789217,0.65574867,,46.095467,,0.77678382,2.7347574,4.6300001,78.861542,166.6438,43.823807,0.0,6.3940001,32.819382,46.095467
13,Germany,1920,0.11843797,114.21599,-0.18080091,,0.32789162,0.52396464,,50.100586,,0.091147646,0.22975212,3.5899999,78.861542,102.06319,24.147156,0.0,5.9780002,,50.100586
13,Germany,1921,-0.0046832575,31.081079,-0.14704654,,-0.20037451,0.52097929,,-8.6931934,,-0.026246285,0.026578892,3.49,65.826187,72.843681,17.124943,0.0,5.7010002,31.081079,-8.6931934
13,Germany,1922,-0.30056807,117.45591,-0.10822586,,0.13531812,0.1884492,,90.320747,,-0.23954086,-0.47643963,5.9400001,78.861542,64.923538,13.842775,0.0,2.451,,83.488998
13,Germany,1923,-0.096681103,136.02196,-0.26976892,,0.66966701,6.8856802,,,,-0.18912181,0.19866662,,78.861542,58.87146,13.918312,0.0,0.063158333,,
13,Germany,1924,-0.35675222,117.06698,-0.18175367,3.0044668,-0.46235141,0.81560451,,,,-0.28696072,-0.57059753,11.11,78.861542,49.706013,10.612519,0.0,7.9699998,,
13,Germany,1925,-0.35285795,9.375,-0.13324541,8.7412252,-0.51154673,0.86474764,11.62,,8.1535454,-0.28148565,-0.52270126,8.1999998,0.0,45.767529,10.667327,0.0,7.9099998,9.375,
13,Germany,1926,-0.41021469,0.71428585,-0.14245434,5.7042933,-0.53371114,0.97297251,12.3,15.485455,9.7202244,-0.31306383,-0.67290288,6.0300002,0.0,37.680462,8.7503405,0.0,5.48,0.71428585,15.485455
13,Germany,1927,-0.41762176,4.9645391,-0.065697268,8.9253712,-0.66020191,0.82107717,18.0,8.7907534,9.4260902,-0.32111827,-0.67209196,7.2600002,0.23809373,45.88192,11.133112,0.0,6.0300002,4.9645391,8.7907534
13,Germany,1928,-0.43781543,2.7027028,-0.054480135,8.3618364,-0.6123926,0.85758179,20.0,4.2974892,10.32837,-0.31826946,-0.73928541,7.46,-0.47505638,37.190571,8.3525085,0.0,6.2600002,2.7027028,4.2974892
13,Germany,1929,-0.42854679,1.3157895,-0.090575852,9.8102961,-0.58425093,0.83807617,24.0,1.7176008,9.9126425,-0.32647762,-0.68581557,8.2700005,0.23866197,40.538773,9.9936485,0.0,6.48,1.3157895,1.7176008
13,Germany,1930,-0.43365413,-3.8961039,-0.18071663,6.4459515,-0.57241386,0.93222255,29.0,-6.1481113,11.48977,-0.34987095,-0.64357013,5.6599998,-0.23809373,42.976971,10.120926,0.0,6.1799998,-3.8961039,-6.1481113
13,Germany,1931,-0.39174256,-8.1081085,-0.33865255,3.1150343,-0.50241286,1.0861121,35.0,-8.6931934,11.46098,-0.3141672,-0.58348697,8.4499998,0.47732395,44.57341,10.506599,0.0,6.1399999,-8.1081085,-8.6931934
13,Germany,1932,-0.35454884,-11.029411,-0.44462883,-3.1269083,-0.65372062,1.261035,43.0,-8.6931934,12.091059,-0.30805936,-0.45488378,5.04,0.0,59.718971,15.245103,0.0,7.3000002,-11.029411,-8.6931934
13,Germany,1933,-0.29910082,-2.4793389,-0.39045992,-6.0606771,-0.65872335,2.6632423,42.0,2.0084102,11.645447,-0.30552879,-0.23614736,5.0500002,-19.239904,52.87656,12.669884,0.0,6.6599998,-2.4793389,2.0084102
13,Germany,1934,-0.31409937,2.5423729,-0.31451231,-8.4498444,-0.25628877,2.6911571,39.0,8.1831045,13.681195,-0.31549022,-0.2605285,4.5500002,-19.706533,52.097977,10.913104,0.0,6.3299999,2.5423729,8.1831045
13,Germany,1935,-0.13709766,1.6528925,-0.22151738,-10.093731,-0.36666495,5.2611966,37.0,11.806859,15.331486,-0.27976105,0.42191309,3.47,-0.79680771,82.748703,22.958464,0.0,4.6999998,1.6528925,11.806859
13,Germany,1936,0.033981998,0.81300819,-0.1359276,-10.437264,-0.080577083,6.9298906,35.0,7.6046596,18.049471,-0.17765735,0.81421334,3.3099999,-0.40161324,91.402847,25.999647,0.0,4.6399999,0.81300819,7.6046596
13,Germany,1937,-0.034253389,0.80645162,-0.053454783,-8.7418299,-0.007228672,8.6373663,34.0,8.3293943,21.111578,-0.092858374,0.3280884,3.1700001,0.40323266,87.478371,26.332909,0.0,4.5,0.80645162,8.3293943
13,Germany,1938,0.40759891,0.79999995,0.010522852,-10.775823,-0.1745749,17.528046,42.0,21.709723,31.602455,0.011266077,1.74974,3.01,0.0,102.05727,31.66457,0.0,4.54,0.79999995,21.709723
13,Germany,1939,1.7493714,0.0,0.15684229,-12.482375,1.2176381,25.884411,49.0,,,1.0920358,4.2835369,2.5,0.0,191.01532,61.443619,0.0,4.54,0.0,
13,Germany,1940,2.0574679,3.1746032,0.28199029,-14.139141,2.0726771,44.193504,72.0,,,1.7429806,3.1542327,2.22,0.45183009,200.07191,66.610374,0.0,4.4099998,3.1746032,
13,Germany,1941,2.3602464,2.3076923,0.39263043,-12.084517,2.9460809,57.03196,102.0,,,2.2197981,2.4268968,2.1800001,-0.47411746,241.92404,71.911682,0.0,4.3499999,2.3076923,
13,Germany,1942,2.1614537,3.0075188,0.4223116,-10.795781,3.7554877,71.850853,136.0,,,2.472692,0.3580924,2.1300001,0.0,306.14059,80.801743,0.0,4.3499999,3.0075188,
13,Germany,1943,3.0471299,0.729927,0.4723188,-11.252744,3.1460423,85.526726,174.0,,,3.4259262,0.82260329,2.1300001,0.0,344.39383,90.5112,0.0,4.21,0.729927,
13,Germany,1944,3.7307727,2.173913,0.37469476,,3.1415257,94.501595,,,,4.0821824,1.4233403,2.1300001,0.0,376.73724,100.77008,0.0,,2.173913,
13,Germany,1945,1.4512564,2.8368795,-0.72362918,,3.8330591,22.358713,,,,1.4227102,1.3305204,,-19.706533,240.73561,68.814804,0.0,,2.8368795,
13,Germany,1946,0.016834671,8.965517,-0.91379297,,2.026197,,,,,-0.11424066,0.41581011,,78.861542,122.23141,34.74234,0.0,4.5071998,8.965517,
13,Germany,1947,-0.15990914,6.9620252,-0.78137302,,2.2997239,,,,,-0.19007546,-0.06332501,,34.285709,99.266258,24.718309,0.0,4.4549999,6.9620252,
13,Germany,1948,0.098283447,15.384616,-0.64257115,-15.927988,0.94216764,,,,,-0.23604973,1.0993453,,-19.706533,114.34803,29.796936,0.0,5.5556002,15.384616,
13,Germany,1949,-0.15730166,7.0352035,-0.48593089,-11.634431,-0.21136913,,,23.076923,,-0.31094134,0.30106446,,7.5075092,83.723862,21.36825,0.0,5.0890999,7.0352035,23.076923
13,Germany,1950,-0.10653705,-6.220098,-0.43349183,-4.9622645,0.042592585,,21.0,12.5,10.795609,-0.2360158,0.35556999,4.3099999,17.178297,142.74683,41.095177,0.0,5.2763,-6.220098,12.5
13,Germany,1951,-0.1620449,7.6530614,-0.36906758,-2.5009398,0.27798197,,19.0,16.666666,13.558054,-0.24129397,0.1734408,6.02,0.0,154.43521,47.146332,0.0,5.3183999,7.6530614,16.666666
13,Germany,1952,-0.28065708,2.1327014,-0.30625775,-2.7279143,-0.0063790921,,18.0,9.5238094,13.085868,-0.30311361,-0.169844,5.1100001,0.0,105.07939,30.35659,0.0,4.75,2.1327014,9.5238094
13,Germany,1953,-0.24087615,-1.8561485,-0.25015187,-3.3766837,-0.23393153,3.947963,23.0,8.695652,13.972693,-0.28606352,-0.073756576,3.5799999,0.11959497,101.92927,30.506485,0.0,5.2521,-1.8561485,8.695652
13,Germany,1954,-0.21076499,0.23640662,-0.20529686,-1.0799574,-0.41241473,3.7229016,25.0,12.0,13.588437,-0.30500689,0.09776108,2.8900001,-0.017830661,91.05645,26.57412,0.0,5.0236001,0.23640662,12.0
13,Germany,1955,-0.25833046,1.6509434,-0.12059147,1.0682493,-0.26453587,3.8261387,23.0,10.714286,11.523756,-0.32741213,-0.006802029,3.3800001,0.27363729,89.117783,24.998453,0.0,4.9761,1.6509434,10.714286
13,Germany,1956,-0.26575819,2.6179378,-0.078255542,0.94196749,-0.17104445,3.3951795,21.0,11.427865,12.640306,-0.31684533,-0.081367664,4.75,-0.19035453,101.25542,33.037418,0.0,7.3000002,2.6179378,11.427865
13,Germany,1957,-0.20473415,2.0964885,-0.05264312,3.7901139,-0.35247499,3.8800597,20.0,16.080791,13.276534,-0.34303629,0.23436326,3.75,-0.036481433,99.325577,30.092529,0.0,7.5166669,2.0964885,16.080791
13,Germany,1958,-0.21849996,2.1276588,-0.041427709,1.8133243,-0.59126449,2.7772655,20.0,13.608822,13.202741,-0.34296879,0.19561552,2.3599999,-0.22098856,115.22129,30.711329,0.0,6.7833333,2.1276588,13.608822
13,Germany,1959,-0.028407333,0.89632559,0.0031659598,1.989548,-0.45606303,4.148519,19.0,16.137325,13.496496,-0.31957093,0.90027517,3.75,-0.30668753,82.10849,20.180014,0.0,5.7666669,0.89632559,16.137325
13,Germany,1960,-0.27871683,1.5366116,0.056363098,3.1043491,-0.42904726,3.7523954,17.0,10.859312,12.998658,-0.37251958,0.030572642,5.0991669,-0.20708464,86.417786,22.165094,0.0,6.4250002,1.5366116,10.859312
13,Germany,1961,0.26464254,2.2936759,0.06722939,1.4403971,-0.06234419,3.7225776,17.0,14.776873,13.817538,-0.26325956,1.9308635,3.5933332,-3.5556641,126.08382,31.392033,0.0,5.875,2.2936759,14.776873
13,Germany,1962,-0.024836551,2.8432801,0.080208912,0.66036195,-0.11426611,4.4751353,17.0,10.36913,13.465569,-0.32818598,0.892739,3.4216666,-0.60331738,124.72618,30.926054,0.0,5.9083333,2.8432801,10.36913
13,Germany,1963,-0.085252441,2.9669609,0.07759767,0.74994224,-0.23800786,4.8765831,18.0,9.8538027,13.830354,-0.34436777,0.71060628,3.9808333,-0.287166,117.54991,28.278419,0.0,6.0500002,2.9669609,9.8538027
13,Germany,1964,-0.33527881,2.3357282,0.1115533,0.83588523,-0.37615204,4.3639851,18.0,9.3956585,13.478455,-0.37796709,-0.18341239,4.0891666,-0.28898731,90.5354,24.2605,0.0,6.2333331,2.3357282,9.3956585
13,Germany,1965,-0.33892739,3.2423294,0.13213329,1.9081372,-0.37624425,4.0721164,18.0,10.561507,13.649748,-0.37630406,-0.19693768,5.1350002,0.48978704,99.786484,26.856136,0.0,7.0500002,3.2423294,10.561507
13,Germany,1966,-0.33346012,3.5330586,0.1304239,1.8759238,-0.24000724,3.8911831,19.0,8.2760077,13.436572,-0.37285236,-0.19798088,6.6266665,0.097643405,90.635468,25.37042,0.0,8.125,3.5330586,8.2760077
13,Germany,1967,-0.31360322,1.7960455,0.1041039,1.7655852,-0.46829545,4.0587826,22.0,11.954068,14.858584,-0.32708251,-0.23774637,4.2674999,-0.29076675,112.60692,33.319714,0.0,6.9583335,1.7960455,11.954068
13,Germany,1968,-0.35558537,1.4703044,0.13340375,3.4261208,-0.58973521,3.3906038,22.0,11.771942,13.65855,-0.33926687,-0.40101174,3.8083334,0.14300592,104.20105,26.285883,0.0,6.4499998,1.4703044,11.771942
13,Germany,1969,-0.43138707,1.9126639,0.17455742,4.5006995,-0.51302361,3.3828754,20.0,9.3611917,13.218458,-0.38855565,-0.52651376,5.7858334,-1.7012279,95.787491,25.350298,0.0,6.8416667,1.9126639,9.3611917
13,Germany,1970,-0.4079175,3.4502416,0.19326745,3.2056837,-0.4064436,2.9986718,18.0,9.0578175,12.506927,-0.32791504,-0.62332517,9.4066668,-7.0867176,102.82236,27.727079,0.0,8.3166666,3.4502416,9.0578175
13,Germany,1971,-0.47267687,5.2409739,0.19072761,1.7231032,-0.52630782,3.0460341,18.0,13.453074,12.617427,-0.39602709,-0.66896993,7.1483335,-4.4767914,87.422432,23.467529,0.0,7.9916668,5.2409739,13.453074
13,Germany,1972,-0.41100684,5.4849367,0.20480639,0.97096843,-0.4505558,3.1528311,18.0,14.426656,13.190187,-0.31027797,-0.65178639,5.6108332,-8.4527864,87.485275,22.680042,0.0,7.875,5.4849367,14.426656
13,Germany,1973,-0.45325065,7.0320258,0.22566712,1.2752798,0.59167504,3.1449773,18.0,10.120254,12.894535,-0.36607388,-0.66341776,12.1425,-16.219097,76.668312,23.025108,0.0,9.3083334,7.0320258,10.120254
13,Germany,1974,-0.48538423,6.9864326,0.20514065,5.820035,0.68173146,3.2460308,19.0,2.9616547,13.139993,-0.38880301,-0.73031253,9.9025002,-3.0786467,70.567474,19.415627,0.0,10.441667,6.9864326,2.9616547
13,Germany,1975,-0.42293856,5.9103289,0.17256775,4.073235,-0.22404429,3.2680035,24.0,7.1313434,14.86035,-0.38081315,-0.53068143,4.9591665,-4.8589687,79.141571,23.98871,0.0,8.6750002,5.9103289,7.1313434
13,Germany,1976,-0.42555645,4.2466345,0.20725121,5.7998791,-0.34035072,3.121038,25.0,9.3486576,14.267824,-0.35348362,-0.60778421,4.2483335,2.2081518,69.23243,19.605379,0.0,8.0333338,4.2466345,9.3486576
13,Germany,1977,-0.32690284,3.7341685,0.21497132,4.7859702,-0.16458988,3.0242159,26.0,9.2606096,13.992211,-0.29705071,-0.34354076,4.3649998,-7.7420144,68.475105,19.157909,0.0,6.5333333,3.7341685,9.2606096
13,Germany,1978,-0.31284976,2.7186906,0.22326209,3.0955076,-0.27546287,3.035315,28.0,10.440627,14.400389,-0.28069758,-0.32729384,3.7,-13.493484,81.370934,23.512794,0.0,6.1333332,2.7186906,10.440627
13,Germany,1979,-0.3791734,4.043622,0.24021594,4.3394876,0.56155241,2.950448,29.0,9.5662689,14.219049,-0.33688867,-0.45163816,6.6866665,-8.7676239,86.351082,23.860899,0.0,7.5666666,4.043622,9.5662689
13,Germany,1980,-0.26987687,5.447,0.22480676,6.1459117,0.1222275,2.9476285,30.0,6.5592475,14.108205,-0.32573611,-0.083756462,9.5366669,-0.96935463,102.05772,27.759947,0.0,8.4250002,5.447,6.5592475
13,Germany,1981,-0.13862714,6.3239999,0.2008635,7.6307821,-0.010177555,3.0277853,34.0,8.3501015,14.54183,-0.30056238,0.40666917,12.105,24.573925,101.66919,29.002594,0.0,10.133333,6.3239999,8.3501015
13,Germany,1982,-0.15003124,5.256,0.16906092,6.9781003,-0.41879204,3.0202363,37.0,7.335165,14.658399,-0.32095751,0.3804644,8.8783331,7.3987398,124.11795,35.109833,0.0,8.9083338,5.256,7.335165
13,Germany,1983,-0.18536937,3.2839999,0.16674821,5.2908587,-0.5475322,3.0129485,38.0,6.5556355,14.1571,-0.34398982,0.30434382,5.7766666,5.2521968,103.87984,27.806498,0.0,8.083333,3.2839999,6.5556355
13,Germany,1984,-0.40193668,2.3959999,0.1750851,7.0480661,-0.48299992,2.9126661,39.0,4.4383249,13.778345,-0.35833776,-0.47997281,5.9858332,11.325068,88.389366,21.494225,0.0,7.9583335,2.3959999,4.4383249
13,Germany,1985,-0.38398167,2.0840001,0.17402197,7.792717,-0.52257013,2.8540936,39.0,4.8416133,13.468374,-0.33937091,-0.45254388,5.4483333,3.3146205,92.283493,21.789179,0.0,7.0416665,2.0840001,4.8416133
13,Germany,1986,-0.30971816,-0.125,0.17280093,1.8968097,-0.55128157,2.7773995,39.0,8.384428,12.998176,-0.25183553,-0.28972554,4.6350002,-19.706533,91.707932,23.367363,0.0,6.1583333,-0.125,8.384428
13,Germany,1987,-0.35540417,0.242,0.16349499,-0.31764951,-0.46899259,2.7594535,41.0,6.8484602,13.025172,-0.3681418,-0.259664,4.0324998,-17.172401,85.342255,19.086742,0.0,6.25,0.242,6.8484602
13,Germany,1988,-0.46858421,1.274,0.16992171,-0.46966031,-0.47635177,2.6286733,41.0,6.7457466,12.661822,-0.38401833,-0.68282467,4.3308334,-2.1948376,72.833328,15.184011,0.0,6.4916668,1.274,6.7457466
13,Germany,1989,-0.38335836,2.7780001,0.17136395,1.2017676,-0.12180716,2.5206966,39.0,8.3910933,12.472224,-0.36814001,-0.38441873,7.1183333,7.0178895,81.248924,16.366785,0.0,7.0250001,2.7780001,8.3910933
13,Germany,1990,-0.28167176,2.687,0.17924197,0.81764382,0.31582928,2.5067637,41.0,13.520598,12.183857,-0.34656358,-0.025465611,8.4883337,-14.115939,100.47716,25.125492,0.0,8.7264585,2.687,13.520598
13,Germany,1991,-0.30406132,3.474,0.19538346,1.7129638,-0.14475754,1.9738225,44.0,12.833889,13.092444,-0.28050587,-0.21643922,9.2466669,2.8223028,115.19403,26.401924,0.0,8.4456253,3.474,12.833889
13,Germany,1992,-0.40405914,5.046,0.18524349,-2.3102705,-0.36791182,1.8360797,41.188301,9.2625246,12.967464,-0.38786653,-0.40641046,9.5174999,-6.1008205,75.940979,17.285648,0.0,7.8352084,5.046,9.2625246
13,Germany,1993,-0.43429315,4.4759998,0.14570878,-8.339057,-0.52817643,1.6772597,44.894299,10.214766,13.505988,-0.37252685,-0.5465923,7.2950001,6.0913458,86.624359,18.907288,0.0,6.4964585,4.4759998,10.214766
13,Germany,1994,-0.40537235,2.717,0.14362095,-8.1074009,-0.48526862,1.5366036,47.293999,9.749752,13.383727,-0.37509614,-0.39803064,5.3641667,-2.0346546,88.633369,19.376875,0.0,6.8844142,2.717,9.749752
13,Germany,1995,-0.42920399,1.733,0.13438809,-7.7343016,-0.56527472,1.4872725,54.902401,1.6577458,13.219818,-0.3562614,-0.56160778,4.5316668,-11.562097,75.088799,14.821186,0.0,6.850543,1.733,1.6577458
13,Germany,1996,-0.53256953,1.274,0.11618152,-7.5947556,-0.53862691,1.4573717,57.7939,5.6751513,13.136964,-0.40385196,-0.86424649,3.3050001,4.9151273,61.413044,12.067916,0.0,6.2153783,1.274,5.6751513
13,Germany,1997,-0.55816787,1.507,0.10724981,-4.2987628,-0.57773626,1.4027076,58.8666,5.0792565,12.568392,-0.42072514,-0.91772461,3.325,15.293947,39.673115,9.9220552,0.0,5.6401377,1.507,5.0792565
13,Germany,1998,-0.51420599,0.59600002,0.10168017,-3.7253289,-0.55736262,1.381657,59.534698,4.4266372,13.016105,-0.39478076,-0.79597878,3.5441666,1.4077361,51.792046,13.275004,0.0,4.573801,0.59600002,4.4266372
13,Germany,1999,-0.4461931,0.64700001,0.095310293,-3.5844457,-0.55987221,1.3803478,60.1394,3.8202124,13.168372,-0.33970511,-0.68739623,2.9635,4.4873004,58.142807,14.852143,0.0,4.4906096,0.64700001,3.8202124
13,Germany,2000,-0.55416489,1.413,0.099750206,2.8478787,-0.49166742,1.3442159,59.0658,-1.1144512,12.588747,-0.40378091,-0.94610757,4.3917665,15.573078,45.607391,10.372109,0.0,5.2639585,1.413,-1.1144512
13,Germany,2001,-0.4252739,1.9,0.084992558,1.9446487,-0.48813954,1.3078983,57.936501,6.2949505,12.331971,-0.29732305,-0.71995533,4.2617831,2.9115925,111.46019,22.815073,0.0,4.7965932,1.9,6.2949505
13,Germany,2002,-0.44901648,1.326,0.058023479,-0.56913298,-0.61643189,1.3134403,59.703499,1.3811384,12.792704,-0.32342654,-0.74802476,3.3185916,-5.0621185,111.12048,23.414438,0.0,4.7835798,1.326,1.3811384
13,Germany,2003,-0.27840903,1.074,0.029299531,-1.296471,-0.57971227,1.2986964,63.308899,3.3301225,12.694647,-0.2296275,-0.24647021,2.3334668,-16.512545,135.32417,30.172453,0.0,4.0711427,1.074,3.3301225
13,Germany,2004,-0.41547516,1.78,0.014961181,1.3636324,-0.60104519,1.2507281,64.987701,0.89892131,12.092799,-0.32649708,-0.6206277,2.1063249,-9.1334419,110.70305,22.43841,0.0,4.0371556,1.78,0.89892131
13,Germany,2005,-0.44871375,1.928,-0.0026216737,4.0581884,-0.61368287,1.2327558,67.346497,5.0155087,12.300912,-0.37559867,-0.61799812,2.184675,0.031681277,83.537979,17.204168,0.0,3.3540175,1.928,5.0155087
13,Germany,2006,-0.40088412,1.775,0.0096248686,8.4901848,-0.60407126,1.1789865,66.704697,4.9519262,11.8565,-0.36658207,-0.44615141,3.0792251,-0.98656887,86.026413,19.735292,0.0,3.7641253,1.775,4.9519262
13,Germany,2007,-0.46569663,2.2709999,0.012590147,9.2196255,-0.45198053,1.1527923,63.994202,10.729897,11.714028,-0.36972046,-0.68419176,4.2776084,-8.3312426,84.868973,16.878658,0.0,4.2169552,2.2709999,10.729897
13,Germany,2008,-0.48433259,2.7539999,-0.0034585611,9.0195074,-0.47301638,1.1888701,65.522202,9.4197807,11.962269,-0.38072038,-0.73581815,4.6342335,-6.4666138,71.192848,15.273173,0.0,3.9847682,2.7539999,9.4197807
13,Germany,2009,-0.51394308,0.24600001,-0.085134946,-2.4051614,-0.65501058,1.2847899,72.990097,-1.7593279,12.964474,-0.39976639,-0.79397506,1.2283584,5.1878705,69.581642,16.051483,0.0,3.2222178,0.24600001,-1.7593279
13,Germany,2010,-0.46013641,1.119,-0.070283391,3.8826163,-0.55328405,1.2418103,82.381599,-0.0050304341,12.987911,-0.36509946,-0.65821457,0.81094998,5.1338181,73.838913,17.776989,0.0,2.7442675,1.119,-0.0050304341
13,Germany,2011,-0.47458988,2.4820001,-0.042316049,6.9448366,-0.4130452,1.1823373,79.801003,5.9110575,12.060322,-0.36722854,-0.73637277,1.3906,-4.8501892,75.721146,18.151024,0.0,2.609185,2.4820001,5.9110575
13,Germany,2012,-0.48782355,2.1589999,-0.067071751,6.3345084,-0.61293185,1.2172596,81.135399,7.1391249,13.022319,-0.4016045,-0.69451743,0.57318336,8.2926064,69.216782,17.386932,0.0,1.4951302,2.1589999,7.1391249
13,Germany,2013,-0.47018987,1.607,-0.093704857,3.0736196,-0.66576105,1.1621379,78.716904,2.6068451,12.382557,-0.37849247,-0.67415917,0.22066666,-3.2886987,70.025406,16.829569,0.0,1.571408,1.607,2.6068451
13,Germany,2014,-0.31450787,0.76899999,-0.10431968,0.79317504,-0.56109965,1.1276995,75.669403,4.8738332,11.797584,-0.34269324,-0.13719991,0.20993334,0.093858041,80.853844,21.544527,0.0,1.1634723,0.76899999,4.8738332
13,Germany,2015,-0.29304364,0.68000001,-0.12464301,0.18617512,-0.54137707,1.1154184,72.207001,9.2534609,11.277782,-0.27638045,-0.23586921,-0.019366667,19.624214,94.918381,23.780403,0.0,0.49519369,0.68000001,9.2534609
13,Germany,2016,-0.35528782,0.36700001,-0.13823494,-3.209378,-0.60387135,1.1291251,69.276802,5.6716194,11.568774,-0.26497823,-0.48806688,-0.26369166,0.22109132,84.358536,22.47101,0.0,0.091499195,0.36700001,5.6716194
13,Germany,2017,-0.35115758,1.702,-0.14353049,-3.2384858,-0.5331288,1.1312609,64.6577,4.3323102,11.51269,-0.30627915,-0.41793868,-0.32905,-1.8642764,86.290787,25.935453,0.0,0.31633613,1.702,4.3323102
13,Germany,2018,-0.3904345,1.9349999,-0.16393949,-3.2101536,-0.38374534,1.1481415,61.2715,4.5355043,11.461225,-0.35248628,-0.41452578,-0.32209167,-4.4481721,67.708572,21.469971,0.0,0.39636397,1.9349999,4.5355043
13,Germany,2019,-0.41665789,1.354,-0.18501998,-4.9583659,-0.4279483,1.2401484,58.924999,4.6004844,11.429974,-0.37262109,-0.48806557,-0.35633335,5.4067965,69.926216,22.893456,0.0,0.063158333,1.354,4.6004844
13,Germany,2020,-0.39037704,0.37099999,-0.25645506,-12.775146,0.0099255051,1.3559899,68.724197,8.1769266,15.195364,-0.38504943,-0.34980568,-0.35633335,-1.8559247,66.154915,18.057758,0.0,0.063158333,0.37099999,8.1769266
13,Germany,2021,-0.38885495,3.2119999,-0.24979004,-7.3084726,0.73754156,1.2998238,68.077003,15.982269,14.774364,-0.38350666,-0.33107576,-0.35633335,-3.5179076,58.633369,16.975809,0.0,0.063158333,3.2119999,15.982269
13,Germany,2022,0.090198368,8.6660004,-0.27249831,-0.12035056,2.7179303,1.3503052,64.997002,0.83324301,13.067365,-0.11645073,1.1882731,0.34156665,12.505229,112.93623,47.894539,0.0,1.142583,8.6660004,0.83324301
13,Germany,2023,-0.191752,6.0300002,-0.30565846,-8.1257877,0.3239035,1.4879633,62.877998,-8.6931934,12.445365,-0.17391042,-0.034183703,3.4305999,-2.8074944,99.392548,37.955017,0.0,2.4345987,6.0300002,-8.6931934
14,Hong Kong,1900,-0.71929497,,,,-0.80345994,,,,,-0.47218996,-0.76051372,,,72.415619,21.776215,0.0,,,
14,Hong Kong,1901,-0.80839074,,,,-0.80345994,,,,,-0.62946296,-0.80558318,,,43.076683,12.172606,0.0,,,
14,Hong Kong,1902,-0.810781,,,,-0.80345994,,,,,-0.68798941,-0.76021528,,,43.4799,11.186941,0.0,,,
14,Hong Kong,1903,-0.84154618,,,,-0.80345994,,,,,-0.68798941,-0.80558318,,,49.491287,13.506522,0.0,,,
14,Hong Kong,1904,-0.77200931,,,,-0.80345994,,,,,-0.6266157,-0.70304054,,,76.692307,24.677402,0.0,,,
14,Hong Kong,1905,-0.80698103,,,,-0.80345994,,,,,-0.68798941,-0.75461167,,,54.05724,16.150036,0.0,,,
14,Hong Kong,1906,-0.84154618,,,,-0.80345994,,,,,-0.68798941,-0.80558318,,,40.733101,9.3159399,0.0,,,
14,Hong Kong,1907,-0.84154618,,,,-0.76144356,,,,,-0.68798941,-0.80558318,,,34.413788,7.3408155,0.0,,,
14,Hong Kong,1908,-0.84154618,,,,-0.80345994,,,,,-0.68798941,-0.80558318,,,32.829559,7.8200188,0.0,,,
14,Hong Kong,1909,-0.84154618,,,,-0.80345994,,,,,-0.68798941,-0.80558318,,,30.923229,6.9630837,0.0,,,
14,Hong Kong,1910,-0.81164938,,,,-0.80345994,,,,,-0.63521522,-0.80558318,,,30.885345,6.0902171,0.0,,,
14,Hong Kong,1911,-0.81117356,,,,-0.80345994,,,,,-0.63437527,-0.80558318,,,52.696037,13.3582,0.0,,,
14,Hong Kong,1912,-0.77794051,,,,-0.80345994,,,,,-0.57571179,-0.80558318,,,53.76284,13.123248,0.0,,,
14,Hong Kong,1913,-0.81024551,,,,-0.80345994,,,,,-0.6327371,-0.80558318,,,49.213394,11.660633,0.0,,,
14,Hong Kong,1914,-0.71953404,,,,-0.80345994,,,,,-0.58030069,-0.67063916,,,199.27412,68.076378,0.0,,,
14,Hong Kong,1915,-0.8110764,,,,-0.80345994,,,,,-0.63420367,-0.80558318,,,269.59604,89.414505,0.0,,,
14,Hong Kong,1916,-0.81052428,,,,-0.67229813,,,,,-0.63322914,-0.80558318,,,260.30356,77.069199,0.0,,,
14,Hong Kong,1917,-0.80987585,,,,-0.80345994,,,,,-0.63208449,-0.7588805,,-19.706533,296.97101,91.273727,0.0,,,
14,Hong Kong,1918,-0.80797607,,,,-0.80345994,,,,,-0.62873095,-0.80558318,,-18.399126,331.62021,104.95683,0.0,,,
14,Hong Kong,1919,-0.80713403,,,,-0.80345994,,,,,-0.62724459,-0.75483721,,,166.6438,50.376736,0.0,,,
14,Hong Kong,1920,-0.84154618,,,,-0.80345994,,,,,-0.68798941,-0.80558318,,,102.06319,26.757898,0.0,,,
14,Hong Kong,1921,-0.84154618,,,,-0.76057404,,,,,-0.68798941,-0.80558318,,,72.843681,19.307148,0.0,,,
14,Hong Kong,1922,-0.75644261,,,,-0.80345994,,,,,-0.58783877,-0.76375049,,-6.1539316,64.923538,14.987831,0.0,,,
14,Hong Kong,1923,-0.75555533,,,,-0.7289049,,,,,-0.5361973,-0.76331437,,5.3206372,58.87146,15.772941,0.0,,,
14,Hong Kong,1924,-0.84154618,,,,-0.80345994,,,,,-0.68798941,-0.80558318,,0.8199296,49.706013,11.569314,0.0,,,
14,Hong Kong,1925,-0.76555508,,,,-0.77451915,,,,,-0.64327592,-0.69352287,,-7.1672187,45.767529,11.631164,0.0,,,
14,Hong Kong,1926,-0.79408872,,,,-0.80345994,,,,,-0.64610314,-0.77059162,,5.9854207,37.680462,9.5169868,0.0,,,
14,Hong Kong,1927,-0.7331627,,,,-0.77386397,,,,,-0.6114614,-0.70968646,,8.3724432,45.88192,11.868755,0.0,,,
14,Hong Kong,1928,-0.82088423,,,,-0.7734015,,,,,-0.65151662,-0.80558318,,-1.7271972,37.190571,9.0253839,0.0,,,
14,Hong Kong,1929,-0.82097596,,,,-0.74653697,,,,,-0.65167862,-0.80558318,,6.1589317,40.538773,10.698792,0.0,,,
14,Hong Kong,1930,-0.79988182,,,,-0.80345994,,,,,-0.65121615,-0.774863,,39.328339,42.976971,10.806485,0.0,,,
14,Hong Kong,1931,-0.82141519,,,,-0.80345994,,,,,-0.65245384,-0.80558318,,39.14146,44.57341,11.339882,0.0,,,
14,Hong Kong,1932,-0.79891741,,,,-0.80345994,,,,,-0.650365,-0.77415192,,3.7079396,59.718971,16.205914,0.0,,,
14,Hong Kong,1933,-0.73797292,,,,-0.80345994,,,,,-0.57829201,-0.74448937,,-19.706533,52.87656,13.818464,0.0,,,
14,Hong Kong,1934,-0.76314616,,,,-0.80345994,,,,,-0.61879301,-0.74777681,,-19.706533,52.097977,12.011637,0.0,,,
14,Hong Kong,1935,-0.80129462,,,,-0.7430957,,,,,-0.68798941,-0.74622613,,-19.706533,82.748703,24.676338,0.0,,,
14,Hong Kong,1936,-0.70361888,,,,-0.7439537,,,,,-0.65320784,-0.60218847,,52.056519,91.402847,28.304611,0.0,,,
14,Hong Kong,1937,1.291416,,,,-0.55474919,,,,,1.6290156,1.2812533,,3.3106046,87.478371,28.229397,0.0,,,
14,Hong Kong,1938,1.6619341,,,,-0.26953956,,,,,2.413187,0.81361049,,0.77964097,102.05727,35.067215,0.0,,,
14,Hong Kong,1939,1.4573119,,,,-0.44153649,,,,,1.3220353,1.3805013,,10.93717,191.01532,69.533974,0.0,,,
14,Hong Kong,1940,1.7843103,,,,-0.42348132,,,,,1.8435409,1.4283922,,19.583241,200.07191,75.745064,0.0,,,
14,Hong Kong,1941,1.435999,,,,-0.44395316,,,,,2.2602692,0.60182434,,-6.6441698,241.92404,82.130081,0.0,,,
14,Hong Kong,1942,0.4066886,,,,-0.085153297,,,,,1.2874728,-0.48821914,,,306.14059,90.416428,0.0,,,
14,Hong Kong,1943,-0.09858498,,,,-0.43674022,,,,,0.36119846,-0.58646142,,,344.39383,103.25187,0.0,,,
14,Hong Kong,1944,0.096338324,,,,-0.65822345,,,,,0.81707048,-0.55411899,,,376.73724,115.87354,0.0,,,
14,Hong Kong,1945,3.7006419,,,,-0.04711299,,,,,6.3580699,1.6301062,,,240.73561,75.675293,3.4169109,,,
14,Hong Kong,1946,-0.6236822,,,,-0.4752982,,,,,-0.3888745,-0.69849205,,,122.23141,36.98077,0.0,,,
14,Hong Kong,1947,-0.60442895,,,,-0.39084607,,,,,-0.47870815,-0.63075054,,,99.266258,26.339914,0.0,,,
14,Hong Kong,1948,-0.72483248,4.5454545,,,-0.31005445,,,,,-0.64678448,-0.66789353,,,114.34803,32.327526,0.0,,4.5454545,
14,Hong Kong,1949,0.75096607,21.73913,,,-0.27657202,,,,,0.32713851,0.92310095,,,83.723862,22.882774,0.0,,21.73913,
14,Hong Kong,1950,2.9807582,-3.5714285,0.31676856,,0.22718498,,,,,2.2255666,3.1976614,,,142.74683,42.595303,0.0,,-3.5714285,
14,Hong Kong,1951,1.8098645,11.111111,0.14671601,,0.39061096,,,,,1.1605344,2.0529208,,0.0,154.43521,48.5536,0.0,,11.111111,
14,Hong Kong,1952,0.056408256,-1.6666666,0.12091023,,-0.06796889,,,,,0.064924046,0.055127472,,0.0,105.07939,31.501287,0.0,,-1.6666666,
14,Hong Kong,1953,0.59309226,5.9322033,0.088699766,,-0.041633245,,,,,0.41995424,0.61583012,,0.0,101.92927,31.743649,0.0,,5.9322033,
14,Hong Kong,1954,0.058118038,-8.0,0.057572618,,-0.34591007,,,,,0.2078613,0.01084223,,0.0,91.05645,27.961937,0.0,,-8.0,
14,Hong Kong,1955,0.25946194,0.0,0.029329801,,-0.031515196,,,,,-0.12113119,0.47976959,,0.0,89.117783,26.203459,0.0,,0.0,
14,Hong Kong,1956,-0.26745495,4.347826,0.0037030983,,-0.46799448,,,,,-0.33719939,-0.15436423,,0.0,101.25542,34.261726,0.0,,4.347826,
14,Hong Kong,1957,-0.23671281,-6.6666665,-0.021291848,,0.26718393,,,,,-0.49027464,-0.045800701,,0.0,99.325577,31.526604,0.0,,-6.6666665,
14,Hong Kong,1958,0.047742445,5.3571429,-0.047566205,,-0.16666038,,,,,-0.27488837,0.33325639,,0.0,115.22129,32.073112,0.0,,5.3571429,
14,Hong Kong,1959,-0.39905787,0.84745765,-0.077367775,,0.071730472,,,,,-0.15356208,-0.59952545,,0.0,82.10849,22.241724,0.0,,0.84745765,
14,Hong Kong,1960,-0.43015227,-0.84033614,-0.11268403,,-0.11516286,,,,,-0.45866373,-0.39049816,,0.0,86.417786,23.358244,0.0,,-0.84033614,
14,Hong Kong,1961,-0.23070209,1.6949153,-0.15749583,27.526163,0.91411674,,,,12.7336,-0.28863013,-0.071612403,,0.0,126.08382,34.459305,0.0,,1.6949153,
14,Hong Kong,1962,0.78387505,0.0,-0.10558293,17.526232,1.9817741,,,,12.7724,0.43643269,0.87874645,,0.0,124.72618,32.898815,0.0,,0.0,
14,Hong Kong,1963,0.25318801,3.3333333,-0.06567923,4.3645577,0.51237983,,,,12.3777,-0.043843009,0.438813,,0.0,117.54991,30.086378,0.0,,3.3333333,
14,Hong Kong,1964,0.43631482,2.4193549,-0.080507189,3.0571618,0.57095081,,,,12.0692,-0.033109628,0.68370074,,0.0,90.5354,25.182522,0.0,,2.4193549,
14,Hong Kong,1965,0.85991907,3.1496062,-0.031285726,-11.011968,0.2385204,,,,12.6296,0.54419482,0.899297,,0.0,99.786484,27.729156,0.0,,3.1496062,
14,Hong Kong,1966,1.608904,2.2900763,-0.088189669,1.4911678,0.71363944,,,,12.6007,1.0636865,1.7030047,,0.0,90.635468,26.198282,0.0,,2.2900763,
14,Hong Kong,1967,4.3916903,10.447762,-0.1356995,0.87656665,1.1915534,,,,11.9045,4.7740297,3.2061367,,0.50500864,112.60692,33.978207,3.415082,,10.447762,
14,Hong Kong,1968,0.79662478,2.8169014,-0.1614749,17.34424,0.33420295,,,,11.6548,1.0770869,0.29247668,,5.5273066,104.20105,27.106348,0.0,,2.8169014,
14,Hong Kong,1969,1.4702425,3.5964899,-0.11236857,21.329172,0.061913025,,,,10.7978,1.5008034,1.3948253,,0.0,95.787491,25.849197,0.0,,3.5964899,
14,Hong Kong,1970,1.1566391,7.112618,-0.085259981,16.69536,0.042849507,,,,10.8301,0.94567192,0.93137622,,0.0,102.82236,28.334545,0.0,,7.112618,
14,Hong Kong,1971,0.57078093,3.3992119,-0.081491195,10.231822,-0.23970103,,,,11.1058,0.42003658,0.5828774,,-1.3231314,87.422432,23.899801,0.0,,3.3992119,
14,Hong Kong,1972,0.1591763,6.1162076,-0.050545838,-5.8554506,-0.31249619,,,,13.6197,0.31569713,-0.034185566,,-5.6683917,87.485275,23.362236,0.0,,6.1162076,
14,Hong Kong,1973,-0.20412728,18.155617,-0.0044471323,-4.678441,0.93916404,,,,13.0031,-0.050387308,-0.33559775,,-8.7729187,76.668312,23.591404,0.0,,18.155617,
14,Hong Kong,1974,-0.29191375,14.390247,-0.054556098,-3.3591888,1.4642518,,,,14.0207,-0.24019633,-0.30680388,,-2.2329209,70.567474,19.8776,0.0,,14.390247,
14,Hong Kong,1975,-0.1297857,1.1727062,-0.12673886,-13.364659,0.09608122,,,,13.2567,-0.040748421,-0.20126869,,-1.916216,79.141571,24.654139,0.0,,1.1727062,
14,Hong Kong,1976,-0.30773899,3.0558498,-0.054470543,-9.2128725,0.16730139,,,,11.6511,-0.31107602,-0.30178818,,-0.61633104,69.23243,20.276945,0.0,,3.0558498,
14,Hong Kong,1977,-0.22167267,5.845324,-0.02378295,-20.180805,0.408618,,,,9.0002403,-0.031464089,-0.37900433,,-4.9492779,68.475105,20.165476,0.0,,5.845324,
14,Hong Kong,1978,0.39044765,5.9473238,-0.021842731,-13.278484,0.8146255,,,,10.486,0.41989279,0.1884941,,0.46475768,81.370934,24.516815,0.0,,5.9473238,
14,Hong Kong,1979,0.81163269,11.627907,0.011258502,-8.6338997,1.1063464,,,,9.8550596,1.0851021,0.49049604,,6.8108974,86.351082,24.597979,0.0,,11.627907,
14,Hong Kong,1980,-0.39630815,4.4439998,0.037496801,-11.878033,0.19723932,,,,9.6737099,-0.35115799,-0.33660391,,-0.53139955,102.05772,28.980963,0.0,,4.4439998,
14,Hong Kong,1981,-0.26762652,9.4790001,0.061474126,-10.688908,0.13021316,,,,17.119732,-0.20020509,-0.24136211,,12.33995,101.66919,30.669409,0.0,,9.4790001,
14,Hong Kong,1982,-0.22697702,11.016,0.02982286,-27.598522,-0.10127569,,,,16.663258,-0.3139047,-0.086812943,,8.5808754,124.11795,36.733471,0.0,,11.016,
14,Hong Kong,1983,-0.50311196,9.9230003,0.030104369,-14.048878,-0.32340172,,,,15.482887,-0.45566386,-0.41741559,,19.558687,103.87984,29.330803,0.0,,9.9230003,
14,Hong Kong,1984,-0.33530024,8.5489998,0.07164821,-4.1819568,-0.20359604,,,,13.341656,-0.40075058,-0.29900485,,7.742485,88.389366,22.250364,0.0,,8.5489998,
14,Hong Kong,1985,-0.56102717,3.556,0.022521656,-10.116763,-0.068601064,,,,14.510562,-0.51114088,-0.48055845,,-0.35382587,92.283493,22.627157,0.0,,3.556,
14,Hong Kong,1986,-0.23929201,3.575,0.070608072,-11.542308,-0.054000147,,,,12.696029,0.032179877,-0.46179664,,0.16134705,91.707932,24.436251,0.0,,3.575,
14,Hong Kong,1987,-0.53469473,5.671,0.13818635,-0.76359832,0.22511525,,,,11.767137,-0.48486757,-0.5227713,,-0.066572256,85.342255,20.021933,0.0,,5.671,
14,Hong Kong,1988,-0.60038805,7.8299999,0.16189556,11.299382,0.55620897,,,,11.681082,-0.49151456,-0.58673751,,0.10568774,72.833328,15.730897,0.0,,7.8299999,
14,Hong Kong,1989,0.073476881,10.219,0.13506712,0.89663458,1.2878064,,,,12.976083,-0.02871977,0.10315621,,-0.077381797,81.248924,17.152557,0.0,,10.219,
14,Hong Kong,1990,-0.28847936,10.318,0.11856883,-2.6668494,0.86252815,,,,13.838816,-0.49273324,-0.12593235,11.5,-0.13898434,100.47716,26.296213,0.0,,10.318,
14,Hong Kong,1991,-0.13830879,11.192,0.11861435,-1.2780629,0.59598488,,,,12.809109,-0.25183457,-0.048831411,4.6300001,-0.23982257,115.19403,27.481848,0.0,,11.192,
14,Hong Kong,1992,-0.26508933,9.5860004,0.12296376,2.404974,0.41099438,,,8.4829998,13.543501,-0.33710346,-0.1020744,3.8299999,-0.39919052,75.940979,18.028383,0.0,,9.5860004,8.4829998
14,Hong Kong,1993,-0.39732662,8.7959995,0.12162062,-8.4527149,0.23166224,,,14.455,15.313208,-0.55161685,-0.26443911,3.1700001,-0.058678851,86.624359,19.556124,0.0,,8.7959995,14.455
14,Hong Kong,1994,-0.44543183,8.816,0.11802628,-9.7961359,0.46816188,,,11.738,15.37332,-0.51318282,-0.36748514,4.2800002,-0.086562827,88.633369,20.130495,0.0,,8.816,11.738
14,Hong Kong,1995,-0.65340072,9.0340004,0.075779945,4.7627244,0.30482358,,,10.648,16.06366,-0.65477771,-0.52813417,5.7291665,0.087001823,75.088799,15.509681,0.0,,9.0340004,10.648
14,Hong Kong,1996,-0.12576032,6.3239999,0.052941311,-12.301171,-0.077626899,,,12.49,14.370461,-0.44894612,0.10731187,5.0450001,-0.015323962,61.413044,12.351418,0.0,,6.3239999,12.49
14,Hong Kong,1997,0.07951232,5.8179998,0.055179484,-28.843796,0.71464324,,,8.7180004,14.135414,-0.42785108,0.33533883,6.4258332,0.11120515,39.673115,10.098868,0.0,,5.8179998,8.7180004
14,Hong Kong,1998,-0.17763284,2.8269999,-0.054497506,-46.388161,0.28585783,,,11.128,18.548016,-0.28705963,-0.058420375,7.2849998,0.046586785,51.792046,13.626868,0.0,,2.8269999,11.128
14,Hong Kong,1999,-0.40767741,-3.967,-0.07628154,-52.595245,-0.2063463,,,8.3030005,17.076973,-0.50418037,-0.31933111,5.3508334,0.16251926,58.142807,15.460447,0.0,,-3.967,8.3030005
14,Hong Kong,2000,-0.51761043,-3.723,-0.050923128,-30.668068,0.086317621,,,9.3280001,17.456617,-0.47015485,-0.44162703,5.9258332,0.43159378,45.607391,10.614028,0.0,,-3.723,9.3280001
14,Hong Kong,2001,-0.07649377,-1.61,-0.084624864,-43.036636,0.085123189,,3.5575283,-0.27700001,18.24304,0.30236298,-0.30416727,3.2925,0.086423859,111.46019,23.467808,0.0,,-1.61,-0.27700001
14,Hong Kong,2002,-0.19508474,-3.046,-0.10341977,-33.561928,-0.19509833,,3.4686358,0.55000001,18.506586,0.062762067,-0.2787565,1.6166667,-0.0012043896,111.12048,23.994696,0.0,,-3.046,0.55000001
14,Hong Kong,2003,0.67460001,-2.5869999,-0.11396878,-2.8839715,-0.15720248,,3.740046,6.277,19.560654,0.57822698,0.63686049,0.75,-0.15761188,135.32417,31.271996,0.0,,-2.5869999,6.277
14,Hong Kong,2004,-0.24407282,-0.36700001,-0.069784574,25.612284,0.55930001,,1.925,8.2250004,18.208664,-0.1313592,-0.31610259,0.25749999,0.021021556,110.70305,23.13961,0.0,,-0.36700001,8.2250004
14,Hong Kong,2005,-0.23914702,0.91399997,-0.037805539,35.461777,0.80432409,,1.709,5.1329999,16.199966,-0.30399728,-0.18868808,2.6875,-0.14408953,83.537979,17.789255,0.0,,0.91399997,5.1329999
14,Hong Kong,2006,-0.1832445,2.0,-0.0011244705,45.874565,-0.041317541,,1.4170001,14.386,14.839776,-0.16812818,-0.16692156,3.6383333,-0.11479544,86.026413,20.482065,0.0,,2.0,14.386
14,Hong Kong,2007,-0.2357171,2.0350001,0.028858414,42.598572,0.40597257,,1.1900001,15.241,13.931414,-0.11986144,-0.33097145,3.1324999,0.42394966,84.868973,17.404341,0.0,,2.0350001,15.241
14,Hong Kong,2008,-0.27868852,4.303,0.020660415,50.781902,0.76873487,,0.991,2.881,18.629826,-0.17280829,-0.37520301,0.70583332,-0.18971831,71.192848,15.737675,0.0,,4.303,2.881
14,Hong Kong,2009,-0.00077754696,0.579,-0.028868929,16.089464,-0.49375334,,0.662,6.1459999,17.079424,0.075280488,0.0091694528,0.06583333,-0.45449927,69.581642,16.389105,0.0,,0.579,6.1459999
14,Hong Kong,2010,-0.098882787,2.293,0.0075887665,65.92028,0.44238791,,0.61799997,6.9089999,16.592989,-0.19072907,0.025235292,0.23333333,0.23189206,73.838913,18.310299,0.0,,2.293,6.9089999
14,Hong Kong,2011,-0.33656904,5.3049998,0.026999002,76.353394,0.54924899,,0.57300001,11.864,18.625118,-0.50032789,-0.21768944,0.13500001,0.19986455,75.721146,18.654396,0.0,,5.3049998,11.864
14,Hong Kong,2012,-0.20720918,4.0539999,0.012725407,78.307747,0.058412828,,0.54299998,9.3400002,18.293943,-0.17477526,-0.22094183,0.12083333,-0.35670492,69.216782,17.833157,0.0,,4.0539999,9.3400002
14,Hong Kong,2013,-0.025168072,4.3379998,0.019950438,83.490372,-0.0093715638,,0.51700002,10.484,20.035276,-0.083664931,-0.0288906,0.1175,-0.0072474172,70.025406,17.321569,0.0,,4.3379998,10.484
14,Hong Kong,2014,-0.13354281,4.4239998,0.021671284,59.869289,0.17279713,,0.064999998,8.5139999,17.252878,-0.063100971,-0.28355396,0.081666663,-0.020833993,80.853844,22.587683,0.0,,4.4239998,8.5139999
14,Hong Kong,2015,-0.065947503,2.9909999,0.01904523,16.213444,-0.22252516,,0.061999999,6.7670002,18.034697,-0.056098476,-0.057754479,0.0083333338,-0.032533381,94.918381,24.892473,0.0,,2.9909999,6.7670002
14,Hong Kong,2016,0.0018744339,2.4089999,0.017456718,-8.6601439,-0.36579177,,0.059,6.5339999,18.251265,-0.00084306928,-0.08803416,0.24583334,0.12864432,84.358536,23.360622,0.0,,2.4089999,6.5339999
14,Hong Kong,2017,0.53547573,1.494,0.030907597,-10.89445,-0.29185236,,0.055,12.798,17.360729,-0.025061062,0.99429166,0.49333334,0.39243388,86.290787,26.793711,0.0,,1.494,12.798
14,Hong Kong,2018,0.055086084,2.4059999,0.035649467,-18.209475,-0.27000526,,0.052000001,3.905,18.392523,-0.3948881,0.36972377,1.3166667,0.5755989,67.708572,22.232689,0.0,,2.4059999,3.905
14,Hong Kong,2019,2.5960531,2.8829999,-0.0031425152,-48.879265,0.1480103,,0.26699999,4.8119998,20.950197,0.46494871,3.6046746,1.745,-0.030212559,69.926216,23.347141,2.5989833,,2.8829999,4.8119998
14,Hong Kong,2020,3.5135076,0.25099999,-0.080979884,-59.572769,2.8719466,,0.99699998,6.0359998,29.906715,1.3540289,4.6131377,0.40583333,-1.0124509,66.154915,18.52429,0.0,,0.25099999,6.0359998
14,Hong Kong,2021,1.0399987,1.569,-0.022259733,-15.531014,5.5916686,,1.938,3.197,23.706182,-0.19594081,1.7635128,0.037500001,0.22016481,58.633369,17.65962,0.0,,1.569,3.197
14,Hong Kong,2022,2.0653312,1.881,-0.062864333,-40.95697,5.9027486,,4.276,3.27,28.293314,0.75126588,3.0105646,1.5825,0.73880982,112.93623,50.157871,0.0,,1.881,3.27
14,Hong Kong,2023,0.95729989,2.0969999,-0.068116762,-80.807701,1.6228479,,6.3280001,3.872,23.722393,-0.11065368,1.4853603,3.8599999,-0.022183942,99.392548,39.331951,0.0,,2.0969999,3.872
15,Hungary,1900,-0.45115066,,,,-0.40777549,,69.399132,,,-0.33703101,-0.63044822,5.5419998,,72.415619,21.72645,0.0,,,
15,Hungary,1901,-0.50084752,,,,-0.53225368,,69.69474,,,-0.34803718,-0.69458997,5.0830002,,43.076683,12.132827,0.0,,,
15,Hungary,1902,-0.47976962,,,,-0.48166484,,69.028175,,,-0.33638275,-0.66779339,4.5419998,,43.4799,11.139483,0.0,,,
15,Hungary,1903,-0.26961523,,,,-0.48614621,,68.476425,,,-0.24162319,-0.20308113,4.5,,49.491287,13.381913,0.0,,,
15,Hungary,1904,-0.52021033,,,,-0.59145373,,68.892464,,,-0.34380943,-0.77431369,4.5,,76.692307,24.647606,0.0,,,
15,Hungary,1905,-0.4038378,,,,-0.6522969,,67.103096,,,-0.32420924,-0.44721419,4.75,,54.05724,16.075981,0.0,,,
15,Hungary,1906,-0.50519925,,,,0.24470331,,66.229515,,,-0.36514291,-0.68911952,5.3330002,,40.733101,9.2748613,0.0,,,
15,Hungary,1907,-0.55662316,,,,0.23220615,,65.892181,,,-0.38318503,-0.80604488,5.9580002,,34.413788,7.3179703,0.0,,,
15,Hungary,1908,-0.2474926,,,,-0.68198621,,65.648872,,,-0.30890891,-0.13951144,5.2080002,,32.829559,7.6875658,0.0,,,
15,Hungary,1909,-0.37928054,,,,-0.42745715,,65.199051,,,-0.34096694,-0.37285212,5.0,,30.923229,6.8773584,0.0,,,
15,Hungary,1910,-0.59214878,,,,-0.66060418,,66.595566,,,-0.41752687,-0.82440889,5.1669998,,30.885345,6.0825305,0.0,,,
15,Hungary,1911,-0.51827782,,,,-0.69860351,,66.060081,,,-0.36417678,-0.70865721,5.4169998,,52.696037,13.324362,0.0,,,
15,Hungary,1912,0.0015762688,,,,-0.62230784,,65.323463,,,-0.20339021,0.56458563,6.2080002,,53.76284,12.907934,0.0,,,
15,Hungary,1913,-0.34869868,,,,-0.66669989,,65.761192,,,-0.29820421,-0.34795976,6.9169998,,49.213394,11.566747,0.0,,,
15,Hungary,1914,2.4754457,,,,0.25286201,,,,,2.4077706,2.626426,,,199.27412,66.988914,1.7054942,,,
15,Hungary,1915,4.04073,,,,0.7905767,,,,,4.1350646,2.9884362,,,269.59604,87.764191,0.0,,,
15,Hungary,1916,3.2254357,,,,0.60095888,,,,,3.7209685,0.90198827,,,260.30356,75.708015,0.0,,,
15,Hungary,1917,3.3134913,,,,2.0543301,,,,,3.5219107,1.8594028,,,296.97101,89.881378,0.0,,,
15,Hungary,1918,3.8740685,,,,3.3092065,,,,,3.7103844,3.4014513,,,331.62021,103.36588,0.0,,,
15,Hungary,1919,2.5478997,,,,2.0064197,,,,,1.7097549,4.0954919,,,166.6438,49.256073,0.0,,,
15,Hungary,1920,0.17228237,,,,0.27891171,,,,,0.12267467,0.30443719,,,102.06319,26.476606,0.0,,,
15,Hungary,1921,0.25816607,,,,-0.37421525,0.84494454,,,,0.063598476,0.62509334,,0.0,72.843681,18.995405,0.0,,,
15,Hungary,1922,-0.31250867,,,,-0.5266695,2.2075152,,,,-0.19535311,-0.48576671,,0.0,64.923538,14.885724,0.0,,,
15,Hungary,1923,-0.27465183,,,,-0.23436269,2.9570546,,,,-0.23459414,-0.33694762,,0.0,58.87146,15.657487,0.0,,,
15,Hungary,1924,-0.39824334,116.00797,-0.048983235,,-0.40252841,3.706594,,,,-0.29324833,-0.55476654,,0.0,49.706013,11.490313,0.0,,,
15,Hungary,1925,-0.43738186,-6.060606,0.11243474,9.3212547,-0.53283364,2.1633012,,,,-0.33903942,-0.51006693,7.0,0.0,45.767529,11.572552,0.0,,-6.060606,
15,Hungary,1926,-0.37443694,-6.4516129,0.045290548,5.6923122,-0.63491589,1.9165998,,,,-0.35892436,-0.36740187,6.0,-0.57579714,37.680462,9.4336109,0.0,,-6.4516129,
15,Hungary,1927,-0.38528541,9.1954021,0.065076798,4.8543568,-0.81384432,1.7149606,26.1362,,,-0.32130742,-0.46497849,6.0,0.74007362,45.88192,11.794448,0.0,,9.1954021,
15,Hungary,1928,-0.37135196,5.2631578,0.12685683,4.5063353,-0.61552763,1.9019444,24.8591,,,-0.33866167,-0.32690299,7.0,-0.04998425,37.190571,8.9386187,0.0,,5.2631578,
15,Hungary,1929,-0.40726402,0.0,0.13726573,9.5495567,-0.37674713,1.7600409,22.506599,,,-0.34508005,-0.45925885,7.5,0.039997388,40.538773,10.624752,0.0,,0.0,
15,Hungary,1930,-0.32901382,-9.0,0.092819192,6.2544494,-0.66250372,1.7228566,24.619301,,,-0.35000262,-0.20402353,5.5,0.0,42.976971,10.706508,0.0,,-9.0,
15,Hungary,1931,-0.40209711,-5.4945054,0.019501779,-3.1784344,-0.74558818,1.6855894,24.0574,,,-0.3411358,-0.44242099,8.0,0.0,44.57341,11.263971,0.0,,-5.4945054,
15,Hungary,1932,-0.43559155,-3.4883721,-0.029709911,-10.218699,-0.7344209,1.8839563,36.814301,,,-0.31079188,-0.52548987,4.5,0.22923,59.718971,16.143808,0.0,,-3.4883721,
15,Hungary,1933,-0.25555992,-7.2289157,0.034712922,-5.7432461,-0.88402843,1.4755036,37.324902,,,-0.29618675,-0.15537998,4.5,-19.706533,52.87656,13.697747,0.0,,-7.2289157,
15,Hungary,1934,-0.13310662,1.2987013,0.01767021,-4.4735703,-0.66844553,1.869254,36.323898,,,-0.2123225,0.12859088,4.5,-19.706533,52.097977,11.845345,0.0,,1.2987013,
15,Hungary,1935,-0.10055947,0.0,0.043801699,-2.5334091,-0.61421406,2.134527,36.984901,,,-0.23565704,0.26962221,4.0,-0.46083146,82.748703,24.495235,0.0,,0.0,
15,Hungary,1936,-0.1019455,5.1282053,0.085764833,-1.6097652,-0.4486413,3.2423916,35.4347,,,-0.24557297,0.28324753,4.0,-0.7432794,91.402847,28.132372,0.0,,5.1282053,
15,Hungary,1937,-0.36824054,6.0975609,0.040697258,0.16156024,-0.52840012,4.0783081,30.2234,,,-0.26769778,-0.47341192,,0.0,87.478371,28.322552,0.0,,6.0975609,
15,Hungary,1938,0.82798791,1.1494253,0.067880459,-3.3599796,-0.11696558,2.7797198,27.797701,,,0.10228703,2.1767006,,0.0,102.05727,34.767979,0.0,,1.1494253,
15,Hungary,1939,1.6014935,-2.2727273,0.11842362,-1.4143786,1.484151,3.8921442,32.758301,,,0.9541198,2.9389868,,,191.01532,68.94294,0.0,,-2.2727273,
15,Hungary,1940,1.4294274,8.139535,0.024449283,-7.3632779,1.6518493,5.6684856,44.8983,,,0.83569539,2.6476877,,,200.07191,75.243065,0.0,,8.139535,
15,Hungary,1941,1.2243832,19.354839,0.0079814289,-0.58814162,0.80057663,7.4448276,50.326,,,1.2264556,0.93328977,,,241.92404,81.670929,0.0,,19.354839,
15,Hungary,1942,0.73139417,16.216217,0.034843944,,1.1328888,,53.125999,,,0.99409461,-0.16865306,,,306.14059,90.043869,0.0,,16.216217,
15,Hungary,1943,0.94723141,20.155039,,,0.99576205,,56.579601,,,1.1878675,0.076727524,,,344.39383,102.75948,0.0,,20.155039,
15,Hungary,1944,5.0117941,23.225807,,,1.1612084,,,,,6.0294299,0.61039621,,,376.73724,113.95668,2.1980727,,23.225807,
15,Hungary,1945,1.5613437,120.61411,,,2.1930325,,,,,1.7858148,0.89465749,,,240.73561,75.290749,0.0,,,
15,Hungary,1946,0.27413231,136.71515,-0.49921951,,3.5553091,,,,,-0.047196425,0.77446884,,,122.23141,36.682037,0.0,,,
15,Hungary,1947,0.1125342,12.3,-0.48603705,,2.6716802,,,,,-0.0067920191,0.29148969,,,99.266258,26.100128,0.0,,12.3,
15,Hungary,1948,-0.27125111,4.719974,-0.28832537,,0.39841712,,,,,-0.3125737,-0.18370399,,,114.34803,32.213497,0.0,,4.719974,
15,Hungary,1949,-0.23614112,29.25374,-0.23842156,17.891689,0.2129911,18.978384,,,,-0.30610979,-0.079536498,,,83.723862,22.882774,0.0,,29.25374,
15,Hungary,1950,-0.23786312,5.3571429,-0.20400456,4.9656382,0.52455449,11.720684,,,,-0.29579329,-0.12115698,,0.0,142.74683,42.787003,0.0,,5.3571429,
15,Hungary,1951,-0.039442319,22.033897,-0.13870834,1.6559333,1.073426,8.7527447,,,,-0.21431872,0.40488988,,0.0,154.43521,48.574604,0.0,,22.033897,
15,Hungary,1952,-0.41486835,38.888889,-0.13216425,1.2192621,0.0093786335,7.9966383,,,,-0.34994879,-0.46501395,,0.0,105.07939,31.505135,0.0,,38.888889,
15,Hungary,1953,-0.41516811,0.0,-0.14177333,1.3311412,0.33817238,7.5963583,,,,-0.36965737,-0.43726283,,0.0,101.92927,31.793596,0.0,,0.0,
15,Hungary,1954,-0.38130072,-6.0,-0.13741234,1.2131376,-0.33096746,7.6435728,,,,-0.36104003,-0.35202014,,0.0,91.05645,27.954029,0.0,,-6.0,
15,Hungary,1955,-0.34385011,-1.0638298,-0.081481464,2.203409,-0.41880253,7.4881859,,,,-0.36813876,-0.22446562,,0.0,89.117783,26.199528,0.0,,-1.0638298,
15,Hungary,1956,1.721831,12.903226,-0.15513878,-0.95926768,3.7237484,9.7868795,,,,0.70969522,3.1839156,,0.0,101.25542,33.480213,1.8256967,,12.903226,
15,Hungary,1957,1.4093484,-9.5238094,-0.087321676,-8.8981752,2.0275109,3.5176344,,,,0.28921965,3.256856,,0.0,99.325577,30.858521,0.0,,-9.5238094,
15,Hungary,1958,0.27265343,0.0,-0.045564026,0.71933085,-0.64573687,4.6781144,,,,-0.15550442,1.0158048,,0.0,115.22129,31.832443,0.0,,0.0,
15,Hungary,1959,-0.035643063,-1.0526316,-0.030564392,-0.81229985,-0.56297159,4.1266723,,,,-0.23146656,0.34449363,,0.0,82.10849,22.072079,0.0,,-1.0526316,
15,Hungary,1960,-0.17621514,0.0,-0.0035041803,-0.71228862,-0.29216164,4.6206565,,,,-0.34035286,0.13656387,,0.0,86.417786,23.235773,0.0,,0.0,
15,Hungary,1961,-0.12344591,0.0,0.022022221,3.0380774,0.028131647,5.1641903,,,,-0.27680948,0.22426455,,0.0,126.08382,34.335217,0.0,,0.0,
15,Hungary,1962,-0.22287795,1.0638298,0.039948728,2.7519889,-0.081544958,6.8705812,,,,-0.34538317,0.053839497,,0.0,124.72618,32.896935,0.0,,1.0638298,
15,Hungary,1963,-0.16351822,-1.0526316,0.071087137,3.7696919,0.42850718,8.0520372,,,,-0.32866666,0.17541324,,0.0,117.54991,30.017967,0.0,,-1.0526316,
15,Hungary,1964,-0.38193536,1.0638298,0.10263342,5.3132095,-0.3733736,7.6267395,,,,-0.38091823,-0.28916231,,0.0,90.5354,25.207251,0.0,,1.0638298,
15,Hungary,1965,-0.37852338,4.2105265,0.087688245,9.1147041,-0.43404633,6.2487488,,,,-0.33329517,-0.39355114,,0.0,99.786484,27.788979,0.0,,4.2105265,
15,Hungary,1966,-0.35673133,0.0,0.11985262,5.3190732,-0.27864674,5.780004,,,,-0.35236955,-0.286347,,0.0,90.635468,26.314566,0.0,,0.0,
15,Hungary,1967,-0.35000756,1.0309278,0.15158825,4.7354674,-0.49027488,5.8880553,,,,-0.29583737,-0.35043117,,0.0,112.60692,34.330589,0.0,,1.0309278,
15,Hungary,1968,0.083425425,0.0,0.13938828,-28.388042,-0.51897931,9.7630119,,,,-0.11894695,0.40146279,,0.0,104.20105,26.996952,0.0,,0.0,
15,Hungary,1969,-0.3010349,1.0204082,0.14448027,-28.984388,-0.37408844,18.281115,,,,-0.33089018,-0.19820751,,78.861542,95.787491,25.933849,0.0,,1.0204082,
15,Hungary,1970,-0.51429278,1.010101,0.11710555,-29.71516,-0.5643757,4.0300751,,,28.222361,-0.39206117,-0.66283232,,0.0,102.82236,28.467934,0.0,,1.010101,
15,Hungary,1971,-0.45850024,2.0,0.13712861,-31.330095,-0.47421184,3.7416852,,,28.619122,-0.40882543,-0.49389255,,-0.21187465,87.422432,23.963202,0.0,,2.0,
15,Hungary,1972,-0.52210397,2.9411764,0.1346921,-30.744936,-0.18275833,3.2736573,,,27.897253,-0.40182218,-0.67536551,,-7.704452,87.485275,23.412914,0.0,,2.9411764,
15,Hungary,1973,-0.21021347,3.3879781,0.16124056,-30.835131,0.046985127,3.0069931,,,26.775642,-0.1998004,-0.16405694,,-10.25105,76.668312,23.500359,0.0,,3.3879781,
15,Hungary,1974,-0.5750677,1.7970402,0.1611893,-31.041092,-0.020872785,3.2078414,,,27.867647,-0.41647097,-0.78204495,,-5.7168155,70.567474,19.9084,0.0,,1.7970402,
15,Hungary,1975,-0.45423293,3.84216,0.15527217,-31.948799,-0.32661459,3.3354051,,,27.29418,-0.33443752,-0.60324728,,-11.619506,79.141571,24.655987,0.0,,3.84216,
15,Hungary,1976,-0.4817096,5.2283983,0.13136487,27.854059,-0.26565084,3.0062394,,,26.0819,-0.35410047,-0.63282704,,78.861542,69.23243,20.273287,0.0,,5.2283983,
15,Hungary,1977,-0.51118213,3.9088957,0.16593061,31.020115,-0.33100596,2.9553266,,,24.731028,-0.38078251,-0.69246161,,-1.4835776,68.475105,20.179642,0.0,,3.9088957,
15,Hungary,1978,-0.52554059,4.6871428,0.16458973,23.077494,-0.39186278,3.2396379,,,23.788086,-0.3672432,-0.74468648,,-7.4310474,81.370934,24.588531,0.0,,4.6871428,
15,Hungary,1979,-0.44402614,8.9764128,0.14232804,27.778303,0.061969817,3.2390444,,,22.826567,-0.30086339,-0.61095715,,-6.1570368,86.351082,24.676888,0.0,,8.9764128,
15,Hungary,1980,-0.27258703,9.2860003,0.1290158,20.791578,0.50653422,3.3425798,,,21.686346,-0.36084482,-0.098566972,,-8.5668249,102.05772,28.895565,0.0,,9.2860003,
15,Hungary,1981,-0.30765536,4.5110002,0.11380473,24.329401,1.1571953,3.3337607,,,22.149366,-0.36065444,-0.17719303,,5.4957938,101.66919,30.607473,0.0,,4.5110002,
15,Hungary,1982,-0.32396901,7.0159998,0.12730896,15.46664,0.035959285,3.2433069,,,22.09696,-0.34853536,-0.20604478,,6.8275895,124.11795,36.680801,0.0,,7.0159998,
15,Hungary,1983,-0.39837551,6.4029999,0.095963515,19.763741,-0.33619422,3.3359365,,2.283,21.89311,-0.39113489,-0.35133085,,16.466831,103.87984,29.280851,0.0,,6.4029999,2.283
15,Hungary,1984,-0.45499283,8.651,0.10124815,19.284342,-0.38591874,3.147675,,5.1020002,21.541025,-0.39281633,-0.51945752,,12.495191,88.389366,22.234869,0.0,,8.651,5.1020002
15,Hungary,1985,-0.4273338,7.007,0.055343769,21.978249,-0.40648055,4.9724293,,10.916,22.000126,-0.32406721,-0.54566741,,4.3820491,92.283493,22.582512,0.0,,7.007,10.916
15,Hungary,1986,-0.49427027,5.2919998,0.053763729,11.858379,-0.3678689,3.2237325,,8.7700005,23.123337,-0.3727034,-0.64122653,,-8.6172237,91.707932,24.442911,0.0,,5.2919998,8.7700005
15,Hungary,1987,-0.49126205,8.6820002,0.047639839,12.661197,-0.29351759,3.1555772,,9.6440001,23.184401,-0.39025813,-0.60770768,,2.5266688,85.342255,20.002209,0.0,,8.6820002,9.6440001
15,Hungary,1988,-0.4686071,15.788,0.055738512,3.7281942,-0.012668368,3.5962234,,2.1930001,24.554413,-0.36470762,-0.59259212,18.0,7.3818364,72.833328,15.697512,0.0,,15.788,2.1930001
15,Hungary,1989,-0.092972212,16.950001,0.01396186,0.19719645,2.4200685,2.7861621,70.687881,16.533001,24.887644,-0.20652547,0.14077602,20.545834,17.072525,81.248924,17.043734,0.0,,16.950001,16.533001
15,Hungary,1990,-0.055154331,28.969999,-0.076001398,-17.908535,1.7870291,2.5635381,63.652035,29.191,24.871311,-0.20407222,0.24446274,30.125,6.9939499,100.47716,26.142962,0.0,,28.969999,29.191
15,Hungary,1991,-0.10653946,34.234001,-0.20618974,-26.419573,0.81117582,2.1614697,70.995003,29.386999,28.222212,-0.16371174,0.23069124,34.483334,18.353804,115.19403,27.359684,0.0,,34.234001,29.386999
15,Hungary,1992,-0.17903984,22.950001,-0.24110943,-31.89603,0.18395716,2.1796532,75.228996,41.291,29.603878,-0.2554796,0.029591436,22.65,5.5968504,75.940979,17.921062,0.0,,22.950001,41.291
15,Hungary,1993,-0.31295258,22.451,-0.24985678,-36.390167,-0.27942321,1.9065683,85.833,17.687,32.294697,-0.32806885,-0.15435991,17.216667,16.610552,86.624359,19.484949,0.0,,22.451,17.687
15,Hungary,1994,-0.32425514,18.865999,-0.22386065,-36.160999,-0.52355713,1.8241343,83.046997,14.184,30.503214,-0.33688354,-0.22393842,26.933332,14.210525,88.633369,20.059206,0.0,,18.865999,14.184
15,Hungary,1995,-0.30727583,28.302999,-0.21169953,-17.002508,-0.55935031,1.3139595,85.833,20.889999,30.244108,-0.30891433,-0.17266041,32.041668,19.528996,75.088799,15.41455,0.0,,28.302999,20.889999
15,Hungary,1996,-0.41999182,23.455,-0.21422267,-14.916709,-0.70668346,1.2496818,74.730003,22.242001,30.261257,-0.38423419,-0.42212719,23.958334,21.421722,61.413044,12.341471,0.0,,23.455,22.242001
15,Hungary,1997,-0.35390806,18.295,-0.18401983,-6.0595951,-0.71716595,1.4683392,67.172997,19.722,29.651615,-0.37056258,-0.25691658,20.133333,22.476105,39.673115,10.083081,0.0,,18.295,19.722
15,Hungary,1998,-0.50703597,14.227,-0.14494121,3.7138283,-0.71226841,1.2677517,64.060997,15.599,27.820885,-0.41458774,-0.59723681,17.833334,14.744334,51.792046,13.643338,0.0,,14.227,15.599
15,Hungary,1999,-0.26870146,9.9729996,-0.11525825,7.3585711,-0.467289,1.4299027,66.667999,15.673,27.242439,-0.19233587,-0.29195648,14.675,10.716376,58.142807,15.372697,0.0,9.9099998,9.9729996,15.673
15,Hungary,2000,-0.52784401,9.7880001,-0.076368108,27.795616,-0.74345398,1.5142099,61.137001,12.607,27.024401,-0.39001659,-0.69649184,11.033334,18.957949,45.607391,10.608741,0.0,8.5500002,9.7880001,12.607
15,Hungary,2001,-0.37861028,9.151,-0.042052798,18.433996,-0.6236459,1.5707471,59.310001,16.351,27.053398,-0.33591488,-0.4110007,10.791667,1.4356852,111.46019,23.447409,0.0,7.9450002,9.151,16.351
15,Hungary,2002,-0.50592124,5.2610002,-0.00032369205,2.7466671,-0.83119273,1.5956688,58.991001,13.821,27.468569,-0.36557785,-0.64719975,8.9083338,-10.03966,111.12048,24.009275,0.0,7.0858335,5.2610002,13.821
15,Hungary,2003,-0.47919986,4.665,0.034832627,-1.8363332,-0.79259586,1.6452112,59.830002,10.952,26.701563,-0.34473136,-0.63556349,8.2158451,-12.957596,135.32417,31.351633,0.0,6.7733335,4.665,10.952
15,Hungary,2004,-0.54884815,6.75,0.08051268,1.8429693,-0.87171268,1.4734493,63.071999,11.537,24.959217,-0.37210605,-0.7992695,11.324924,-9.7337132,110.70305,23.165213,0.0,8.291667,6.75,11.537
15,Hungary,2005,-0.56038624,3.562,0.11979256,3.0335982,-0.76248276,1.4112438,65.292,14.7,24.708134,-0.38620785,-0.78817737,6.9529572,-1.382355,83.537979,17.81937,0.0,6.5983334,3.562,14.7
15,Hungary,2006,-0.55824566,3.904,0.13407181,21.013523,-0.64567614,1.2197419,68.450996,13.803,25.159418,-0.38953361,-0.75272655,6.8681235,5.414206,86.026413,20.516212,0.0,7.1158333,3.904,13.803
15,Hungary,2007,-0.59359759,7.9520001,0.11293152,24.086775,-0.67597812,1.2677876,69.171997,11.012,25.296041,-0.40737239,-0.83826542,7.6743016,-12.782097,84.868973,17.446526,0.0,6.7441669,7.9520001,11.012
15,Hungary,2008,-0.56562805,6.0560002,0.098415397,23.594341,-0.5066362,1.1804934,72.696999,8.71,26.73094,-0.40458468,-0.76998383,8.9039812,-6.2099519,71.192848,15.766259,0.0,8.2383337,6.0560002,8.71
15,Hungary,2009,-0.5629918,4.198,0.0038873642,7.0542135,-0.65362698,1.1282388,81.272003,3.648,27.938839,-0.40695679,-0.75593871,8.4841671,17.235165,69.581642,16.440573,0.0,9.123333,4.198,3.648
15,Hungary,2010,-0.53439671,4.8720002,-0.0096713984,16.145407,-0.81841654,1.0241337,81.452003,4.2670002,28.593668,-0.39764971,-0.68419164,6.1794167,3.1825633,73.838913,18.34322,0.0,7.2816668,4.8720002,4.2670002
15,Hungary,2011,-0.60178155,3.9289999,-0.014438301,21.569902,-0.78540248,1.0387698,90.709,6.6669998,28.804293,-0.42720038,-0.81180948,6.5760074,-3.4528043,75.721146,18.69084,0.0,7.6354089,3.9289999,6.6669998
15,Hungary,2012,-0.59549981,5.6609998,-0.04949015,17.452715,-0.75871599,1.0292473,94.400002,-4.6370001,27.915567,-0.41954574,-0.81208819,6.8987498,11.966583,69.216782,17.878458,0.0,7.8908334,5.6609998,-4.6370001
15,Hungary,2013,-0.57013196,1.7130001,-0.051434781,12.164848,-0.90523851,0.94366992,94.760002,7.809,28.193478,-0.40426251,-0.77898943,4.1800165,-0.72933078,70.025406,17.373476,0.0,5.9233332,1.7130001,7.809
15,Hungary,2014,-0.42360094,-0.229,-0.03199476,12.410295,-0.7506929,0.85723311,98.605003,2.4949999,28.886721,-0.36356598,-0.38040763,2.4935584,4.0939431,80.853844,22.578348,0.0,4.8091664,-0.229,2.4949999
15,Hungary,2015,-0.14518529,-0.066,-0.019620096,7.6580501,-0.69745231,0.90421671,96.344002,5.6820002,28.817415,-0.19168581,0.023726691,1.4912916,20.090261,94.918381,24.790215,0.0,3.4324999,-0.066,5.6820002
15,Hungary,2016,-0.30742899,0.39700001,-0.018948512,0.60511965,-0.77221709,0.99911648,96.497002,7.2379999,28.901016,-0.24599342,-0.32925385,0.95231664,0.70570922,84.358536,23.321701,0.0,3.1433334,0.39700001,7.2379999
15,Hungary,2017,-0.46976778,2.3540001,-0.0026014473,-2.1164923,-0.48198617,1.1916968,91.844002,7.7870002,28.756376,-0.33468232,-0.66443938,0.21890834,-2.5676246,86.290787,26.85808,0.0,2.9625001,2.3540001,7.7870002
15,Hungary,2018,-0.44446889,2.839,0.026384123,-8.2797956,-0.4989661,1.0022045,86.196999,11.816,28.451338,-0.33822647,-0.50546783,0.1161,-1.4062506,67.708572,22.24692,0.0,3.0583334,2.839,11.816
15,Hungary,2019,-0.50473112,3.3729999,0.049418226,-14.934794,-0.4029434,1.3278252,82.904999,8.1499996,28.200066,-0.38488367,-0.64497739,0.18669167,7.4913254,69.926216,23.600498,0.0,2.4649999,3.3729999,8.1499996
15,Hungary,2020,-0.48125184,3.3050001,-0.020304482,-24.494467,-0.21586575,1.7462815,95.223,21.09,33.385067,-0.38539642,-0.58270586,0.70225835,5.8973465,66.154915,18.847948,0.0,2.2249999,3.3050001,21.09
15,Hungary,2021,-0.42735413,5.105,0.025495129,-24.036833,-0.44358578,1.31521,86.367996,18.499001,30.441067,-0.39435053,-0.44387332,1.3672251,-1.4472079,58.633369,17.752188,0.0,3.0608332,5.105,18.499001
15,Hungary,2022,0.49281788,14.62,0.041824233,-2.9848783,3.2650931,1.8331481,75.300003,8.4580002,31.066067,0.13288538,1.7137889,9.9733915,23.021181,112.93623,50.012043,0.0,7.5708332,14.62,8.4580002
15,Hungary,2023,0.12993589,17.139999,0.0063854484,-33.760616,0.13248059,2.049511,72.966003,3.618,31.508066,-0.10156104,0.84278011,13.6387,-5.341032,99.392548,39.219833,0.0,7.5124998,17.139999,3.618
16,India,1900,0.093198836,20.0,-0.30084595,,-0.30836076,,25.80752,,7.1840801,0.12120631,-0.085792787,,,72.415619,21.223558,0.0,,20.0,
16,India,1901,-0.45637807,0.0,-0.26932174,,-0.0084329098,,24.42062,,6.3231602,-0.27203602,-0.61061949,,-0.40587378,43.076683,11.803223,0.0,,0.0,
16,India,1902,-0.52603924,-2.0,-0.17743531,,-0.35770851,,24.159781,,6.4285302,-0.17612743,-0.96490574,,-0.54984021,43.4799,10.841552,0.0,,-2.0,
16,India,1903,-0.83387965,-4.0,-0.1528732,,-0.15664075,,21.963781,,7.2044201,-0.51410681,-1.0372331,,-1.5448203,49.491287,13.265431,0.0,,-4.0,
16,India,1904,-0.53291339,-3.0,-0.13813908,,-0.52012187,,21.645981,,6.6469998,-0.31092757,-0.72741312,,2.0843689,76.692307,24.337723,0.0,,-3.0,
16,India,1905,-0.71780837,11.0,-0.14721288,,-0.60088933,,21.454178,,7.31352,-0.46535659,-0.73391795,,-0.62774664,54.05724,15.871587,0.0,,11.0,
16,India,1906,-0.80995142,2.0,-0.10975894,,-0.30906412,,21.255331,,5.7825398,-0.49961767,-1.0226481,,-1.0648017,40.733101,9.0665369,0.0,,2.0,
16,India,1907,-1.0675684,5.0,-0.16491696,,-0.23037034,,21.51441,,5.96135,-0.58324045,-1.4187604,,0.61547196,34.413788,7.1809015,0.0,,5.0,
16,India,1908,-0.91021681,13.0,-0.14326189,,-0.79593903,,24.082264,,5.85463,-0.55921304,-1.1491691,,0.86359471,32.829559,7.6054449,0.0,,13.0,
16,India,1909,-1.0502805,-8.0,-0.0069834208,,-0.54358137,,21.995308,,5.3225799,-0.63689721,-1.2827482,,-0.83349848,30.923229,6.7971644,0.0,,-8.0,
16,India,1910,-1.070623,-4.0,0.0013325515,,-0.54594481,,21.117846,,5.9580898,-0.62348944,-1.3844349,,1.177356,30.885345,5.9339261,0.0,,-4.0,
16,India,1911,-0.79359061,-4.0,0.0050876699,,-0.75142342,,20.443605,,5.4161501,-0.47728142,-1.0069264,,-1.2347642,52.696037,13.105717,0.0,,-4.0,
16,India,1912,-0.82962555,6.0,0.013643678,,-0.46819359,,19.627241,,5.4692998,-0.40055561,-1.1130819,,0.41236934,53.76284,12.88613,0.0,,6.0,
16,India,1913,-0.78659731,6.0,0.00036302218,,-0.5818702,,25.572701,,5.5618,-0.43619794,-1.0609655,,-0.3585254,49.213394,11.4058,0.0,,6.0,
16,India,1914,0.63937837,0.0,0.063417889,,-0.78698426,,19.934601,,5.0388899,0.98872322,0.12768714,,-0.27150127,199.27412,67.333977,0.0,,0.0,
16,India,1915,0.8249467,6.0,0.047326226,,-0.37198216,,19.827499,,4.7566099,1.3145849,-0.36971259,,-0.19680011,269.59604,88.599792,0.0,,6.0,
16,India,1916,0.68389863,-4.0,0.084306397,,-0.017383596,,18.8654,,4.6300402,0.83181989,-0.075199164,,0.93992305,260.30356,76.303528,0.0,,-4.0,
16,India,1917,0.55042446,2.0,0.073940545,,0.26145247,,25.531799,,11.1863,0.84096354,-0.32786879,,-9.4972944,296.97101,90.554482,0.0,,2.0,
16,India,1918,0.55086648,14.0,-0.055902489,,0.70205021,,20.6877,,5.2801099,0.90800852,-0.37357345,,-2.118938,331.62021,104.23759,0.0,,14.0,
16,India,1919,0.042685147,39.0,0.080495887,,0.38307163,,17.830099,,5.3955798,0.13321429,-0.12703928,,-19.273743,166.6438,49.834099,0.0,,39.0,
16,India,1920,-0.21204501,3.0,0.0042860126,,0.29298142,,20.908899,,6.43364,-0.052642625,-0.41593558,,69.254242,102.06319,26.300798,0.0,,3.0,
16,India,1921,-0.78885901,-1.0,0.078956097,,-0.52456993,,21.536699,,4.6160402,-0.41213307,-1.1568266,,-2.0013437,72.843681,19.050419,0.0,,-1.0,
16,India,1922,-0.84206033,-7.0,0.11642296,,0.076888792,,26.624399,,4.51159,-0.474015,-1.1051414,,-10.438913,64.923538,14.756875,0.0,,-7.0,
16,India,1923,-0.98341233,-9.0,0.077651285,,-0.15722671,,29.6849,,4.7135401,-0.62770665,-1.1993954,,-1.1493167,58.87146,15.591163,0.0,,-9.0,
16,India,1924,-0.88986659,-1.0,0.12097461,,-0.51457673,,27.99,,4.0503998,-0.46604997,-1.2417027,,-12.138406,49.706013,11.347672,0.0,,-1.0,
16,India,1925,-0.99673891,5.0,0.12727281,,-0.63316268,,28.964701,,4.3278098,-0.52998096,-1.3510888,,-3.6911633,45.767529,11.453157,0.0,,5.0,
16,India,1926,-1.0361794,2.0,0.15160057,,-0.59256184,,29.3405,,4.5111699,-0.6448729,-1.2735282,,1.6488377,37.680462,9.3502359,0.0,,2.0,
16,India,1927,-0.88618314,-3.0,0.14495498,,-0.78897697,,28.6752,,4.53442,-0.48017803,-1.1903915,,-1.8780168,45.88192,11.655122,0.0,,-3.0,
16,India,1928,-0.88563901,-2.0,0.1475997,,-0.90407556,,30.0825,,4.48524,-0.44704151,-1.220801,,0.74207467,37.190571,8.8040438,0.0,,-2.0,
16,India,1929,-0.75654638,-4.0,0.18100099,,-0.79766023,,32.790001,,4.7432699,-0.28761616,-1.2131032,,0.29172218,40.538773,10.432601,0.0,,-4.0,
16,India,1930,-0.69018811,-14.187557,0.17974561,,-0.54806358,,42.400101,,5.5378499,-0.42490089,-0.89825672,5.2600002,1.1962366,42.976971,10.51905,0.0,,,
16,India,1931,-0.81274736,-13.0,0.15996067,,-0.68070042,,50.080799,,5.8183999,-0.51795775,-1.0015309,6.4099998,41.678646,44.57341,11.093175,0.0,,-13.0,
16,India,1932,-0.91794318,-6.0,0.15743613,,-0.82644045,,51.577099,,5.3116102,-0.54966336,-1.1254647,4.1399999,2.300154,59.718971,15.997677,0.0,,-6.0,
16,India,1933,-1.1752986,-6.0,0.14418525,,-0.82809365,,54.909401,,5.3487501,-0.80736184,-1.2613093,1.46,-19.706533,52.87656,13.704848,0.0,,-6.0,
16,India,1934,-1.0782214,2.0,0.13865754,,-0.46381912,,52.841702,,5.2947001,-0.71121931,-1.2327152,1.72,3.2399209,52.097977,11.862143,0.0,3.3900001,2.0,
16,India,1935,-0.54977751,6.0,0.11423406,,-0.6991328,,51.837002,,5.5901899,-0.48293731,-0.37816659,1.48,-0.044618156,82.748703,24.340006,0.0,3.54,6.0,
16,India,1936,-1.0029212,-2.0,0.13714464,,-0.44476432,,48.950699,,5.2570701,-0.64128989,-1.1294127,0.72000003,0.30131808,91.402847,28.134062,0.0,3.1600001,-2.0,
16,India,1937,-0.79931009,2.0,0.10426702,,-0.52659732,,47.9645,,5.0106101,-0.51622188,-0.88160259,0.89999998,-1.654119,87.478371,28.159092,0.0,3.26,2.0,
16,India,1938,-0.75317621,-2.0,0.089432307,,-0.80983281,,48.0238,,4.9798002,-0.51264834,-0.84725583,1.33,8.1796532,102.05727,35.012638,0.0,3.2,-2.0,
16,India,1939,0.33783349,6.0,0.094017588,,-0.44210818,,42.746601,,4.7877498,0.32207462,0.36439455,2.03,4.5806355,191.01532,69.08287,0.0,3.5599999,6.0,
16,India,1940,0.33580777,2.0,0.10884281,,-0.49767959,,40.862301,,5.32967,0.63506937,-0.23947929,1.21,10.666664,200.07191,75.322693,0.0,3.6099999,2.0,
16,India,1941,1.3189828,13.0,0.11076371,,0.65128738,,32.8895,,5.0843902,1.5960252,0.29741549,0.75999999,0.0,241.92404,81.336327,0.0,3.3299999,13.0,
16,India,1942,4.2381716,36.0,0.088937506,,4.1893754,,26.5413,,8.1068602,4.7816224,0.75075531,0.86000001,0.0,306.14059,88.520424,2.0495529,3.45,36.0,
16,India,1943,3.5310097,76.0,0.11047139,,3.6853704,,21.517,,7.6321001,4.4175653,-0.36823103,0.95999998,0.0,344.39383,101.55821,0.0,3.2,76.0,
16,India,1944,5.3154297,-2.0,0.081445605,,1.6336738,,25.996599,,8.7930603,6.3887949,0.15215854,0.56999999,0.0,376.73724,113.57671,1.7064825,3.1099999,-2.0,
16,India,1945,3.0834963,0.0,0.046626583,,1.7752448,,38.4142,,13.5915,3.412379,1.5298316,0.38999999,0.0,240.73561,74.462677,0.0,3.0999999,0.0,
16,India,1946,0.26967803,8.0,-0.027396468,,2.8639092,,40.533298,,11.0548,-0.040622529,0.56995314,0.43000001,0.0,122.23141,36.375004,0.0,2.79,8.0,
16,India,1947,-0.036203004,18.0,-0.038839079,,1.5011322,,31.4543,,6.65765,0.051581986,-0.35858345,0.44,0.0,99.266258,25.842052,0.0,2.8599999,18.0,
16,India,1948,-0.24945743,7.0,-0.047638725,,0.30438596,,24.6175,,6.1568899,-0.20810899,-0.28678253,0.49000001,-0.30120453,114.34803,31.893423,0.0,2.97,7.0,
16,India,1949,-0.61118793,3.0,-0.04478104,-1.3241221,-0.14403445,2.1141231,26.2621,-5.0925875,5.5288901,-0.57400393,-0.46937412,0.51999998,9.0634432,83.723862,22.700804,0.0,2.99,3.0,-5.0925875
16,India,1950,0.71704668,0.0,-0.0624213,1.5774344,0.18517585,1.8158357,25.5012,5.3658481,5.3126001,0.27877161,1.2928594,,31.90859,142.74683,42.143032,0.0,3.1099999,0.0,5.3658481
16,India,1951,0.70379829,3.9603961,-0.058970958,6.6737728,0.89472288,1.8279688,25.1019,-2.3148181,5.5455999,-0.08530283,1.7136098,,0.0,154.43521,48.005585,0.0,3.28,3.9603961,-2.3148181
16,India,1952,-0.33164465,-1.9047619,-0.062586777,4.4773622,0.32629988,1.9025347,26.3078,-2.3696625,6.30408,-0.36627653,-0.15241666,2.1400001,0.0,105.07939,31.162687,0.0,3.6900001,-1.9047619,-2.3696625
16,India,1953,0.75607848,2.9126213,-0.031704042,1.1882737,-0.19623476,1.8413329,25.215,2.4271786,6.6816301,-0.021493463,1.553038,2.4200001,0.0,101.92927,31.073198,0.0,3.6400001,2.9126213,2.4271786
16,India,1954,0.20787656,-4.7169809,-0.013427598,3.4121578,-0.50193822,2.0200825,25.810301,7.5829463,7.85464,-0.25012329,0.8198151,2.5999999,0.0,91.05645,27.436068,0.0,3.6500001,-4.7169809,7.5829463
16,India,1955,0.31122452,-4.9504952,-0.010654707,5.6973314,-0.44625849,1.8610646,27.740801,11.45374,8.1904602,-0.38741028,1.3173919,,0.0,89.117783,25.658945,0.0,3.72,-4.9504952,11.45374
16,India,1956,1.0868416,9.375,0.011402049,2.1099086,-0.17706095,2.0200491,26.3864,7.1146259,8.5262699,-0.092878543,2.3882346,,0.0,101.25542,33.40263,0.0,3.9300001,9.375,7.1146259
16,India,1957,0.22400057,5.6349206,-0.025250006,5.0261335,-0.34381515,2.4749999,28.751699,10.332103,9.7316704,-0.45869744,1.1525236,,0.0,99.325577,30.969868,0.0,4.1399999,5.6349206,10.332103
16,India,1958,0.0020685329,4.7751665,0.011406975,0.7003684,-0.53735048,1.9224898,30.202999,10.03344,11.9642,-0.47176808,0.76323289,,0.0,115.22129,31.617847,0.0,4.1799998,4.7751665,10.03344
16,India,1959,-0.028332541,4.5575385,0.0046752063,0.73101783,-0.35838348,2.1360717,34.115002,12.158061,12.1807,-0.18267225,0.088169217,,0.0,82.10849,21.75873,0.0,4.0500002,4.5575385,12.158061
16,India,1960,-0.085634761,1.7798779,0.023734462,-1.3553615,-0.62438065,2.0040123,36.459999,5.4200516,11.2333,-0.4239949,0.37059876,,0.0,86.417786,22.892488,0.0,4.0700002,1.7798779,5.4200516
16,India,1961,1.6088761,1.695213,0.023106633,-2.173646,-0.6529364,2.0743597,38.693699,3.2119999,11.7813,0.29621577,3.0209057,,0.0,126.08382,33.422016,0.0,4.1100001,1.695213,3.2119999
16,India,1962,1.853524,3.632215,0.014818273,-2.0457261,-0.5210973,2.7454004,36.1665,9.6090002,11.4757,0.62477916,2.9574771,,0.0,124.72618,31.863493,0.0,4.3600001,3.632215,9.6090002
16,India,1963,0.5877043,2.9461613,0.036518771,-1.9016026,-0.40678397,4.0253062,35.494301,10.584,12.3283,-0.24453296,1.5426751,,0.0,117.54991,29.445286,0.0,4.6799998,2.9461613,10.584
16,India,1964,0.19074723,13.355261,0.070974275,-2.5492752,0.18566014,3.819237,33.770599,9.4060001,13.2419,-0.20241944,0.60972565,,0.0,90.5354,24.695017,0.0,4.73,13.355261,9.4060001
16,India,1965,1.6741354,9.4747581,0.0037038247,-3.3427444,0.33194536,3.8714149,36.803101,10.888,13.7092,0.46177942,2.8689885,,0.0,99.786484,26.762665,0.0,5.3200002,9.4747581,10.888
16,India,1966,0.25074327,10.801848,-0.036991447,-0.97900903,1.043478,3.5723705,36.159801,11.207,13.8166,-0.26807556,0.89622611,,33.541763,90.635468,25.790426,0.0,5.54,10.801848,11.207
16,India,1967,0.35746855,13.062202,-0.001464682,-1.7730701,0.2012732,3.2239237,38.508999,9.3620005,13.8055,-0.13047284,1.0502157,,17.940752,112.60692,33.771759,0.0,5.52,13.062202,9.3620005
16,India,1968,-0.12651749,3.2374125,-0.0097603509,-2.7629268,-0.46223181,3.2455685,40.276299,9.5209999,12.5929,-0.401833,0.24562059,,0.0,104.20105,26.75993,0.0,5.0700002,3.2374125,9.5209999
16,India,1969,-0.59464234,-0.58413661,0.013697137,-4.0205803,-0.57347035,3.1408145,38.7701,13.517,11.5297,-0.57329386,-0.43091148,,0.0,95.787491,25.723122,0.0,5.0,-0.58413661,13.517
16,India,1970,-0.56274062,5.0922618,0.021989867,-4.1540294,-0.44459322,3.185183,38.148201,12.033,11.722,-0.48122466,-0.55795854,,0.0,102.82236,28.170511,0.0,5.0,5.0922618,12.033
16,India,1971,1.5747886,3.0799387,-0.0058439244,-4.2262745,-0.058692727,3.6524534,37.550499,17.059999,12.3788,1.106747,1.8265758,6.3000002,-0.10753632,87.422432,22.943041,1.8894018,5.6399999,3.0799387,17.059999
16,India,1972,-0.33276671,6.4420977,-0.056957528,-4.2703161,-0.19850121,3.7179475,37.164299,15.394,13.4684,-0.29274079,-0.34974825,4.6900001,1.368583,87.485275,23.032833,0.0,5.645,6.4420977,15.394
16,India,1973,-0.23841842,16.940817,-0.070276447,-3.2141533,2.7662988,3.1586437,34.1348,19.496,12.9171,-0.353071,0.091817372,6.6399999,0.78474247,76.668312,23.198092,0.0,5.6500001,16.940817,19.496
16,India,1974,-0.17193329,28.598734,-0.10339928,-1.4637867,4.3206139,3.2028263,28.9601,12.225,11.3372,-0.57121116,0.4900668,13.52,4.8969402,70.567474,19.453671,0.0,6.0349998,28.598734,12.225
16,India,1975,-0.16039218,5.7484303,-0.060649347,-0.22121696,0.74079072,3.5345988,29.5037,14.052,12.6799,-0.53260589,0.42777461,10.4,4.7289243,79.141571,24.240093,0.0,6.3449998,5.7484303,14.052
16,India,1976,-0.042406317,-7.6339478,-0.088633113,0.056557305,-0.13177827,3.4778831,31.305099,24.486,14.4458,-0.44961071,0.51349789,11.28,6.6944661,69.23243,19.806665,0.0,6.29,-7.6339478,24.486
16,India,1977,-0.26371777,8.3074703,-0.064272225,-0.35546437,0.79235995,3.1627719,29.8906,19.164,13.941,-0.44101995,0.080623679,10.18,-2.2643774,68.475105,19.779448,0.0,6.3150001,8.3074703,19.164
16,India,1978,-0.1859846,2.5230486,-0.054340813,-0.38928214,0.45293733,3.1263318,30.806101,21.153,15.0138,-0.31930792,0.096359126,8.0500002,-6.5052395,81.370934,24.156244,0.0,6.3699999,2.5230486,21.153
16,India,1979,-0.061716516,6.2756834,-0.15986899,1.3081037,1.3240587,3.2613287,32.245602,17.711,15.56,-0.39219126,0.49843362,8.4700003,-0.50598282,86.351082,24.230335,0.0,6.4499998,6.2756834,17.711
16,India,1980,1.4692466,11.346,-0.14234757,1.4256942,0.34447533,3.1337814,38.034588,15.898,17.479799,0.18226942,2.8338296,7.2399998,-3.3061812,102.05772,27.977985,0.0,6.7049999,11.346,15.898
16,India,1981,0.10823746,12.654,-0.1252216,0.1694878,-0.093997315,3.1862481,37.18071,17.451,16.618299,-0.31572789,0.78363454,8.6099997,10.066783,101.66919,30.150236,0.0,7.1520834,12.654,17.451
16,India,1982,-0.16857651,7.7360001,-0.13880241,-0.61951399,-0.57406533,3.3451176,41.695778,17.204,17.754601,-0.30524871,0.097557828,7.2666669,9.2621803,124.11795,36.313938,0.0,7.5916667,7.7360001,17.204
16,India,1983,-0.011104755,12.558,-0.11787562,-1.4923127,-0.48668581,3.3230686,39.64777,16.886999,17.8339,-0.085595526,0.041383639,8.3008327,6.5300975,103.87984,28.832907,0.0,7.9883332,12.558,16.886999
16,India,1984,0.33212218,6.5180001,-0.12697327,-1.6419072,-0.48945379,3.4168756,41.560699,17.983999,19.805,0.47638956,-0.030831626,9.9516668,12.296156,88.389366,21.647621,0.0,8.6450005,6.5180001,17.983999
16,India,1985,0.23189683,6.2509999,-0.121492,-3.2482979,-0.4801195,3.5690303,44.279346,16.882999,21.556999,0.2611706,0.19551234,9.9966669,8.6838884,92.283493,22.039886,0.0,8.9866667,6.2509999,16.882999
16,India,1986,0.2454652,8.8900003,-0.12380573,-4.4564843,-0.56309557,4.1064687,47.863487,17.927,23.2281,0.28151393,0.24214083,9.9683332,2.1480455,91.707932,23.871838,0.0,,8.8900003,17.927
16,India,1987,0.48293325,9.0579996,-0.13305449,-4.6474667,-0.62219691,4.2313175,48.865887,16.318001,22.5198,0.33851704,0.5076583,9.8325005,2.779546,85.342255,19.349712,0.0,,9.0579996,16.318001
16,India,1988,-0.4432694,7.2140002,-0.089082412,-4.3292456,-0.39216155,3.7286718,48.907078,18.291,24.886421,-0.27492902,-0.53969193,9.7341671,7.3582039,72.833328,15.374785,0.0,,7.2140002,18.291
16,India,1989,-0.68023086,4.5700002,-0.077463873,-3.2678201,-0.18946758,3.5341797,50.455936,15.73,25.676401,-0.55305976,-0.66384089,11.39083,16.645079,81.248924,16.93651,0.0,,4.5700002,15.73
16,India,1990,-0.1316229,11.198,-0.072066538,-3.5761917,-0.21636069,3.1462147,50.783001,15.067,25.816401,-0.3111558,0.37929109,15.56667,7.889298,100.47716,25.858576,0.0,,11.198,15.067
16,India,1991,-0.57604665,13.481,-0.11519993,-2.7703574,-0.45876727,2.9099743,50.009998,18.316999,27.271515,-0.43028045,-0.42085618,19.34667,29.838648,115.19403,27.211458,0.0,,13.481,18.316999
16,India,1992,-0.51278889,9.8620005,-0.11416642,-2.0313208,-0.59429348,2.7048397,49.681,16.862,26.6891,-0.5346781,-0.20434025,15.23167,23.970829,75.940979,17.725157,0.0,,9.8620005,16.862
16,India,1993,-0.48440921,7.283,-0.12058507,-1.5480801,-0.72577739,2.8235424,51.759998,17.007999,26.193562,-0.50650495,-0.2703642,8.6358328,11.135388,86.624359,19.231705,0.0,,7.283,17.007999
16,India,1994,-0.45783651,10.272,-0.10004206,-1.8876367,-0.56571692,2.6646738,49.594002,20.278,26.207939,-0.33445659,-0.41147503,7.1350002,0.32845619,88.633369,19.792723,0.0,,10.272,20.278
16,India,1995,-0.52067196,9.96,-0.080071159,0.10601342,-0.65746242,2.5784836,47.492001,11.011,24.979961,-0.42983064,-0.42562586,15.57,3.2624903,75.088799,15.175914,0.0,,9.96,11.011
16,India,1996,-0.59724319,9.4329996,-0.059558477,-1.6571337,-0.63619733,2.4727683,45.723,18.736,24.363876,-0.5001865,-0.42501211,11.0425,9.5253067,61.413044,12.089469,0.0,,9.4329996,18.736
16,India,1997,-1.0325543,6.8449998,-0.067295924,-1.8220786,-0.53341454,2.6477325,50.365002,17.657,25.231289,-0.70817429,-1.1195316,5.29,2.4179378,39.673115,10.005726,0.0,,6.8449998,17.657
16,India,1998,0.4289721,13.126,-0.060738649,-1.6268183,-0.46842414,2.7273114,50.319,18.173,26.034369,-0.36373889,1.6387552,,13.72656,51.792046,13.003994,0.0,,13.126,18.173
16,India,1999,-0.25201678,3.425,-0.044260208,-1.4243534,-0.58317065,2.9571958,51.353001,17.149,25.849762,-0.31197315,0.037618361,,4.2830281,58.142807,15.054415,0.0,,3.425,17.149
16,India,2000,-0.37101895,3.8169999,-0.058074184,-0.2836861,-0.37715441,2.94893,55.004002,15.172,26.085577,-0.2817218,-0.25729468,8.9677696,4.2218056,45.607391,10.239913,0.0,,3.8169999,15.172
16,India,2001,0.61957347,4.4419999,-0.060543157,-2.165813,-0.44175643,2.9244356,59.018002,14.321,28.275738,0.72887808,0.74201989,8.5,4.9496946,111.46019,22.787392,0.0,,4.4419999,14.321
16,India,2002,0.92734373,4.9970002,-0.068128504,0.3462638,-0.66504949,2.8268669,62.553001,16.761,29.115133,0.80912751,1.6164401,7.75,2.9734097,111.12048,23.197205,0.0,,4.9970002,16.761
16,India,2003,0.37850502,4.0960002,-0.037960645,0.39554206,-0.52470499,2.6777768,62.189999,13.034,29.941776,0.40472126,0.52828425,6.9166665,-4.1927624,135.32417,30.739689,0.0,,4.0960002,13.034
16,India,2004,0.23680279,3.997,-0.0080568632,6.2440286,-0.4139128,2.8287523,62.592999,16.732,28.449535,0.40460068,0.023020485,6.0,-2.7227921,110.70305,22.577797,0.0,,3.997,16.732
16,India,2005,-0.25642219,3.6789999,0.020995857,9.6487131,-0.15477873,2.9105875,62.227001,15.6,26.876347,-0.17826369,-0.24210292,6.1875,-2.6373293,83.537979,17.399197,0.0,6.9575,3.6789999,15.6
16,India,2006,0.01495847,6.7360001,0.042756401,12.247605,-0.22656576,2.6803815,59.667,21.632999,26.90966,-0.10142057,0.24544722,7.1041665,2.6838524,86.026413,20.002527,0.0,7.6550002,6.7360001,21.632999
16,India,2007,-0.19676672,5.9190001,0.060846344,11.056703,-0.073105209,2.4782465,57.498001,22.271999,26.944679,-0.20091993,-0.051362533,7.75,-8.914814,84.868973,16.993855,0.0,7.9699998,5.9190001,22.271999
16,India,2008,0.230992,9.2119999,0.035638615,17.556002,0.45328477,2.6314607,57.292,20.495001,29.293118,0.28495204,0.18244915,7.4166665,5.3893743,71.192848,15.174913,0.0,7.8449998,9.2119999,20.495001
16,India,2009,0.20259149,10.607,0.055084396,9.2485037,-0.38444155,3.1293848,55.256001,17.996,28.543001,0.32993513,-0.021957381,4.7708335,11.297669,69.581642,15.860026,0.0,6.9483333,10.607,17.996
16,India,2010,-0.036880415,9.368,0.079777382,10.988214,-0.23456694,2.8894632,51.591999,17.802,27.98531,0.025662694,-0.070941605,5.9583335,-5.4424448,73.838913,17.855999,0.0,7.8450642,9.368,17.802
16,India,2011,-0.25587362,8.1120005,0.073824145,16.085125,0.010567096,2.7044823,51.556999,16.138,27.640581,-0.10062725,-0.34152311,8.0625,2.0830264,75.721146,18.255798,0.0,8.3725195,8.1120005,16.138
16,India,2012,-0.32811779,10.049,0.069794551,14.953238,-0.25922668,2.6181664,50.678001,11.046,27.363855,-0.30510581,-0.21556142,8.4028749,14.476737,69.216782,17.470741,0.0,8.2595558,10.049,11.046
16,India,2013,-0.63783175,9.3830004,0.074397244,11.671559,-0.35353667,2.5488248,50.312,14.832,26.599949,-0.34566933,-0.79664421,8.6441393,9.7396517,70.025406,17.082338,0.0,8.1099586,9.3830004,14.832
16,India,2014,-0.4664638,5.8330002,0.088755637,5.388082,-0.42427218,2.5439818,49.901001,10.587,26.220442,-0.21495959,-0.59516126,8.6680412,4.065659,80.853844,22.279636,0.0,8.5862913,5.8330002,10.587
16,India,2015,-0.36512324,4.908,0.10868358,-3.0021918,-0.12054988,2.4574502,49.965,10.618,27.058975,-0.13821757,-0.4460077,7.6778193,5.1709495,94.918381,24.555017,0.0,7.7761807,4.908,10.618
16,India,2016,-0.26344284,4.5250001,0.13048178,-6.2642608,-0.53349841,2.5431516,47.633999,6.8010001,27.232843,-0.0031113399,-0.40649569,6.4414167,4.7048674,84.358536,22.993658,0.0,7.2059169,4.5250001,6.8010001
16,India,2017,-0.26168275,3.5869999,0.13843271,-7.0551262,-0.27133501,2.5315113,47.584,10.431,26.231663,-0.17226122,-0.075505182,6.1543331,-3.0784929,86.290787,26.471865,0.0,6.9242501,3.5869999,10.431
16,India,2018,-0.64309531,3.414,0.14328288,-5.6607871,-0.15037572,2.4242845,46.521999,10.52,26.327665,-0.48350874,-0.5074411,6.5609584,5.0967522,67.708572,22.002167,0.0,7.7043333,3.414,10.52
16,India,2019,0.10888052,4.7690001,0.12359747,-10.883246,-0.16346465,2.5459983,75.040001,10.51,26.845837,-0.17789429,0.69182092,5.8346667,2.8911588,69.926216,23.073162,0.0,6.993,4.7690001,10.51
16,India,2020,-0.26882675,6.165,0.0065319934,-14.570499,1.0136533,2.8036158,88.427002,12.479,31.019247,-0.41321564,0.1647075,3.7650001,5.2267094,66.154915,18.460142,0.0,6.1574998,6.165,12.479
16,India,2021,-0.53936315,5.506,0.042423576,-8.4755478,2.302434,2.4687414,83.487,11.297,29.705921,-0.48190445,-0.28255558,3.3633332,-0.220579,58.633369,17.477468,0.0,6.2583332,5.506,11.297
16,India,2022,0.95586771,6.6529999,0.058941837,-5.4233932,3.3085501,2.3830981,82.172997,6.8054113,29.14505,0.24770381,2.4814973,5.0583334,6.3327446,112.93623,49.544189,0.0,7.1933331,6.6529999,6.8054113
16,India,2023,0.38844448,5.3610001,0.088571303,-12.135036,1.5981965,2.3567944,81.231003,11.61786,29.11508,0.035421941,1.1295266,6.7966666,5.041832,99.392548,38.820419,0.0,7.2199998,5.3610001,11.61786
17,Indonesia,1900,-0.86344814,0.0,-0.20075946,,-0.87169403,,,,,-0.70437318,-0.89334273,,,72.415619,21.784073,0.0,,0.0,
17,Indonesia,1901,-0.88733828,24.0,-0.21527094,,-0.87169403,,,,,-0.74737608,-0.89334273,,,43.076683,12.175447,0.0,,24.0,
17,Indonesia,1902,-0.86328995,-7.0,-0.23539035,,-0.87169403,,,,,-0.74737608,-0.85436106,,,43.4799,11.186941,0.0,,-7.0,
17,Indonesia,1903,-0.86263031,5.0,-0.18362544,,-0.76551688,,,,,-0.70290101,-0.89334273,,,49.491287,13.503814,0.0,,5.0,
17,Indonesia,1904,-0.80580556,-10.0,-0.17277658,,-0.87169403,,,,,-0.60061508,-0.89334273,,,76.692307,24.674421,0.0,,-10.0,
17,Indonesia,1905,-0.72522616,-4.0,-0.16322482,,-0.87169403,,,,,-0.55283886,-0.71815664,,,54.05724,16.135225,0.0,,-4.0,
17,Indonesia,1906,-0.88733828,6.0,-0.13999029,,-0.87169403,,,,,-0.74737608,-0.89334273,,,40.733101,9.3159399,0.0,,6.0,
17,Indonesia,1907,-0.86418605,13.0,-0.11913716,,-0.87169403,,,,,-0.70570147,-0.89334273,,,34.413788,7.3382769,0.0,,13.0,
17,Indonesia,1908,-0.8390137,5.0,-0.12289989,,-0.87169403,,,,,-0.70388335,-0.85417634,,,32.829559,7.8147206,0.0,,5.0,
17,Indonesia,1909,-0.81167006,-6.0,-0.081226557,,-0.87169403,,,,,-0.65657288,-0.8524574,,,30.923229,6.9547877,0.0,,-6.0,
17,Indonesia,1910,-0.88733828,0.0,-0.028745791,,-0.87169403,,,,,-0.74737608,-0.89334273,,,30.885345,6.0927792,0.0,,0.0,
17,Indonesia,1911,-0.81611383,10.0,0.011088213,,-0.87169403,,8.2296305,,,-0.66190553,-0.85485846,,,52.696037,13.352994,0.0,,10.0,
17,Indonesia,1912,-0.86247885,15.0,0.021118619,,-0.87169403,,7.3518658,,,-0.74737608,-0.85304624,,,53.76284,13.125974,0.0,,15.0,
17,Indonesia,1913,-0.86287141,-9.0,0.058312446,,-0.87169403,,7.3820996,,,-0.70333505,-0.89334273,,,49.213394,11.660633,0.0,,-9.0,
17,Indonesia,1914,-0.88733828,-3.0,0.051397558,,-0.8235057,,10.548785,,,-0.74737608,-0.89334273,,,199.27412,68.086838,0.0,,-3.0,
17,Indonesia,1915,-0.83970338,-2.0,0.057027459,,-0.87169403,,10.814878,,,-0.70450407,-0.85473531,,,269.59604,89.411896,0.0,,-2.0,
17,Indonesia,1916,-0.71759516,8.0,0.057632368,,-0.6180945,,10.70481,,,-0.57278073,-0.73611486,,,260.30356,77.053246,0.0,,8.0,
17,Indonesia,1917,-0.86258239,7.0,0.051895969,,-0.81795967,,13.891291,,,-0.74737608,-0.85321414,,,296.97101,91.273727,0.0,,7.0,
17,Indonesia,1918,-0.83485651,28.0,0.072920308,,-0.81536531,,19.290382,,,-0.70014179,-0.85080701,,,331.62021,104.95396,0.0,,28.0,
17,Indonesia,1919,-0.75284278,0.0,0.15025546,,-0.81814313,,10.435768,,,-0.65053791,-0.76253468,,,166.6438,50.364937,0.0,,0.0,
17,Indonesia,1920,-0.88733828,63.0,0.11151762,,-0.8160944,,14.619223,,,-0.74737608,-0.89334273,,,102.06319,26.757898,0.0,,63.0,
17,Indonesia,1921,-0.88733828,-14.187557,0.10323934,7.8322039,-0.77219081,,27.487358,,,-0.74737608,-0.89334273,,,72.843681,19.307148,0.0,,,
17,Indonesia,1922,-0.88733828,-13.0,0.11904055,7.1887865,-0.73796046,,29.391235,,,-0.74737608,-0.89334273,,,64.923538,14.995124,0.0,,-13.0,
17,Indonesia,1923,-0.88733828,-11.0,0.12697195,5.5911822,-0.87169403,,27.586119,,,-0.74737608,-0.89334273,,,58.87146,15.780311,0.0,,-11.0,
17,Indonesia,1924,-0.86732221,-8.0,0.16415387,4.843411,-0.79611248,,24.424273,,,-0.71134663,-0.89334273,,,49.706013,11.56712,0.0,,-8.0,
17,Indonesia,1925,-0.86753821,-5.0,0.17060477,4.1391711,-0.83812004,,20.88806,,,-0.71173543,-0.89334273,4.5,,45.767529,11.635506,0.0,,-5.0,
17,Indonesia,1926,-0.79459763,0.0,0.21368167,4.7399454,-0.83621222,,21.76989,,,-0.58044058,-0.89334273,4.0,,37.680462,9.5108862,0.0,,0.0,
17,Indonesia,1927,-0.88733828,-3.0,0.26008156,3.9892735,-0.83735996,,20.625051,,,-0.74737608,-0.89334273,4.0,,45.88192,11.878044,0.0,,-3.0,
17,Indonesia,1928,-0.87118733,-2.0,0.28137496,3.649817,-0.83682352,,20.627697,,,-0.74737608,-0.86716253,4.0,,37.190571,9.0253839,0.0,,-2.0,
17,Indonesia,1929,-0.87125909,0.0,0.29225701,3.8926382,-0.8386761,,22.357946,,,-0.71843314,-0.89334273,5.5,,40.538773,10.698792,0.0,,0.0,
17,Indonesia,1930,-0.87105429,-2.0,0.28950045,4.342958,-0.87169403,,28.709883,,,-0.74737608,-0.86694688,4.5,,42.976971,10.80827,0.0,,-2.0,
17,Indonesia,1931,-0.88733828,-11.0,0.19200487,4.8880715,-0.8381182,,43.515121,,,-0.74737608,-0.89334273,4.5,,44.57341,11.341607,0.0,,-11.0,
17,Indonesia,1932,-0.82069468,-14.187557,0.1693619,5.0330372,-0.83613575,,58.228168,,,-0.68739599,-0.839329,4.5,,59.718971,16.202259,0.0,,,
17,Indonesia,1933,-0.85495406,-12.0,0.15645468,4.3958468,-0.83569616,,67.772629,,,-0.74737608,-0.8408488,4.5,,52.87656,13.82379,0.0,,-12.0,
17,Indonesia,1934,-0.85669667,-8.0,0.15566571,3.4084127,-0.87169403,,64.255943,,,-0.71979821,-0.8685081,3.5,,52.097977,12.014997,0.0,,-8.0,
17,Indonesia,1935,-0.87160647,-4.0,0.18175238,3.9775105,-0.83668,,66.808632,,,-0.74737608,-0.8678419,4.0,,82.748703,24.678062,0.0,,-4.0,
17,Indonesia,1936,-0.88733828,-3.0,0.23457476,2.7135684,-0.73362863,,54.475132,,,-0.74737608,-0.89334273,4.0,,91.402847,28.316431,0.0,,-3.0,
17,Indonesia,1937,-0.80718052,7.0,0.28871599,0.13424461,-0.79956222,,36.179466,,,-0.66080451,-0.84136933,,,87.478371,28.403404,0.0,,7.0,
17,Indonesia,1938,-0.69851404,2.0,0.29611161,2.0624189,-0.87169403,,47.549175,,,-0.56198239,-0.75421602,,,102.05727,35.261063,0.0,,2.0,
17,Indonesia,1939,-0.70260429,30.0,0.28856185,1.006373,-0.87169403,,43.682613,,,-0.53576875,-0.78445232,,,191.01532,69.710732,0.0,,30.0,
17,Indonesia,1940,-0.55577022,-14.187557,0.34986636,,-0.68802321,,38.494057,,,-0.46317095,-0.58622134,,,200.07191,75.933746,0.0,,,
17,Indonesia,1941,0.50298971,10.0,0.33752111,,-0.11340158,,,,,0.90069425,0.041111104,,,241.92404,82.172836,0.0,,10.0,
17,Indonesia,1942,2.275317,43.0,0.019137902,,-0.11775445,,,,,4.5821085,-0.26615527,,,306.14059,90.176659,1.7002463,,43.0,
17,Indonesia,1943,-0.75182915,-6.0,-0.11060481,,-0.16264646,,,,,-0.57314759,-0.83058375,,,344.39383,103.30069,0.0,,-6.0,
17,Indonesia,1944,-0.66518074,49.0,-0.34749171,,-0.53471875,,,,,-0.42746469,-0.82132047,,,376.73724,115.92955,0.0,,49.0,
17,Indonesia,1945,1.3505595,40.0,-0.4847829,,0.22509579,,,,,1.6153604,0.95532244,,,240.73561,75.819199,1.6450247,,40.0,
17,Indonesia,1946,1.3454659,73.0,-0.46435437,,1.4124924,,,,,0.75127256,1.6524451,,,122.23141,36.754646,0.0,,73.0,
17,Indonesia,1947,2.3562591,42.0,-0.37612823,,0.80365086,,,,,2.3887625,1.8407029,,,99.266258,26.00462,0.0,,42.0,
17,Indonesia,1948,0.91905737,30.0,-0.23891526,,0.18503638,,,,,0.63207239,1.1178889,,,114.34803,32.139481,0.0,,30.0,
17,Indonesia,1949,1.1355033,23.0,-0.16551177,-6.2547803,-0.34195411,30.484329,,,,0.52858782,1.376713,,,83.723862,22.797476,0.0,,23.0,
17,Indonesia,1950,1.5062944,17.0,-0.12216318,-4.5240626,0.084820084,27.676859,,,,1.1166275,1.6382958,,,142.74683,42.660442,0.0,,17.0,
17,Indonesia,1951,0.50596535,67.0,-0.080008432,-7.0011559,0.30982721,16.923441,,,16.6667,-0.057681203,0.91346222,,,154.43521,48.628067,0.0,,67.0,
17,Indonesia,1952,0.32345265,6.0,-0.086214595,-10.499556,0.062803715,44.018845,,30.268204,18.2927,0.35814404,0.27287433,,,105.07939,31.445496,0.0,,6.0,30.268204
17,Indonesia,1953,0.54948062,6.0,-0.072177194,-10.256052,-0.42979962,44.012119,,14.117649,18.6047,0.48269823,0.4415966,,,101.92927,31.70907,0.0,,6.0,14.117649
17,Indonesia,1954,0.9519158,6.0,-0.040073469,-10.131698,-0.38172495,36.806351,,46.907211,15.7895,0.5509389,1.2403893,,,91.05645,27.837389,0.0,,6.0,46.907211
17,Indonesia,1955,0.7263422,32.0,-0.035201523,-9.5598278,-0.30181339,31.051876,,10.52632,12.8,0.18857151,1.257369,,,89.117783,26.120897,0.0,,32.0,10.52632
17,Indonesia,1956,1.2010857,15.0,-0.073645547,-9.2810812,0.023398649,29.973495,,8.7301521,13.7931,0.49533975,1.5686766,,,101.25542,34.081963,0.0,,15.0,8.7301521
17,Indonesia,1957,1.3715118,10.0,-0.024397399,-8.7990198,0.25015324,33.153027,,40.146,15.2047,0.54491425,1.6895988,,,99.325577,31.330786,0.0,,10.0,40.146
17,Indonesia,1958,4.8749561,36.486488,-0.12112778,-7.7225776,0.031217607,19.714134,,54.687492,19.444401,6.0028334,3.1690409,,,115.22129,31.517569,0.0,,36.486488,54.687492
17,Indonesia,1959,0.13210234,45.049503,-0.10789174,-7.1335177,-0.46557358,16.106039,,18.181816,13.75,0.33397415,-0.15562642,,,82.10849,22.167879,0.0,,45.049503,18.181816
17,Indonesia,1960,0.8051669,39.590443,-0.10272314,-11.553485,-0.14925274,43.317139,,37.321938,14.4208,0.10565833,1.1094147,,,86.417786,23.207939,0.0,,39.590443,37.321938
17,Indonesia,1961,1.1994305,13.691932,-0.091114707,-11.291426,-0.051233687,48.73489,,42.116177,15.0592,0.048436631,1.91593,,,126.08382,34.282867,0.0,,13.691932,42.116177
17,Indonesia,1962,2.2203579,113.71806,-0.12146778,-25.729523,0.30326119,37.237488,,86.35183,7.88623,0.55066317,3.2257082,,,124.72618,32.697399,0.0,,,83.488998
17,Indonesia,1963,2.1790109,114.22906,-0.20205027,-18.194775,-0.2015256,30.128033,,,10.2836,0.72877073,2.9212012,,,117.54991,29.844013,0.0,,,
17,Indonesia,1964,2.8181503,108.99471,-0.20693088,-11.617179,0.75741029,79.451653,,,9.5471802,2.1816118,2.8672442,,,90.5354,24.88578,0.0,,108.99471,
17,Indonesia,1965,3.1196873,115.92184,-0.23503758,-26.242739,-0.018428558,6.4342608,,,10.6751,2.5367253,3.1420202,,,99.786484,27.435658,0.0,,,
17,Indonesia,1966,0.93313402,117.57202,-0.26573861,-2.7214532,1.4404291,2.5157883,,89.96727,9.1772203,0.44940335,1.1851418,,,90.635468,26.208696,0.0,,,83.488998
17,Indonesia,1967,0.4599908,106.0,-0.32680425,-12.250324,-0.030094637,4.2542906,,87.533218,10.3774,0.12921163,0.58018756,,78.861542,112.60692,34.278976,0.0,,106.0,83.488998
17,Indonesia,1968,-0.022574386,113.59317,-0.2660526,-11.765349,-0.14233454,3.6052923,,87.496109,8.8221302,0.060856838,-0.084636115,,78.861542,104.20105,27.151928,0.0,,,83.488998
17,Indonesia,1969,-0.18093996,15.47987,-0.19091034,-14.687528,-0.49089983,2.8002121,,82.031242,12.762,-0.30381745,-0.12109839,,10.026723,95.787491,25.969872,0.0,,15.47987,82.031242
17,Indonesia,1970,-0.098152712,12.399465,-0.13297006,-10.16186,-0.41585991,3.8270936,46.6917,39.564999,13.8024,0.081280269,-0.28036991,,11.298572,102.82236,28.419266,0.0,,12.399465,39.564999
17,Indonesia,1971,-0.25649279,4.2337489,-0.11880735,-8.0983496,0.00032199145,3.0609167,50.549198,42.679001,14.5425,-0.40040624,-0.15481074,,8.0041313,87.422432,23.951674,0.0,,4.2337489,42.679001
17,Indonesia,1972,-0.28288099,6.521749,-0.059284136,-4.0629945,0.16063891,3.9144721,51.1642,44.323002,15.7318,-0.33136144,-0.23053123,,5.9011164,87.485275,23.381727,0.0,,6.521749,44.323002
17,Indonesia,1973,0.3582963,31.041882,0.03093848,-0.25479105,4.3565912,3.2444148,43.0919,49.470001,16.3335,0.44844979,0.26429671,,0.0,76.668312,23.509464,0.0,,31.041882,49.470001
17,Indonesia,1974,-0.32550994,40.491791,0.021502521,10.316255,2.2501335,2.7059207,34.384602,47.266998,17.3328,-0.42018914,-0.25049007,11.42,0.0,70.567474,19.863108,0.0,,40.491791,47.266998
17,Indonesia,1975,0.76489645,19.165697,-0.029141787,4.1071482,0.92753065,3.4921889,36.693802,37.250999,20.501499,1.1645221,0.17248197,13.41,0.0,79.141571,24.533991,0.0,,19.165697,37.250999
17,Indonesia,1976,-0.3031697,19.828653,0.013276697,2.2818859,0.28967103,3.4218676,38.0681,31.197001,21.8207,-0.26668212,-0.37929997,14.17,0.0,69.23243,20.258646,0.0,,19.828653,31.197001
17,Indonesia,1977,0.16249639,11.05209,0.038686793,2.5344684,1.1860451,3.2060893,27.6577,19.504,19.499201,0.47367927,-0.029376024,7.23,0.0,68.475105,20.103498,0.0,,11.05209,19.504
17,Indonesia,1978,-0.16053241,8.1125822,0.038455602,1.3698971,0.6702323,3.1631935,30.3353,21.622,20.0858,-0.027828306,-0.3337301,7.2874999,6.5169663,81.370934,24.542713,0.0,,8.1125822,21.622
17,Indonesia,1979,-0.1676057,16.232765,0.038730487,12.002169,1.9900585,3.0202589,21.9638,36.974998,20.931,-0.15849575,-0.097888403,13.2325,40.948299,86.351082,24.660748,0.0,,16.232765,36.974998
17,Indonesia,1980,0.12360903,18.017,0.074311987,10.692288,0.56415963,2.9172177,17.2575,48.995998,22.085899,0.087909982,0.1543617,12.8675,0.63213271,102.05772,28.908283,0.0,,18.017,48.995998
17,Indonesia,1981,-0.30579627,12.244,0.084761456,10.908252,0.39713469,2.8846221,16.430099,26.344,24.440599,-0.17911854,-0.38161123,16.254999,0.75959802,101.66919,30.654837,0.0,,12.244,26.344
17,Indonesia,1982,-0.5560329,9.4809999,-0.0010435067,6.1010613,0.31887251,2.9019282,18.563499,14.072,18.811501,-0.53865075,-0.49056515,17.24,4.6954985,124.11795,36.749817,0.0,,9.4809999,14.072
17,Indonesia,1983,-0.37294468,11.787,-0.018035706,13.678715,-0.28547132,2.3981295,23.1409,32.16,18.2048,-0.35055265,-0.32158208,13.165,37.471466,103.87984,29.30341,0.0,,11.787,32.16
17,Indonesia,1984,-0.49161893,10.475,0.0018913669,6.9262171,-0.37064809,2.2854202,23.519899,22.645,16.139999,-0.34034479,-0.5955267,18.626671,12.832344,88.389366,22.250364,0.0,,10.475,22.645
17,Indonesia,1985,-0.62107646,4.7049999,-0.020335242,1.2295605,-0.25789139,2.1705995,27.9834,29.062,18.518,-0.43725502,-0.69023544,10.33417,8.2494822,92.283493,22.622005,0.0,,4.7049999,29.062
17,Indonesia,1986,-0.26471162,5.8210001,-0.0069569801,-2.7812493,-0.38867062,2.0097654,38.250599,19.476999,20.852699,-0.20067187,-0.25332394,,15.485612,91.707932,24.419601,0.0,,5.8210001,19.476999
17,Indonesia,1987,-0.3926315,9.25,-0.002990853,2.8807869,-0.46347982,1.7221876,49.726898,22.789,18.000999,-0.5045166,-0.28583834,14.515,28.169312,85.342255,19.993992,0.0,,9.25,22.789
17,Indonesia,1988,-0.58282691,8.0719995,0.0080671888,2.8606699,-0.12766546,1.5308411,45.5592,24.319,17.3314,-0.51246399,-0.56427318,14.9975,2.4227252,72.833328,15.718179,0.0,,8.0719995,24.319
17,Indonesia,1989,-0.40563944,6.4070001,0.048276588,4.3873959,-0.34556037,1.3891363,42.520699,38.167,16.471701,-0.40580302,-0.32547337,12.5675,4.4051256,81.248924,17.178162,0.0,,6.4070001,38.167
17,Indonesia,1990,-0.29650363,7.8000002,0.087205119,7.897965,0.83692396,1.4104929,45.741001,44.556999,15.8408,-0.46204221,-0.099130601,17.530834,4.1007428,100.47716,26.278833,0.0,,7.8000002,44.556999
17,Indonesia,1991,-0.41191998,9.4350004,0.092567325,9.5473833,0.69275445,1.3240641,40.276001,17.525999,15.0377,-0.26600835,-0.36352789,23.316668,6.1730022,115.19403,27.489992,0.0,,9.4350004,17.525999
17,Indonesia,1992,-0.39012295,7.546,0.15114805,11.836643,0.057566214,1.356876,42.709,19.622,16.8242,-0.49565729,-0.21330377,19.602501,4.4831533,75.940979,18.023273,0.0,,7.546,19.622
17,Indonesia,1993,-0.43442312,9.6639996,0.17420886,4.6357512,-0.15119204,1.2235578,37.498001,20.056999,14.093425,-0.44844791,-0.42837304,14.5475,2.7790182,86.624359,19.544537,0.0,,9.6639996,20.056999
17,Indonesia,1994,-0.31451842,8.5279999,0.20091046,5.6937037,0.14250456,1.2661556,36.570999,20.202,13.523808,-0.55230498,-0.065198965,12.533334,3.5323195,88.633369,20.101641,0.0,,8.5279999,20.202
17,Indonesia,1995,-0.32847822,9.415,0.23170494,7.4805021,-0.24451815,1.2263099,30.804001,27.524,11.907043,-0.64148533,-0.03512501,16.717501,3.9039385,75.088799,15.464534,0.0,,9.415,27.524
17,Indonesia,1996,-0.32782698,7.9809999,0.25738403,5.4921451,-0.15920462,1.2643925,23.923,27.080999,11.507988,-0.39351809,-0.18248841,17.255833,3.7226121,61.413044,12.351418,0.0,,7.9809999,27.080999
17,Indonesia,1997,-0.42655903,6.237,0.2531141,8.9276333,0.67316461,1.4977417,72.485001,25.254999,15.24951,-0.43634579,-0.35650104,20.014166,24.661331,39.673115,10.127284,0.0,,6.237,25.254999
17,Indonesia,1998,0.47835615,58.446999,0.057627384,48.826965,3.1779175,1.0191169,55.203999,62.763,15.078773,0.11302332,0.8555215,34.759167,78.861542,51.792046,13.534036,0.0,,58.446999,62.763
17,Indonesia,1999,0.83551306,20.469999,0.011192484,15.293147,0.51371914,0.81081265,45.208,12.233,15.140176,0.71774632,0.77787566,25.737499,-19.706533,58.142807,15.308743,0.0,,20.469999,12.233
17,Indonesia,2000,-0.031239856,3.688,0.0083416086,23.495167,0.32351223,0.68448377,87.436996,16.622999,15.302871,0.055679545,-0.033352498,12.503333,7.0269866,45.607391,10.547931,0.0,,3.688,16.622999
17,Indonesia,2001,0.78712249,11.466,-0.0015133732,21.561039,0.42421651,0.57279265,73.702003,11.871,19.508749,1.070635,0.65765941,15.481667,22.035601,111.46019,23.349791,0.0,,11.466,11.871
17,Indonesia,2002,1.1206524,11.908,-0.0076970314,10.557754,-0.22475167,0.70012021,32.223999,4.7579999,16.928898,1.5984151,0.98199493,15.5025,-9.1460285,111.12048,23.829948,0.0,,11.908,4.7579999
17,Indonesia,2003,1.3682361,6.7909999,-0.0071719135,4.8063159,-0.03547024,0.90928501,29.716999,7.9380002,18.176003,2.1887343,0.92444015,10.59,-7.9983907,135.32417,31.154636,0.0,,6.7909999,7.9380002
17,Indonesia,2004,0.70834559,6.0619998,-0.0081310347,10.663721,0.35128692,0.94571459,51.327999,9.1440001,17.833225,1.1674713,0.5786826,6.4433331,4.3788385,110.70305,23.015869,0.0,,6.0619998,9.1440001
17,Indonesia,2005,0.81306112,10.464,-0.0025539955,14.60397,1.1463664,0.7507894,42.612,16.334999,17.397795,1.0184478,0.63322324,8.0791664,8.6023102,83.537979,17.654457,0.0,,10.464,16.334999
17,Indonesia,2006,0.54806173,13.099,-0.00082249293,6.9870677,0.138769,0.65870279,35.848,14.943,18.416573,0.34950149,0.70903701,11.410833,-5.6033564,86.026413,20.381111,0.0,,13.099,14.943
17,Indonesia,2007,0.059783548,6.3189998,0.0084565422,4.8740058,0.33092248,0.71236193,38.120998,19.325001,18.734886,0.10504541,0.04220501,7.9758334,-0.3446326,84.868973,17.352423,0.0,,6.3189998,19.325001
17,Indonesia,2008,0.0088993814,9.8710003,0.014386429,8.3217945,1.3455844,0.57894582,34.224998,14.923,19.394001,-0.072744131,0.0047370326,8.4925003,5.9496055,71.192848,15.687652,0.0,,9.8710003,14.923
17,Indonesia,2009,0.25807974,4.8039999,0.0070065125,-5.0105743,-0.23295964,0.57113391,29.997,12.952,17.026653,0.46941286,0.080658846,9.2783337,7.3837461,69.581642,16.335579,0.0,,4.8039999,12.952
17,Indonesia,2010,0.033487741,5.1370001,0.014352913,-4.1040983,0.49101526,0.61758709,26.363001,15.402,16.886547,-0.098785266,0.047665108,7.0166669,-12.645199,73.838913,18.272989,0.0,,5.1370001,15.402
17,Indonesia,2011,-0.014782612,5.3449998,0.020564118,-0.90677595,0.23103377,0.65377671,23.106001,16.43,17.713701,-0.26123112,0.18428637,6.9299998,-3.3818793,75.721146,18.602009,0.0,,5.3449998,16.43
17,Indonesia,2012,-0.39149347,3.9790001,0.02490437,-1.7846087,0.086497016,0.71154946,22.955,14.955,18.835804,-0.44986504,-0.35750905,5.9466667,6.8641763,69.216782,17.833157,0.0,5.7958331,3.9790001,14.955
17,Indonesia,2013,-0.37270793,6.4099998,0.024761554,-3.0105953,0.0076479167,0.91876984,24.884001,12.78,19.081188,-0.41389096,-0.25934973,6.2624998,11.13649,70.025406,17.33511,0.0,6.9875002,6.4099998,12.78
17,Indonesia,2014,-0.099767812,6.3990002,0.019575384,-3.8467367,-0.30542016,0.77785516,24.645,11.88,18.364756,-0.019395413,-0.13426559,8.7566671,13.836527,80.853844,22.562012,0.0,8.1316671,6.3990002,11.88
17,Indonesia,2015,-0.32770866,6.3600001,0.013211581,-10.267035,-0.053341184,0.88226676,27.013,8.9969997,17.602161,-0.11778395,-0.43977079,8.3366671,12.988453,94.918381,24.897587,0.0,8.2216663,6.3600001,8.9969997
17,Indonesia,2016,0.00015410592,3.53,0.0083552143,-15.061485,-0.13317007,0.79222023,27.955,10.028,16.920494,0.2567721,-0.23569694,7.1658335,-0.77734178,84.358536,23.335602,0.0,7.6383333,3.53,10.028
17,Indonesia,2017,-0.10451469,3.8069999,0.0039047913,-13.404094,0.36478871,0.8651914,29.396,8.276,16.443623,-0.17492835,-0.020949904,6.5183334,0.59711647,86.290787,26.825895,0.0,6.8783336,3.8069999,8.276
17,Indonesia,2018,-0.18646404,3.2909999,0.00050785567,-9.9608526,0.4785381,0.71892822,30.423,6.29,16.611101,-0.13994336,-0.093866758,6.1291666,6.4386554,67.708572,22.232689,0.0,7.4575,3.2909999,6.29
17,Indonesia,2019,-0.081213608,2.822,-0.0044872835,-15.681771,0.6387592,0.72856373,30.563,6.54,16.358791,-0.021853793,-0.15287633,6.6883335,-0.68080086,69.926216,23.553362,0.0,7.4653001,2.822,6.54
17,Indonesia,2020,-0.38202247,2.0309999,-0.078933604,-20.611841,0.62964714,0.88627774,39.747002,12.534,18.426701,-0.41226724,-0.28979331,5.5041666,2.9509389,66.154915,18.842117,0.0,6.9048958,2.0309999,12.534
17,Indonesia,2021,-0.36985043,1.561,-0.095163189,-13.652064,2.9328885,0.74152583,41.139999,13.966,18.123703,-0.60029852,-0.14280763,3.6658332,-1.7555687,58.633369,17.764132,0.0,6.3629508,1.561,13.966
17,Indonesia,2022,1.2463417,4.1389999,-0.096921094,-8.6644459,4.8335047,0.76801258,40.140999,8.3549995,17.361322,0.49959716,1.9364499,3.21,3.8228087,112.93623,50.173061,0.0,6.9726534,4.1389999,8.3549995
17,Indonesia,2023,1.3177,3.7130001,-0.10256412,-13.064981,2.3760824,0.8211081,39.601002,3.5,16.652771,1.2084242,1.7485348,4.6374998,2.6240451,99.392548,39.244362,0.0,6.5999999,3.7130001,3.5
18,Israel,1900,-0.929322,,,,-0.53679562,,,,,-0.84280932,-0.91089231,,,72.415619,21.763119,0.0,,,
18,Israel,1901,-0.94396371,,,,-0.59796989,,,,,-0.87298775,-0.91505337,,,43.076683,12.161241,0.0,,,
18,Israel,1902,-0.94556487,,,,-0.59890848,,,,,-0.86583149,-0.92336351,,,43.4799,11.176395,0.0,,,
18,Israel,1903,-0.94499958,,,,-0.5708912,,,,,-0.84946185,-0.92935556,,,49.491287,13.492978,0.0,,,
18,Israel,1904,-0.95219934,,,,-0.55566782,,,,,-0.86381221,-0.93521827,,,76.692307,24.674421,0.0,,,
18,Israel,1905,-0.93838859,,,,-0.56754088,,,,,-0.83776224,-0.93526018,,,54.05724,16.135225,0.0,,,
18,Israel,1906,-0.9569996,,,,-0.54148167,,,,,-0.88134968,-0.92827219,,,40.733101,9.3100719,0.0,,,
18,Israel,1907,-0.94633281,,,,-0.61312813,,,,,-0.85893977,-0.93017584,,,34.413788,7.3281236,0.0,,,
18,Israel,1908,-0.94132596,,,,-0.5995298,,,,,-0.85796207,-0.9169035,,,32.829559,7.8041244,0.0,,,
18,Israel,1909,-0.94888145,,,,-0.54489535,,,,,-0.85693562,-0.93573362,,,30.923229,6.9520226,0.0,,,
18,Israel,1910,-0.95415735,,,,-0.60022295,,,,,-0.85872936,-0.9362222,,,30.885345,6.0850925,0.0,,,
18,Israel,1911,-0.94989699,,,,-0.56231111,,,,,-0.85836935,-0.93612415,,,52.696037,13.350391,0.0,,,
18,Israel,1912,-0.93208754,,,,-0.56083256,,,,,-0.84926641,-0.91616833,,,53.76284,13.106895,0.0,,,
18,Israel,1913,-0.96198004,,,,-0.5878917,,,,,-0.87345552,-0.94238311,,,49.213394,11.660633,0.0,,,
18,Israel,1914,-0.92939407,,,,-0.58756924,,,,,-0.82749867,-0.91723973,,,199.27412,68.063309,0.0,,,
18,Israel,1915,-0.86003762,,,,-0.60013211,,,,,-0.71997261,-0.89843017,,,269.59604,89.349228,0.0,,,
18,Israel,1916,-0.92045623,,,,-0.47862002,,,,,-0.8109349,-0.92959756,,,260.30356,77.04261,0.0,,,
18,Israel,1917,-0.70735127,,,,-0.42787501,,,,,-0.46600473,-0.86406642,,,296.97101,91.110878,0.0,,,
18,Israel,1918,-0.70531797,,,,-0.4039925,,,,,-0.41569006,-0.9077937,,,331.62021,104.79285,0.0,,,
18,Israel,1919,-0.90623933,,,,-0.54212016,,,,,-0.79456061,-0.90692604,,,166.6438,50.341347,0.0,,,
18,Israel,1920,-0.92494774,,,,-0.59838325,,,,,-0.81236547,-0.92829156,,,102.06319,26.731527,0.0,,,
18,Israel,1921,-0.94569677,,,,-0.56035203,,,,,-0.88134968,-0.91088665,,,72.843681,19.29405,0.0,,,
18,Israel,1922,-0.95477188,,,,-0.55401838,,,,,-0.87419522,-0.93069142,,,64.923538,14.987831,0.0,,,
18,Israel,1923,-0.92393166,,,,-0.5557853,,,,,-0.84520423,-0.90694237,,,58.87146,15.753289,0.0,,,
18,Israel,1924,-0.92500609,,,,-0.59308404,,,,,-0.842601,-0.91072208,,,49.706013,11.54298,0.0,,,
18,Israel,1925,-0.93902469,,,,-0.5775131,,,,,-0.83024228,-0.94238311,,,45.767529,11.62031,0.0,,,
18,Israel,1926,-0.95345742,,,,-0.53785044,,,,,-0.85741174,-0.93749326,,,37.680462,9.5129194,0.0,,,
18,Israel,1927,-0.93713242,,,,-0.59491748,,,,,-0.84854794,-0.92004824,,,45.88192,11.859468,0.0,,,
18,Israel,1928,-0.93295556,,,,-0.61312813,,,,,-0.82402819,-0.92535162,,,37.190571,9.0059061,0.0,,,
18,Israel,1929,-0.90003276,,,,-0.50805277,,,,,-0.80353123,-0.89151561,,,40.538773,10.658247,0.0,,,
18,Israel,1930,-0.94663674,,,,-0.53856367,,,,,-0.85507983,-0.92950428,,,42.976971,10.797559,0.0,,,
18,Israel,1931,-0.93920326,,,,-0.60422391,,,,,-0.86104119,-0.91749239,,,44.57341,11.324354,0.0,,,
18,Israel,1932,-0.93761784,,,,-0.57540822,,,,,-0.84909618,-0.92042154,,,59.718971,16.191299,0.0,,,
18,Israel,1933,-0.93287086,,,,-0.5463022,,,,,-0.85000372,-0.90396458,,,52.87656,13.806037,0.0,,,
18,Israel,1934,-0.94254053,,,,-0.54019123,,,,,-0.86157686,-0.91814893,,,52.097977,12.003239,0.0,,,
18,Israel,1935,-0.92033595,,,,-0.54812855,,,,,-0.84074318,-0.89676195,,,82.748703,24.650465,0.0,,,
18,Israel,1936,-0.78666699,,,,-0.43920854,,,,,-0.64778721,-0.83275139,,,91.402847,28.201605,0.0,,,
18,Israel,1937,-0.84802246,,,,-0.49835292,,,,,-0.73134643,-0.87053436,,,87.478371,28.336613,0.0,,,
18,Israel,1938,-0.73374707,,,,-0.48993114,,,,,-0.55457813,-0.79756939,,,102.05727,35.133087,0.0,,,
18,Israel,1939,-0.79922765,,,,-0.5625158,,,,,-0.70795679,-0.81398851,,,191.01532,69.624191,0.0,,,
18,Israel,1940,-0.87416548,,,,-0.51570988,,,,,-0.78455889,-0.87578404,,,200.07191,75.911247,0.0,,,
18,Israel,1941,-0.75984693,,,,-0.51257938,,,,,-0.58046967,-0.82616568,,,241.92404,82.193283,0.0,,,
18,Israel,1942,-0.88255823,,,,-0.31847507,,,,,-0.76193881,-0.91133845,,,306.14059,90.469917,0.0,,,
18,Israel,1943,-0.90313327,,,,-0.33733925,,,,,-0.79390651,-0.91686577,,,344.39383,103.27522,0.0,,,
18,Israel,1944,-0.87479043,,,,-0.47908044,,,,,-0.73799288,-0.91309941,,,376.73724,115.89545,0.0,,,
18,Israel,1945,-0.86659533,,,,-0.36589178,,,,,-0.7841506,-0.86863601,,,240.73561,76.000854,0.0,,,
18,Israel,1946,-0.46349108,5.8441558,,,0.33337393,,,,,-0.29525593,-0.55328625,,,122.23141,36.677887,0.0,,5.8441558,
18,Israel,1947,-0.28317356,1.2269939,,,0.072359942,,,,,-0.21156667,-0.33159101,,,99.266258,25.923336,0.0,,1.2269939,
18,Israel,1948,1.213562,24.848484,,,0.46113527,,,,,0.66108292,1.4098537,,,114.34803,30.943203,0.0,,24.848484,
18,Israel,1949,-0.41204438,2.912621,,2.4487426,-0.051184591,6.0194931,,43.39624,,-0.50202411,-0.37263811,,44.01281,83.723862,22.664789,0.0,,2.912621,43.39624
18,Israel,1950,-0.56465012,-8.0188675,-0.047243834,-3.4181035,-0.074088976,3.1539183,,38.815788,34.525612,-0.68964463,-0.44561255,,-19.706533,142.74683,42.666027,0.0,,-8.0188675,38.815788
18,Israel,1951,-0.50050837,9.7435904,0.015093067,-6.955811,0.089178681,2.2040784,,31.799999,32.616077,-0.58352625,-0.40518293,,0.0,154.43521,48.482948,0.0,,9.7435904,31.799999
18,Israel,1952,-0.80376554,47.63044,-0.078392051,-13.00282,-0.085149288,0.69175678,,10.3,32.698978,-0.79642409,-0.76196539,,0.0,105.07939,31.474354,0.0,,47.63044,10.3
18,Israel,1953,-0.56374717,28.128401,-0.16932486,-2.4702108,-0.35744205,1.6037352,,11.95,34.101154,-0.67217112,-0.4758268,,78.861542,101.92927,31.609175,0.0,,28.128401,11.95
18,Israel,1954,-0.59221774,12.314225,-0.071354799,9.3507757,-0.36407885,2.1319473,,24.700001,33.266548,-0.66608614,-0.50979215,,78.861542,91.05645,27.799826,0.0,,12.314225,24.700001
18,Israel,1955,-0.02889601,5.5954628,-0.028231716,4.0211143,-0.37563637,2.2869625,,20.4,34.651756,-0.18136649,0.064430669,,0.0,89.117783,25.698261,0.0,,5.5954628,20.4
18,Israel,1956,1.9180655,6.4446836,-0.034697283,1.1100192,0.76984882,3.7494206,,17.700001,42.510189,0.74473584,2.6386023,,0.0,101.25542,32.46595,0.0,,6.4446836,17.700001
18,Israel,1957,0.99959475,6.4917588,-0.049039703,2.1232736,0.17315224,4.3867364,,20.0,34.685734,-0.2259852,1.7027456,,0.00021827921,99.325577,30.320982,0.0,,6.4917588,20.0
18,Israel,1958,-0.37046772,3.4112442,-0.067256868,-1.5835776,-0.38456202,4.9590697,,15.1,33.38818,-0.58624095,-0.21899623,,0.0,115.22129,31.768265,0.0,,3.4112442,15.1
18,Israel,1959,-0.75400728,1.5179263,-0.022580862,-0.99668694,-0.43003428,4.715415,,12.8,31.266495,-0.78737283,-0.68322659,,0.0,82.10849,22.143929,0.0,,1.5179263,12.8
18,Israel,1960,-0.62387472,2.2281125,-0.032995734,-3.8469505,-0.38120353,7.4602485,,13.3,32.819038,-0.72844696,-0.51849806,,0.0,86.417786,23.17454,0.0,,2.2281125,13.3
18,Israel,1961,-0.76309663,6.7898235,-0.0090151224,-6.0802112,-0.42662731,7.8650165,54.4272,21.429001,34.620449,-0.7843504,-0.68596447,,0.0,126.08382,34.381748,0.0,,6.7898235,21.429001
18,Israel,1962,-0.7278108,9.4081945,-0.00049211649,0.79903036,-0.45733035,9.1607924,54.9272,35.293999,34.314075,-0.73177749,-0.67985094,,61.111107,124.72618,32.885639,0.0,,9.4081945,35.293999
18,Israel,1963,-0.56589907,6.5811372,0.015906835,1.4863871,-0.4354009,9.7535744,44.4272,17.391001,34.336407,-0.76630926,-0.39719588,,3.448282,117.54991,29.92415,0.0,,6.5811372,17.391001
18,Israel,1964,-0.69004512,5.1727505,0.029207323,-1.2860161,-0.19947763,8.9846268,36.527199,23.333,32.782948,-0.73580283,-0.6153416,,0.0,90.5354,25.115402,0.0,,5.1727505,23.333
18,Israel,1965,-0.62716889,7.7083335,0.045456123,-0.7948212,-0.25484487,8.5691538,32.9272,16.216,32.414402,-0.69429857,-0.53781533,,0.0,99.786484,27.658119,0.0,,7.7083335,16.216
18,Israel,1966,-0.48051313,7.9303675,-0.0090529211,-0.068985678,-0.091475971,9.4346733,36.027199,17.054001,33.140324,-0.56978852,-0.39150599,,0.0,90.635468,26.09762,0.0,,7.9303675,17.054001
18,Israel,1967,2.060864,1.7060932,-0.044596933,1.5898968,0.66091681,15.442514,41.127197,26.49,36.291462,1.6012185,2.1901894,,2.6666577,112.60692,32.490368,2.4171631,,1.7060932,26.49
18,Israel,1968,0.441865,2.079222,0.037878662,3.9392381,-0.24470039,17.428015,44.9272,21.466,46.699196,0.24006894,0.51755005,,13.636364,104.20105,26.34605,0.0,,2.079222,21.466
18,Israel,1969,1.3961346,2.4580543,0.092225417,2.5207596,-0.18164331,19.089317,50.527199,15.661,44.568409,1.4720271,1.0758049,,0.0,95.787491,24.536205,0.0,,2.4580543,15.661
18,Israel,1970,2.5111606,6.1107421,0.10150918,-0.47006202,0.18658081,23.447056,54.327202,19.875999,46.080898,2.3545496,2.2997735,,0.0,102.82236,26.281422,0.0,,6.1107421,19.875999
18,Israel,1971,0.5835833,11.972577,0.13626538,-0.61933231,0.022827985,22.799803,68.027199,33.264,42.686634,0.32858384,0.61446017,,8.2857199,87.422432,23.029495,0.0,,11.972577,33.264
18,Israel,1972,0.63352954,12.881461,0.18358244,-4.4742961,0.17042758,20.371019,63.9272,-8.6931934,38.558651,1.1320084,0.19183497,,10.290239,87.485275,22.424706,0.0,,12.881461,-8.6931934
18,Israel,1973,2.483876,20.032373,0.16465826,3.5060427,7.1421967,27.856092,62.139099,22.657,50.287842,2.6446521,2.2714252,,0.23922931,76.668312,21.439116,1.9563935,,20.032373,22.657
18,Israel,1974,2.0387499,39.679977,0.16766076,-0.73630625,4.019402,27.655287,79.758003,41.625999,50.706638,1.5231708,2.1636689,,6.2052565,70.567474,18.002525,0.0,,39.679977,41.625999
18,Israel,1975,1.5420066,39.306732,0.1449143,3.902653,1.0282695,30.463802,85.090302,37.101002,53.578793,1.1367697,1.6621974,,42.471905,79.141571,23.110714,0.0,,39.306732,37.101002
18,Israel,1976,1.050579,31.310867,0.10306411,3.994915,0.61883795,29.245594,97.414101,40.698002,49.130287,1.0896134,0.93206853,,25.078863,69.23243,19.032625,0.0,,31.310867,40.698002
18,Israel,1977,0.73905116,34.616714,0.048669074,6.4744821,0.60561961,23.087214,141.955,63.167,43.700199,0.45791951,0.79486644,,30.895334,68.475105,19.127808,0.0,,34.616714,63.167
18,Israel,1978,1.6746999,50.550953,0.042133968,21.403358,0.57806057,22.891134,133.55901,3.9089999,44.784279,1.7157547,1.3281679,,68.304436,81.370934,22.933094,0.0,,50.550953,3.9089999
18,Israel,1979,1.209399,78.310013,0.047893897,14.071544,3.165204,19.384693,155.511,57.731998,39.892231,1.1400143,1.0024823,,45.735546,86.351082,23.347994,0.0,,78.310013,57.731998
18,Israel,1980,1.0505685,115.97051,0.060161486,14.306035,1.1773729,18.919336,154.317,87.585121,42.620632,0.9473905,0.99313349,,78.861542,102.05772,27.729057,0.0,,,83.488998
18,Israel,1981,1.8388896,112.6079,0.06296555,13.172834,0.76566273,20.262268,189.69701,90.10482,43.793144,1.2254965,2.1282334,,78.861542,101.66919,28.924263,0.0,,,83.488998
18,Israel,1982,2.7446258,113.01067,0.035938472,2.6489387,0.55010855,18.38821,225.077,87.572601,39.89843,2.2827303,2.8089545,,78.861542,124.11795,34.41243,0.0,,,83.488998
18,Israel,1983,1.4746964,114.22152,0.023857165,-3.4746478,-0.022361126,15.546888,260.457,88.312347,36.399506,1.7693869,1.0878844,,78.861542,103.87984,27.798441,0.0,,,83.488998
18,Israel,1984,0.79239464,116.21465,-0.013462871,2.8560717,-0.015184768,16.182228,283.957,89.547409,37.973907,1.3484474,0.23498107,34.759167,78.861542,88.389366,21.168835,0.0,,,83.488998
18,Israel,1985,1.452505,115.91072,-0.02494093,7.9010959,-0.133834,16.600643,198.987,87.944008,38.791931,2.3781202,0.75467342,34.759167,78.861542,92.283493,21.104027,0.0,,,83.488998
18,Israel,1986,1.0171437,48.154999,-0.022560885,-1.7695718,-0.0068034343,14.767713,162.467,20.750999,33.400536,1.5979078,0.69904625,19.860001,26.24457,91.707932,23.219183,0.0,,48.154999,20.750999
18,Israel,1987,0.34420699,19.853001,0.0038052886,0.68307304,-0.1384605,16.900145,143.22701,27.238001,36.948231,0.40524814,0.25510457,19.969999,7.1490355,85.342255,19.210011,0.0,,19.853001,27.238001
18,Israel,1988,0.63684052,16.231001,-0.018801834,-8.337985,0.13666807,15.947095,145.35699,22.250999,35.00864,1.2520702,-0.021094337,16.01,0.30484006,72.833328,14.726154,0.0,,16.231001,22.250999
18,Israel,1989,0.50239128,20.249001,-0.051834263,-5.8927317,0.022506332,12.445733,147.411,21.068001,32.629021,0.93186671,0.092779264,12.9,19.914104,81.248924,16.291569,0.0,,20.249001,21.068001
18,Israel,1990,1.1628609,17.173,-0.039892577,-8.0601702,0.71652442,12.362686,132.119,19.423,30.978363,0.65299624,1.5270082,15.08,5.1243997,100.47716,24.981718,0.0,,17.173,19.423
18,Israel,1991,1.541988,19.006001,-0.059283596,-13.368303,0.69416171,15.586983,117.728,17.726,29.676638,1.841361,1.4193876,14.5,13.152443,115.19403,25.937704,0.0,,19.006001,17.726
18,Israel,1992,-0.012782819,11.948,-0.052822623,-14.272125,-0.072554857,10.925077,114.123,26.468,28.523823,-0.029092424,-0.05349154,11.870241,7.8246837,75.940979,17.467924,0.0,,11.948,26.468
18,Israel,1993,0.071434528,10.944,-0.076961935,-9.2216454,-0.27874586,11.523244,111.866,21.966,28.239845,0.12208715,-0.02696833,11.092457,15.165992,86.624359,18.93046,0.0,,10.944,21.966
18,Israel,1994,0.0023329461,12.342,-0.068687983,-9.4678583,-0.27896166,10.119966,103.502,24.593,26.599888,0.21757066,-0.16691408,12.803449,6.3188667,88.633369,19.54491,0.0,,12.342,24.593
18,Israel,1995,-0.086466014,10.043,-0.034297388,-9.8507614,-0.35532331,7.5279565,99.286003,21.674,24.112051,-0.036719278,-0.13981047,14.365,-0.0087324288,75.088799,14.963078,0.0,,10.043,21.674
18,Israel,1996,0.15866502,11.277,-0.028690808,-11.056358,-0.22663817,7.3791771,98.174004,24.985001,22.440447,0.38232157,-0.029453943,15.336358,5.8639698,61.413044,11.693229,0.0,,11.277,24.985001
18,Israel,1997,-0.1295386,9.0010004,-0.037545003,-11.531649,-0.33453676,7.1795216,93.413002,14.954,23.415808,-0.017211681,-0.2097362,13.388342,8.2363434,39.673115,9.6426268,0.0,4.0650001,9.0010004,14.954
18,Israel,1998,-0.018187607,5.4349999,-0.044447716,-12.069633,-0.110429,6.7135997,94.447998,19.653,24.11446,-0.08379712,0.062122218,11.332483,10.185849,51.792046,13.077362,0.0,4.9250002,5.4349999,19.653
18,Israel,1999,-0.32677716,5.1939998,-0.056480937,-4.0723119,-0.19979349,6.3023133,88.242996,15.539,24.883451,-0.22918448,-0.40593231,11.411892,8.9565344,58.142807,15.088623,0.0,5.1991668,5.1939998,15.539
18,Israel,2000,-0.060997922,1.125,-0.017595788,-0.26767933,0.020804115,6.1000199,77.146004,8.0209999,23.788818,0.16516382,-0.14768925,8.8071165,-1.5531143,45.607391,10.062771,0.0,5.4758334,1.125,8.0209999
18,Israel,2001,0.95165527,1.1160001,-0.058338366,-6.2407427,-0.035133146,6.2999325,81.046997,8.6099997,24.968451,1.6998889,0.51506197,6.5029249,3.1438322,111.46019,22.306583,0.0,6.4264803,1.1160001,8.6099997
18,Israel,2002,1.5386424,5.6869998,-0.097859025,-2.6394973,0.010754484,6.3679595,87.127998,11.045,26.545074,2.2721972,0.98577178,7.3818583,12.61873,111.12048,22.447826,0.0,9.2330875,5.6869998,11.045
18,Israel,2003,1.250712,0.67000002,-0.12390305,-0.92194295,-0.14665742,6.2528658,89.542,-0.067000002,25.439457,2.0337763,0.78441471,6.9974751,-4.0602846,135.32417,29.983841,0.0,8.884284,0.67000002,-0.067000002
18,Israel,2004,0.49243575,-0.414,-0.11119473,7.5119109,-0.35208049,6.1394072,88.181999,7.2309999,23.662762,0.88920498,0.15204248,4.7832499,-1.4106441,110.70305,22.257776,0.0,7.5616665,-0.414,7.2309999
18,Israel,2005,0.19284791,1.329,-0.10583659,11.242074,-0.26444682,6.0511599,85.175003,10.032,23.18771,0.40159634,-0.0458312,4.3402085,0.21863906,83.537979,17.099483,0.0,6.3616667,1.329,10.032
18,Israel,2006,1.1551487,2.1070001,-0.081619754,11.768546,0.12379653,5.8558726,77.473999,6.9450002,23.025108,1.1328163,1.0996258,5.543395,-0.720846,86.026413,19.181522,0.0,6.3141665,2.1070001,6.9450002
18,Israel,2007,0.26144829,0.51599997,-0.049953982,12.622326,-0.13473116,6.1623297,70.685997,-8.6931934,22.971838,0.044957019,0.43871212,4.333375,-7.8001528,84.868973,16.67098,0.0,5.5541668,0.51599997,-8.6931934
18,Israel,2008,0.37720668,4.5939999,-0.047175217,9.6544104,0.48703355,6.2395115,70.150002,12.519,23.44837,0.03873077,0.60843998,3.9031558,-12.787443,71.192848,14.926583,0.0,5.9233332,4.5939999,12.519
18,Israel,2009,0.54643095,3.3169999,-0.069223195,-3.5261946,0.17030515,5.9766488,72.468002,5.789,22.945539,0.20311265,0.75555873,1.3899812,9.5516949,69.581642,15.493582,0.0,5.0633335,3.3169999,5.789
18,Israel,2010,0.7424345,2.694,-0.043351632,0.99150985,-0.054620039,5.7890754,68.940002,3.1329999,23.204546,0.0099548129,1.1949356,1.6421912,-4.9334221,73.838913,17.280991,0.0,4.6841664,2.694,3.1329999
18,Israel,2011,0.45811242,3.45,-0.017120747,4.8645101,0.10672676,5.6323638,67.098,11.556,23.736326,0.070480369,0.72260803,2.799283,-4.1239343,75.721146,17.786591,0.0,4.98,3.45,11.556
18,Israel,2012,1.165518,1.7079999,-0.019691516,6.5538239,0.027671486,5.5102205,66.788002,6.3010001,23.098944,0.23852925,1.7645993,2.251945,7.7765908,69.216782,16.523928,0.0,4.3991666,1.7079999,6.3010001
18,Israel,2013,0.80849284,1.526,-0.0058736061,1.3924509,-0.013472041,5.4437346,65.93,8.5270004,22.628704,0.12155481,1.1903793,1.3200394,-6.3924623,70.025406,16.256321,0.0,3.7958333,1.526,8.5270004
18,Israel,2014,0.34718582,0.47600001,0.0051474413,-0.32262278,-0.15105239,5.6305747,64.723999,11.825,22.905283,0.17628503,0.48856011,0.54653466,-0.92897666,80.853844,21.808233,0.0,2.8858333,0.47600001,11.825
18,Israel,2015,0.9641493,-0.63200003,0.001338163,-2.3953905,0.063480541,5.4229746,63.029999,4.2160001,22.632013,0.29230759,1.3812939,0.12302492,8.6438303,94.918381,23.724161,0.0,2.0699999,-0.63200003,4.2160001
18,Israel,2016,-0.27515921,-0.54500002,0.019961476,-2.7158477,-0.11124977,5.4174876,61.564999,5.757,22.382847,-0.15321143,-0.3474322,0.10643192,-1.2249546,84.358536,22.990877,0.0,1.8791667,-0.54500002,5.757
18,Israel,2017,0.18266188,0.242,0.038440093,-3.4200001,-0.29833207,5.4268274,59.641998,5.2059999,23.043688,-0.013121548,0.32166761,0.115293,-6.246623,86.290787,26.176838,0.0,1.9091667,0.242,5.2059999
18,Israel,2018,0.5331645,0.80699998,0.054467078,-0.1048438,0.17762887,5.288197,59.948002,4.2069998,24.197241,0.056690842,0.99429417,0.13857809,-0.12019202,67.708572,21.350439,0.0,1.9941666,0.80699998,4.2069998
18,Israel,2019,0.15756206,0.84200001,0.068565525,-1.63638,-0.13552669,5.0721273,59.091999,7.5159998,24.491634,-0.11840882,0.37523153,0.23351733,-0.87301606,69.926216,22.922915,0.0,1.4683334,0.84200001,7.5159998
18,Israel,2020,-0.10465533,-0.58700001,0.027981497,-5.8006115,0.53355086,5.2762642,71.106003,22.084,30.781635,-0.42655817,0.15840434,0.085000001,-3.4663391,66.154915,18.346426,0.0,0.77749997,-0.58700001,22.084
18,Israel,2021,0.14483376,1.492,0.099092551,-1.1755342,1.5225188,4.9349461,67.800003,15.499,25.985636,-0.27500036,0.46495086,-0.0083333338,-6.1216669,58.633369,17.110182,0.0,1.1166667,1.492,15.499
18,Israel,2022,0.15466733,4.395,0.13909501,5.5638494,1.8283141,4.433012,60.470001,5.803,22.881636,0.030589731,0.41638705,1.0325,4.0890846,112.93623,49.690014,0.0,2.6191666,4.395,5.803
18,Israel,2023,2.6761792,4.2080002,0.12678774,3.941541,4.07619,5.3848,61.613998,4.6409998,25.383636,3.7997739,2.1748066,4.3724999,9.7453375,99.392548,37.156185,2.5288923,3.8683333,4.2080002,4.6409998
19,Italy,1900,-0.37665591,0.45525131,0.11130594,-5.7590275,-0.57317919,2.951437,107.55503,2.2516725,13.022256,-0.25639671,-0.56828189,3.0447488,,72.415619,21.372854,0.0,5.0511079,0.45525131,2.2516725
19,Italy,1901,-0.49004453,0.11362735,0.10351409,-5.3900518,-0.46848416,2.7039788,104.36478,3.9908681,12.704878,-0.39626038,-0.58015984,2.6221461,-2.1937854,43.076683,11.902672,0.0,4.8888421,0.11362735,3.9908681
19,Italy,1902,-0.46346533,-0.67967057,0.098094307,-3.8636396,-0.51519281,2.7510169,103.50334,3.0963326,13.324107,-0.36962977,-0.51983428,2.4166667,-2.9906502,43.4799,10.883737,0.0,4.6878672,-0.67967057,3.0963326
19,Italy,1903,-0.28470147,2.9649513,0.087854698,-2.7715576,-0.45302087,2.6191688,99.627144,6.7218928,12.631278,-0.32465261,-0.088965744,2.4166667,-1.15607,49.491287,12.978289,0.0,4.8057752,2.9649513,6.7218928
19,Italy,1904,-0.35483205,1.2178178,0.085425489,-2.4622803,-0.4937678,2.6952085,99.341545,6.8824987,12.790071,-0.25227731,-0.47172374,2.3634703,0.0,76.692307,24.242374,0.0,4.8837919,1.2178178,6.8824987
19,Italy,1905,-0.42833763,0.10964912,0.082456067,-0.52100539,-0.69154918,2.6035712,95.569748,9.5212126,15.165752,-0.34923315,-0.46154097,2.3333333,-0.38986084,54.05724,15.803456,0.0,4.8748002,0.10964912,9.5212126
19,Italy,1906,-0.51119035,1.8577482,0.088901363,1.4851459,-0.40186009,2.6096513,87.573273,2.5357096,13.734754,-0.39526179,-0.63240725,2.3333333,0.9784711,40.733101,9.0694714,0.0,4.9252,1.8577482,2.5357096
19,Italy,1907,-0.52771586,4.7209601,0.086068407,2.2853854,-0.44805577,2.4309373,82.741753,10.028672,11.774583,-0.38696274,-0.69043857,2.3333333,0.19380146,34.413788,7.1149049,0.0,4.9515748,4.7209601,10.028672
19,Italy,1908,-0.53044039,-1.0244491,0.081136696,0.92292202,-0.79917067,2.7983246,84.763649,5.228725,13.99996,-0.42417985,-0.62758923,2.3333333,-1.1605421,32.829559,7.5974979,0.0,4.9526,-1.0244491,5.228725
19,Italy,1909,-0.535927,-2.7951248,0.070794359,2.1407425,-0.71807057,2.7767847,82.891449,6.0285158,13.171318,-0.40722188,-0.66816539,2.3333333,0.39138669,30.923229,6.7473884,0.0,4.9609919,-2.7951248,6.0285158
19,Italy,1910,-0.55896354,2.7691824,0.05026444,3.3300612,-0.6774345,3.1795733,81.358078,5.8597274,14.381311,-0.42949027,-0.72161961,2.3333333,0.77973044,30.885345,5.9057426,0.0,4.9949918,2.7691824,5.8597274
19,Italy,1911,-0.1590355,2.4868572,0.042452052,2.0259142,-0.67420501,3.8347127,73.622559,5.6084132,14.030602,-0.16672692,-0.014404268,2.3333333,0.19341788,52.696037,12.676234,0.0,5.0209298,2.4868572,5.6084132
19,Italy,1912,-0.21418369,0.91004068,0.047324296,3.2634256,-0.31110942,4.8717999,72.103195,1.7291067,14.398599,-0.18145822,-0.19666255,2.6979451,0.57915092,53.76284,12.512737,0.0,5.02388,0.91004068,1.7291067
19,Italy,1913,-0.46349874,0.20045072,0.062473137,2.8332577,-0.71332878,4.8356767,71.367287,5.1697536,13.584449,-0.37223482,-0.53007627,2.75,0.76775759,49.213394,11.357515,0.0,5.0544128,0.20045072,5.1697536
19,Italy,1914,0.88976198,0.0,0.12795386,-0.18028447,-0.34816855,2.2057493,80.356148,7.2760577,24.574488,0.8553195,1.0098239,2.75,-0.38094971,199.27412,66.097504,0.0,3.825,0.0,7.2760577
19,Italy,1915,2.7036431,6.9997978,0.11264887,5.9251747,0.66707629,2.7374783,91.426651,15.285665,38.856731,2.8457208,1.6909262,2.75,15.869977,269.59604,85.171219,0.0,5.224,6.9997978,15.285665
19,Italy,1916,1.974787,25.140493,0.19889712,9.4466333,0.54903698,3.3614256,81.045647,24.959791,41.358395,2.2691956,0.44592175,3.3366666,8.4158382,260.30356,73.732697,0.0,5.5999999,25.140493,24.959791
19,Italy,1917,2.8446605,41.448536,0.24254122,11.197858,1.8159515,3.4800434,94.796883,35.12241,42.226784,3.0937538,1.1140107,4.1633334,12.785388,296.97101,86.85511,0.0,6.3060002,41.448536,35.12241
19,Italy,1918,3.0023487,39.440464,0.31809744,4.9852881,2.011306,3.3953648,93.809563,37.258091,37.901802,3.3045998,0.94864094,4.5333333,5.9379292,331.62021,100.34221,0.0,4.9299998,39.440464,37.258091
19,Italy,1919,1.1373626,1.5145142,0.15520202,7.2984796,1.529846,3.7559342,134.7639,40.805019,26.223904,0.65049553,2.0119755,4.5633335,11.592353,166.6438,48.082325,0.0,5.3299999,1.5145142,40.805019
19,Italy,1920,0.27285331,31.406218,0.024263998,13.750171,0.90232456,6.4965882,154.10532,21.927073,19.45233,0.0960287,0.63215578,5.2199998,78.861542,102.06319,25.536036,0.0,6.3800001,31.406218,21.927073
19,Italy,1921,0.015077569,18.308256,0.013906228,5.5801973,-0.37532267,11.877847,153.57143,-2.5163419,22.621666,-0.10492439,0.24288228,5.5833335,11.5894,72.843681,18.405973,0.0,6.6199999,18.308256,-2.5163419
19,Italy,1922,-0.099601157,-0.59981805,0.036570907,0.34712321,-0.058404513,7.6361718,143.37198,1.0902262,34.202984,-0.20794886,0.16837081,4.8566666,-10.1738,64.923538,14.236616,0.0,6.3699999,-0.59981805,1.0902262
19,Italy,1923,-0.079422839,-0.57924759,0.019602356,1.1252449,0.27371368,3.5159731,144.14348,14.316283,23.717068,-0.23503892,0.27632958,4.6666665,2.6899431,58.87146,14.996699,0.0,6.4699998,-0.57924759,14.316283
19,Italy,1924,-0.36356843,3.5202541,-0.011277635,5.8288212,-0.36006507,3.349189,147.728,12.570494,15.291317,-0.34152099,-0.31267968,4.2766666,5.6985354,49.706013,11.139195,0.0,5.27,3.5202541,12.570494
19,Italy,1925,-0.33763516,12.335908,0.010481665,7.4153113,-0.45761701,2.6841438,107.48975,7.3565936,11.861329,-0.2898781,-0.32417658,4.6366668,9.0869522,45.767529,11.175295,0.0,5.4899998,12.335908,7.3565936
19,Italy,1926,-0.31209755,7.8705363,-0.013197756,6.0791936,-0.36843836,2.804122,91.591866,10.885417,12.289987,-0.33475664,-0.20346165,4.8033333,2.5109601,37.680462,9.0269022,0.0,5.8299999,7.8705363,10.885417
19,Italy,1927,-0.341968,-8.5736341,-0.030739285,4.1445894,-0.69906217,4.1344671,103.68835,2.4917746,14.761419,-0.32368276,-0.28331453,4.6666665,-19.706533,45.88192,11.421053,0.0,6.4899998,-8.5736341,2.4917746
19,Italy,1928,-0.43317798,-7.3243175,0.0018116902,4.2955737,-0.62414646,3.5087311,100.64485,3.7478106,15.625154,-0.3492792,-0.48390946,4.6666665,-3.5007563,37.190571,8.6836348,0.0,6.1900001,-7.3243175,3.7478106
19,Italy,1929,-0.40322992,1.5989473,0.0050417553,3.7767367,-0.58985788,3.5704567,98.933563,1.280386,13.28032,-0.36503637,-0.36293417,4.6666665,0.36803463,40.538773,10.319777,0.0,6.5,1.5989473,1.280386
19,Italy,1930,-0.2917012,-3.1700108,-0.075350352,1.7452826,-0.6435709,4.0664496,112.54738,0.29442388,14.656973,-0.34286326,-0.090889513,4.6666665,0.0,42.976971,10.29053,0.0,6.4299998,-3.1700108,0.29442388
19,Italy,1931,-0.33210546,-9.6586685,-0.089395054,-1.9711655,-0.57323086,5.1639953,109.30516,-1.9413975,17.094868,-0.34201804,-0.22101602,4.6666665,0.36668509,44.57341,10.872346,0.0,6.5900002,-9.6586685,-1.9413975
19,Italy,1932,-0.28497127,-2.6214881,-0.076141976,-7.3089366,-0.73458838,5.1598306,89.531525,-2.7426944,17.484396,-0.3008675,-0.19869545,4.6666665,1.6179557,59.718971,15.681668,0.0,6.2800002,-2.6214881,-2.7426944
19,Italy,1933,-0.25267455,-5.911788,-0.10794567,-6.3757491,-0.75444692,5.312377,100.09904,2.8231802,19.947136,-0.3606396,0.043668974,4.6666665,-19.706533,52.87656,13.259263,0.0,6.0799999,-5.911788,2.8231802
19,Italy,1934,-0.18273231,-5.161377,-0.12365369,-8.0216694,-0.51036257,5.33287,104.92893,-1.5390514,18.166252,-0.29875231,0.16656214,4.6666665,-19.706533,52.097977,11.363267,0.0,5.6799998,-5.161377,-1.5390514
19,Italy,1935,2.2839587,1.4197084,-0.071308404,-9.4228296,-0.041752636,5.5580254,95.755554,0.43980145,25.33926,0.60260916,5.7545142,4.75,3.6783609,82.748703,20.956001,2.4950857,5.77,1.4197084,0.43980145
19,Italy,1936,1.3755825,7.5532398,-0.072236285,-10.97972,0.11822997,13.249216,100.43105,9.4727488,25.756634,0.38882905,3.3903561,4.6666665,16.831684,91.402847,25.722715,0.0,5.9000001,7.5532398,9.4727488
19,Italy,1937,0.90696871,9.4631157,-0.055768624,-4.2055726,0.042045254,16.653658,83.927139,-6.8093944,22.241453,0.5622226,1.74314,4.6666665,34.180786,87.478371,26.401455,0.0,5.75,9.4631157,-6.8093944
19,Italy,1938,1.1605028,7.6789627,-0.076926224,-7.2196355,-0.00018831393,9.2713985,82.364601,9.6993113,21.25878,0.51339495,2.4253633,4.6666665,0.0,102.05727,32.955616,0.0,5.4499998,7.6789627,9.6993113
19,Italy,1939,2.0968139,4.4168701,-0.043334298,-8.2893286,0.67963511,7.6205211,80.655083,13.162654,25.434908,1.1175407,4.2473626,4.3899999,1.2105309,191.01532,66.240021,0.0,5.7399998,4.4168701,13.162654
19,Italy,1940,3.1756186,16.699686,-0.10105617,-7.9305544,1.7972162,6.1645555,82.938049,21.942808,39.45319,2.6176856,3.8463688,4.3899999,2.964113,200.07191,71.137039,1.4806898,5.6599998,16.699686,21.942808
19,Italy,1941,3.1129329,15.707039,-0.14929798,-8.86833,2.170464,4.6824651,98.560646,35.457619,40.883877,3.1166105,1.9058077,4.3899999,-2.1717191,241.92404,77.57019,0.0,5.6100001,15.707039,35.457619
19,Italy,1942,2.0274715,15.581649,-0.17405577,-9.2195311,3.1607809,3.3082788,109.8052,33.94603,41.875042,2.4101257,0.08999633,4.138,-1.8585452,306.14059,87.118698,0.0,5.6700001,15.581649,33.94603
19,Italy,1943,4.4769993,67.701866,-0.25695401,-16.361015,4.1322775,,108.81,50.887596,26.278248,5.0849972,0.99948227,4.2179999,-0.05259997,344.39383,96.863495,1.6614009,8.2200003,67.701866,50.887596
19,Italy,1944,4.1441555,116.09655,-0.44467536,-16.80872,3.1719577,,84.634827,69.549553,44.139336,4.8217444,0.48376513,4.2360001,78.861542,376.73724,109.91594,0.0,6.5900002,,69.549553
19,Italy,1945,1.0372405,96.954102,-0.71626967,-15.799332,2.7142313,,66.038643,40.430305,28.357462,1.1847321,0.37735188,3.848,57.306896,240.73561,73.891754,0.0,5.9499998,96.954102,40.430305
19,Italy,1946,0.16783114,18.018864,-0.51507223,-15.110953,2.6987753,1.6178195,38.631016,52.643608,22.914097,-0.052036747,0.61652559,3.848,78.861542,122.23141,35.908234,0.0,4.2049999,18.018864,52.643608
19,Italy,1947,-0.090234481,62.061207,-0.40863165,-9.1598082,3.0349746,1.3920543,24.570402,46.928223,18.531042,-0.15195294,0.052993886,3.9979999,33.622742,99.266258,25.590075,0.0,4.6669998,62.061207,46.928223
19,Italy,1948,-0.070923433,5.8800664,-0.37799832,9.2008581,0.7164399,3.4169056,27.707066,39.173264,17.386368,-0.2656067,0.37340793,4.3899999,78.861542,114.34803,31.543343,0.0,6.5599999,5.8800664,39.173264
19,Italy,1949,-0.28268108,0.69657618,-0.37503082,12.815701,0.037118413,3.6095994,30.711063,23.59322,17.491331,-0.32343858,-0.14182661,3.9920001,2.8138897,83.723862,22.488504,0.0,5.6500001,0.69657618,23.59322
19,Italy,1950,-0.27395096,-0.69175756,-0.34285077,-4.3347254,0.096525513,3.773123,30.193357,15.002743,17.884277,-0.31098148,-0.095401287,3.848,5.719101,142.74683,42.381264,0.0,5.73,-0.69175756,15.002743
19,Italy,1951,-0.14294305,14.285714,-0.31014165,-0.20156169,0.62375051,3.7770898,29.962214,16.479847,19.665262,-0.28948379,0.23873687,3.848,0.0624993,154.43521,48.076237,0.0,6.1100001,14.285714,16.479847
19,Italy,1952,-0.33816135,1.8595041,-0.28992489,-1.9833666,-0.035735447,3.9941208,31.770002,17.895168,20.784885,-0.33520356,-0.25574544,3.5020001,0.0,105.07939,31.116514,0.0,5.9000001,1.8595041,17.895168
19,Italy,1953,-0.3062728,1.4198782,-0.25636858,-2.4033821,-0.43598679,3.3275571,32.45557,15.335186,17.273432,-0.34274217,-0.17715491,3.312,0.0,101.92927,31.3652,0.0,6.0599999,1.4198782,15.335186
19,Italy,1954,-0.3183853,3.125,-0.23995116,-3.4165163,-0.49784696,3.5321934,33.965076,10.525523,17.165258,-0.38652411,-0.11187346,3.312,0.0,91.05645,27.552708,0.0,6.0599999,3.125,10.525523
19,Italy,1955,-0.46280968,3.030303,-0.21045502,-3.4044089,-0.39727443,3.2516789,33.818153,13.065395,17.79339,-0.40213674,-0.4680208,4.1700001,0.73716038,89.117783,25.991158,0.0,6.5999999,3.030303,13.065395
19,Italy,1956,-0.30014175,3.3827131,-0.19587693,-2.2135892,0.017030219,3.1661961,32.726936,11.350765,16.874069,-0.33810574,-0.16794504,4.1700001,-0.15714809,101.25542,33.801903,0.0,6.2399998,3.3827131,11.350765
19,Italy,1957,-0.34666458,1.3180054,-0.1721652,-0.14740711,-0.14254518,3.0858738,31.993612,9.8041334,16.788151,-0.38287699,-0.18185054,4.1700001,-0.2014489,99.325577,31.127289,0.0,7.3400002,1.3180054,9.8041334
19,Italy,1958,-0.37398565,2.8588731,-0.15382573,-3.0710516,-0.68183517,3.0421336,31.771458,13.373411,17.186996,-0.37900534,-0.24856937,3.6300001,-0.51327139,115.22129,31.732164,0.0,5.6799998,2.8588731,13.373411
19,Italy,1959,-0.36438143,-0.50735462,-0.12295111,-3.1062512,-0.53206778,2.9538941,32.797611,13.78651,18.893139,-0.40234536,-0.22580928,3.6300001,-0.54415584,82.10849,21.850538,0.0,5.3699999,-0.50735462,13.78651
19,Italy,1960,-0.38265368,2.3501613,-0.086503409,0.64563328,-0.55286413,2.7138259,31.205364,13.262033,17.074474,-0.42412037,-0.19908836,3.6300001,-0.013098472,86.417786,22.987123,0.0,5.3000002,2.3501613,13.262033
19,Italy,1961,-0.31968319,2.0506973,-0.043735426,0.43501794,-0.51742339,2.573869,29.492218,16.127073,17.869474,-0.3724072,-0.11513674,3.6300001,0.032448299,126.08382,34.026939,0.0,4.9299998,2.0506973,16.127073
19,Italy,1962,-0.25537115,4.6911435,-0.01509203,0.45718095,-0.31938803,2.6338384,28.448675,17.569843,18.13582,-0.36577007,0.02093254,3.52,-0.029314825,124.72618,32.473392,0.0,4.8800001,4.6911435,17.569843
19,Italy,1963,-0.12956738,7.4547181,0.0073971106,0.57666236,-0.26973146,2.753438,26.580297,14.524257,17.258837,-0.38979819,0.41572168,3.6300001,0.1322715,117.54991,29.458967,0.0,5.6199999,7.4547181,14.524257
19,Italy,1964,-0.35435414,5.9123225,0.004394582,-0.9776541,-0.15943547,2.727356,26.467478,8.0536623,18.86105,-0.37981102,-0.22700521,3.6300001,0.45330912,90.5354,24.850452,0.0,5.6199999,5.9123225,8.0536623
19,Italy,1965,-0.38623029,4.5192685,0.0014960495,-0.55690366,-0.2336918,2.7475801,27.546236,16.312029,19.2512,-0.40220785,-0.25878823,3.6300001,0.065745719,99.786484,27.473045,0.0,5.4200001,4.5192685,16.312029
19,Italy,1966,-0.43587139,2.3465889,0.030419767,0.13692161,-0.17372601,2.9887199,32.215462,12.229278,19.765259,-0.40513858,-0.39456764,3.52,-0.059504516,90.635468,26.068115,0.0,5.6100001,2.3465889,12.229278
19,Italy,1967,-0.26869178,3.7333384,0.059288453,-0.4829092,-0.34781462,2.7677469,31.797009,13.208759,18.557749,-0.30460605,-0.1245958,3.6300001,-0.060787678,112.60692,33.878544,0.0,5.6100001,3.7333384,13.208759
19,Italy,1968,-0.39274347,1.2773134,0.099832542,-0.40476319,-0.5982669,2.6489615,34.198364,11.343437,21.595469,-0.38073242,-0.33522999,3.6300001,-0.11854195,104.20105,26.852915,0.0,5.6199999,1.2773134,11.343437
19,Italy,1969,-0.435682,2.6572528,0.12831388,1.043555,-0.52897084,2.4224007,34.815239,11.595012,23.115263,-0.37891558,-0.47217062,4.9899998,0.63255125,95.787491,25.706913,0.0,6.3299999,2.6572528,11.595012
19,Italy,1970,-0.41227406,4.9683199,0.14847733,1.5015873,-0.41373023,2.0582101,35.728825,14.108055,20.872173,-0.33439574,-0.47178668,6.9499998,-0.037971951,102.82236,28.136263,0.0,7.9400001,4.9683199,14.108055
19,Italy,1971,-0.47302839,4.7916646,0.13675949,1.3827147,-0.46250659,2.238971,40.387466,17.407209,23.536196,-0.40462714,-0.49127147,5.7575002,-1.3712833,87.422432,23.726892,0.0,6.7600002,4.7916646,17.407209
19,Italy,1972,-0.48526204,5.7495041,0.13954446,2.3808389,-0.46684706,2.391176,45.913834,22.721519,23.315828,-0.35873875,-0.59950358,5.5,-5.6017766,87.485275,23.169273,0.0,6.5999999,5.7495041,22.721519
19,Italy,1973,-0.43267402,10.798617,0.18310596,4.1799598,1.4656262,2.1958175,48.755959,19.129606,24.063375,-0.32396305,-0.54643816,7.3000002,-0.22092527,76.668312,23.301882,0.0,6.8000002,10.798617,19.129606
19,Italy,1974,-0.43116227,19.159769,0.19452582,10.455076,2.6286838,2.0706267,48.330875,15.862444,23.602629,-0.37470022,-0.45757529,11.6,11.770336,70.567474,19.578676,0.0,9.1000004,19.159769,15.862444
19,Italy,1975,-0.40323347,16.950502,0.13599038,6.6011887,0.22007351,1.9752321,54.528435,24.640486,27.969234,-0.37191451,-0.35107395,13.2,0.40809166,79.141571,24.334362,0.0,10.1,16.950502,24.640486
19,Italy,1976,-0.37982541,16.614166,0.17472428,9.914299,-0.04261484,1.8281437,54.149445,20.088242,26.836645,-0.32650167,-0.40086097,16.5,27.38961,69.23243,19.912798,0.0,12.6,16.614166,20.088242
19,Italy,1977,-0.42036119,17.130049,0.16659133,10.049406,-0.065791488,1.8908085,53.195141,20.465981,28.320641,-0.34591955,-0.45687231,15.4,5.9647822,68.475105,19.859133,0.0,14.7,17.130049,20.465981
19,Italy,1978,-0.30578044,12.094014,0.18143316,9.0175066,-0.29573154,1.8797551,57.248039,23.954327,32.272675,-0.1986797,-0.43563899,12.2,-3.827518,81.370934,24.120386,0.0,12.0,12.094014,23.954327
19,Italy,1979,-0.37342447,14.798573,0.21435192,10.951605,0.80183554,1.8739594,56.092926,20.049124,32.898075,-0.32850367,-0.40378597,11.769033,-2.0714998,86.351082,24.321798,0.0,13.1,14.798573,20.049124
19,Italy,1980,-0.29305461,21.799999,0.22023717,9.7016993,0.038329497,1.7636433,54.011074,12.702324,36.199482,-0.3192004,-0.15506724,16.794992,2.9306421,102.05772,28.501278,0.0,15.3,21.799999,12.702324
19,Italy,1981,-0.13823469,19.51,0.20527132,11.480791,-0.026323976,1.8211125,56.275166,10.727332,37.810875,-0.32560968,0.3196066,19.231667,33.035652,101.66919,30.008148,0.0,16.371666,19.51,10.727332
19,Italy,1982,-0.066967428,16.459999,0.19100027,9.1748772,-0.41215083,2.005373,60.774689,19.737219,37.399845,-0.25561345,0.32768109,19.905283,19.047031,124.11795,35.987034,0.0,16.371666,16.459999,19.737219
19,Italy,1983,-0.018958693,14.7,0.17689331,5.3169599,-0.511172,2.0165014,66.783562,11.713568,39.94603,-0.19750267,0.36745483,18.308617,12.280707,103.87984,28.500975,0.0,16.371666,14.7,11.713568
19,Italy,1984,-0.3269397,10.74,0.19942321,7.0000401,-0.53770149,2.0086079,72.073578,11.490086,39.775215,-0.28886187,-0.31110147,17.268467,15.491124,88.389366,21.818062,0.0,15.6,10.74,11.490086
19,Italy,1985,-0.1392432,8.9689999,0.20520663,6.6321163,-0.58867508,1.9363689,77.840385,10.250477,42.261879,-0.069446079,-0.17195147,15.246925,8.560812,92.283493,21.942007,0.0,13.7125,8.9689999,10.250477
19,Italy,1986,0.13516818,5.8200002,0.2020618,-0.40681157,-0.5332678,1.9771427,81.88385,8.648159,43.956356,0.17740718,0.43635622,13.393342,-19.706533,91.707932,23.43729,0.0,11.4683,5.8200002,8.648159
19,Italy,1987,-0.3829869,4.7199998,0.21560155,-1.5967462,-0.56824875,2.0603538,85.730217,8.0653381,43.547878,-0.3469502,-0.3266938,11.333609,-12.990858,85.342255,19.642267,0.0,10.6417,4.7199998,8.0653381
19,Italy,1988,-0.46650603,5.0900002,0.24550021,-2.649682,-0.38792863,2.0728574,87.381569,9.5139914,43.907364,-0.37193659,-0.54779506,10.81765,0.48626152,72.833328,15.449506,0.0,10.8958,5.0900002,9.5139914
19,Italy,1989,-0.49190637,6.2449999,0.26242748,-1.3246216,-0.32478079,2.0264273,89.771111,12.089423,39.587147,-0.37100527,-0.59404266,12.620109,5.3282547,81.248924,16.960514,0.0,12.7858,6.2449999,12.089423
19,Italy,1990,-0.37784365,6.395,0.25570086,-2.6785641,0.013024652,1.8807985,91.580879,10.122146,39.661057,-0.40424508,-0.19196092,12.22985,-12.70654,100.47716,25.931252,0.0,13.5358,6.395,10.122146
19,Italy,1991,-0.33484733,6.2150002,0.23940316,-5.7505112,-0.078300029,1.8588526,94.794067,13.602368,38.931004,-0.29595086,-0.22208641,12.208333,3.6602528,115.19403,27.076265,0.0,13.2825,6.2150002,13.602368
19,Italy,1992,-0.41079357,4.9819999,0.22590934,-5.36446,-0.41670606,1.751977,101.41494,9.1180038,40.061108,-0.4151831,-0.28576764,14.013333,-0.74428308,75.940979,17.706417,0.0,13.266303,4.9819999,9.1180038
19,Italy,1993,-0.42192331,4.4990001,0.19202361,-3.1824136,-0.64620066,1.786768,111.18034,6.1681376,39.327808,-0.36146674,-0.39814678,10.199166,27.716892,86.624359,19.236671,0.0,11.187333,4.4990001,6.1681376
19,Italy,1994,-0.50738192,4.1669998,0.19577183,-1.1603731,-0.66781998,1.7137427,117.13089,1.2210423,35.19162,-0.40105894,-0.60271287,8.5074997,2.3983262,88.633369,19.913235,0.0,10.51925,4.1669998,1.2210423
19,Italy,1995,-0.52526373,5.3870001,0.22276399,3.3786676,-0.61785847,1.4596372,116.82749,5.5594425,40.116756,-0.41730812,-0.58792591,10.456667,1.0255412,75.088799,15.296844,0.0,12.206333,5.3870001,5.5594425
19,Italy,1996,-0.56138194,3.9849999,0.20643935,-0.089301646,-0.52580261,1.5814278,116.16577,1.0995831,37.503059,-0.43819976,-0.6575309,8.8199997,-5.25735,61.413044,12.228733,0.0,9.4012499,3.9849999,1.0995831
19,Italy,1997,-0.60778892,1.849,0.21295813,0.88473219,-0.67114323,1.6189352,113.44761,-4.0198584,34.718044,-0.47015104,-0.74673134,6.8758335,10.400975,39.673115,10.051507,0.0,6.8607502,1.849,-4.0198584
19,Italy,1998,-0.5287739,2.0309999,0.21677136,0.69375914,-0.53353542,1.6362128,110.35483,-3.2223434,30.691641,-0.40846369,-0.59017098,4.9916668,1.9179561,51.792046,13.459171,0.0,4.8823333,2.0309999,-3.2223434
19,Italy,1999,-0.3853209,1.651,0.21908978,-0.49721989,-0.53146613,1.6752256,109.35683,5.4845176,29.318651,-0.28513259,-0.44008771,2.9635,4.8045516,58.142807,15.094572,0.0,4.7276669,1.651,5.4845176
19,Italy,2000,-0.60517073,2.5799999,0.23219475,4.5138025,-0.43287781,1.7333974,104.88659,2.8901858,28.108688,-0.44689837,-0.75501901,4.3917665,15.573078,45.607391,10.512238,0.0,5.5751667,2.5799999,2.8901858
19,Italy,2001,-0.42002982,2.3239999,0.22908017,3.3568156,-0.53671253,1.6668744,104.53447,6.0321741,28.642162,-0.2883749,-0.53921336,4.2617831,2.9115925,111.46019,23.173494,0.0,5.1887498,2.3239999,6.0321741
19,Italy,2002,-0.47375146,2.612,0.21013844,0.60882717,-0.63403851,1.6939425,101.64529,8.1304016,28.024477,-0.34487304,-0.61206877,3.3185916,-5.0621185,111.12048,23.757051,0.0,5.0343332,2.612,8.1304016
19,Italy,2003,-0.37688589,2.813,0.17979512,-2.0351634,-0.66729391,1.6983995,100.15687,6.7335887,27.63303,-0.25387543,-0.4216226,2.3334668,-16.512545,135.32417,30.988379,0.0,4.2480831,2.813,6.7335887
19,Italy,2004,-0.39033034,2.257,0.15573464,-1.5411595,-0.65282536,1.6722894,99.695488,8.1074505,27.33139,-0.25191793,-0.4867174,2.1063249,-9.1334419,110.70305,22.793989,0.0,4.2588334,2.257,8.1074505
19,Italy,2005,-0.49720842,2.207,0.12496844,-0.47415581,-0.60225028,1.5951612,101.50091,9.2113981,27.599577,-0.35033068,-0.65808326,2.184675,0.031681277,83.537979,17.577019,0.0,3.5552499,2.207,9.2113981
19,Italy,2006,-0.47301728,2.2290001,0.11294104,2.5278394,-0.61553591,1.5143431,102.11857,7.4708433,28.35981,-0.35447282,-0.55751556,3.0792251,-0.98656887,86.026413,20.244524,0.0,4.0464168,2.2290001,7.4708433
19,Italy,2007,-0.52280909,2.0250001,0.095472015,3.6208322,-0.56468564,1.4409182,99.296181,6.0776825,27.811241,-0.40595382,-0.62817991,4.2776084,-8.3312426,84.868973,17.224245,0.0,4.4872499,2.0250001,6.0776825
19,Italy,2008,-0.56139296,3.4920001,0.051532853,2.1848233,-0.3414292,1.5300512,106.164,7.4838696,28.360882,-0.42569906,-0.70187479,4.6342335,-6.4666138,71.192848,15.601897,0.0,4.6813335,3.4920001,7.4838696
19,Italy,2009,-0.57361341,0.76499999,-0.034758467,-7.7211928,-0.53920907,1.547489,116.61,8.912694,31.279263,-0.43985876,-0.70607901,1.2283584,5.1878705,69.581642,16.292347,0.0,4.3111668,0.76499999,8.912694
19,Italy,2010,-0.5734688,1.62,-0.050028659,-2.0442107,-0.6413846,1.4943131,119.198,-0.12188929,30.399136,-0.43301028,-0.6858722,0.81094998,5.1338181,73.838913,18.204954,0.0,4.0358334,1.62,-0.12188929
19,Italy,2011,-0.36327308,2.9349999,-0.072623499,-0.089230828,-0.2677896,1.4682922,119.692,1.166787,29.530087,-0.29188788,-0.37333596,1.3906,-4.8501892,75.721146,18.267187,0.0,5.4228334,2.9349999,1.166787
19,Italy,2012,-0.60006326,3.3150001,-0.13321412,-0.54325742,-0.54732317,1.4194624,126.493,6.3340621,30.841032,-0.46052426,-0.72218454,0.57318336,8.2926064,69.216782,17.751614,0.0,5.4927502,3.3150001,6.3340621
19,Italy,2013,-0.52608025,1.245,-0.17970413,-2.2702849,-0.68947548,1.3916775,132.455,3.1119022,30.792225,-0.39013743,-0.67376441,0.22066666,-3.2886987,70.025406,17.163588,0.0,4.3164167,1.245,3.1119022
19,Italy,2014,-0.47294876,0.234,-0.20605393,-2.7373164,-0.67891687,1.2763307,135.366,3.6469727,30.870544,-0.39925763,-0.49171904,0.20993334,0.093858041,80.853844,22.354315,0.0,2.8931668,0.234,3.6469727
19,Italy,2015,-0.42777821,0.108,-0.22195046,-2.655354,-0.6502434,1.2024732,135.28,4.2103848,30.801672,-0.31097022,-0.54930311,-0.019366667,19.624214,94.918381,24.608704,0.0,1.7139167,0.108,4.2103848
19,Italy,2016,-0.42327189,-0.050000001,-0.2340294,-4.569396,-0.69877726,1.3277339,134.784,4.7514429,30.797091,-0.31182829,-0.46669072,-0.26369166,0.22109132,84.358536,23.077059,0.0,1.4863334,-0.050000001,4.7514429
19,Italy,2017,-0.49802995,1.326,-0.24254535,-2.3394389,-0.63422871,1.3512235,134.13499,4.3300524,30.4555,-0.36717281,-0.62955225,-0.32905,-1.8642764,86.290787,26.64888,0.0,2.1129999,1.326,4.3300524
19,Italy,2018,-0.56976092,1.243,-0.26309711,-1.5794854,-0.40561897,1.3544332,134.39999,2.7429891,29.792065,-0.45001099,-0.66025281,-0.32209167,-4.4481721,67.708572,22.135927,0.0,2.6103334,1.243,2.7429891
19,Italy,2019,-0.53880662,0.634,-0.27820238,-3.1035383,-0.35143155,1.3061167,134.563,5.5032978,29.331911,-0.42828926,-0.63116634,-0.35633335,5.4067965,69.926216,23.429628,0.0,1.9515001,0.634,5.5032978
19,Italy,2020,-0.39289278,-0.145,-0.39262325,-8.8125944,1.6243446,1.7298496,155.812,10.950028,37.280003,-0.4567773,-0.18293138,-0.35633335,-1.8559247,66.154915,18.50388,0.0,1.1681666,-0.145,10.950028
19,Italy,2021,-0.49568355,1.941,-0.32839084,-3.4146547,0.95429105,1.6628639,145.735,24.210896,36.535004,-0.44412792,-0.45118237,-0.35633335,-3.5179076,58.633369,17.555107,0.0,0.81091666,1.941,24.210896
19,Italy,2022,-0.084145792,8.7360001,-0.30579153,7.3242826,2.0728977,1.6516426,138.27901,-8.6931934,35.427002,-0.22415678,0.50455892,0.34156665,12.505229,112.93623,49.629253,0.0,3.15675,8.7360001,-8.6931934
19,Italy,2023,-0.33192173,5.9029999,-0.32487059,-0.038783222,0.20079437,1.6064605,134.57899,-8.6931934,34.450001,-0.29623607,-0.20611764,3.4305999,-2.8074944,99.392548,39.016624,0.0,4.283114,5.9029999,-8.6931934
20,Japan,1900,-0.12766266,12.353767,0.2499797,-13.432302,-0.64726436,5.7742219,21.489809,-1.5345963,11.743822,0.0021148471,-0.47156191,10.75,,72.415619,21.006165,0.0,4.6594601,12.353767,-1.5345963
20,Japan,1901,-0.53204185,-2.1796474,0.24527338,-12.310633,-0.67973423,4.3115482,22.88752,-2.4295843,10.591245,-0.35854539,-0.94951397,11.0,-0.25316,43.076683,11.93961,0.0,4.7823,-2.1796474,-2.4295843
20,Japan,1902,-0.61708766,3.8745387,0.15137514,-10.10011,-0.62465614,3.5028381,23.043753,14.087144,11.774426,-0.41500878,-1.1433752,8.8500004,-0.62892646,43.4799,11.068296,0.0,4.5686488,3.8745387,14.087144
20,Japan,1903,-0.37529907,5.0006833,0.1798629,-9.5285769,-0.63826454,5.8047466,22.897293,7.385231,8.8833685,-0.3196336,-0.46324587,10.0,0.3787775,49.491287,13.059556,0.0,4.7572889,5.0006833,7.385231
20,Japan,1904,2.1022258,2.3162005,0.14808157,-6.9095898,-0.38027838,23.334888,35.627346,12.37197,9.4213963,1.7301892,2.8275502,9.5,1.1494285,76.692307,20.899214,2.4507415,5.68505,2.3162005,12.37197
20,Japan,1905,0.5046075,3.8534911,0.094404958,-2.6792705,-0.4918316,24.586185,68.53392,16.231558,13.755549,0.4668746,0.56611723,10.95,-1.1363668,54.05724,14.520814,0.0,4.6899781,3.8534911,16.231558
20,Japan,1906,-0.45879918,1.9715896,0.18225148,-5.5263557,-0.5641309,11.825854,70.47435,32.292007,13.027555,-0.3030107,-0.78298676,10.5,0.25317049,40.733101,8.9814463,0.0,4.3727598,1.9715896,32.292007
20,Japan,1907,-0.33023766,10.459949,0.17649668,-5.5850163,-0.51033515,5.9900098,61.582687,-6.1742058,15.095499,-0.23162618,-0.56485373,10.5,-0.12641862,34.413788,6.8331518,0.0,4.6871281,10.459949,-6.1742058
20,Japan,1908,-0.4219614,-3.4464014,0.14363754,-8.4914017,-0.71191663,5.9135985,60.881863,-2.4794679,15.775721,-0.30700827,-0.70483047,9.8000002,0.12657864,32.829559,7.4359055,0.0,4.736546,-3.4464014,-2.4794679
20,Japan,1909,-0.52646542,-3.8846977,0.10141093,-7.1907983,-0.71150005,4.8689165,70.138596,12.129705,13.546202,-0.36594269,-0.89462703,8.5500002,-0.25253117,30.923229,6.7197351,0.0,4.4656181,-3.8846977,12.129705
20,Japan,1910,-0.58539069,0.25773194,0.07617785,-2.3870137,-0.72321337,4.9325972,70.836716,10.316122,14.358072,-0.38803551,-1.0682166,7.9000001,0.12643182,30.885345,5.928802,0.0,4.2031169,0.25773194,10.316122
20,Japan,1911,-0.37088782,7.4550128,0.088004343,-4.0471158,-0.76144952,4.8088937,61.441631,3.2451744,12.742143,-0.27877679,-0.58615512,8.5500002,0.25347552,52.696037,12.907894,0.0,4.354733,7.4550128,3.2451744
20,Japan,1912,-0.56144214,5.5458894,0.081815712,-1.7863468,-0.60888308,4.3583002,57.61768,8.7636461,11.673471,-0.3511205,-1.0582298,9.6000004,-0.25283465,53.76284,12.932464,0.0,4.6692362,5.5458894,8.7636461
20,Japan,1913,-0.46616122,3.0290542,0.055714369,2.0975986,-0.67885774,4.0039649,53.590942,-0.88529313,10.837578,-0.33919176,-0.78126955,8.4499998,0.12657864,49.213394,11.338738,0.0,4.9071999,3.0290542,-0.88529313
20,Japan,1914,0.35249993,-7.8800001,-0.017607063,1.4539593,-0.66116297,4.8537555,55.924843,-2.7116027,13.375001,0.39786917,0.48641697,10.0,0.25380254,199.27412,66.659538,0.0,5.5555553,-7.8800001,-2.7116027
20,Japan,1915,-0.015048784,-6.4046893,0.030683115,2.1413517,-0.43911946,4.5934019,53.24947,18.218447,11.405338,0.056048341,-0.097592011,9.6999998,0.76726502,269.59604,88.484901,0.0,5.8823528,-6.4046893,18.218447
20,Japan,1916,-0.018298445,8.0375786,0.13520254,7.5025449,-0.17646557,4.1193576,43.309612,38.068039,8.9841089,0.090183802,-0.34004864,8.9499998,-2.3720312,260.30356,76.14402,0.0,5.5555553,8.0375786,38.068039
20,Japan,1917,0.076698788,22.673107,0.12923978,9.8902922,-0.10834941,4.2169085,33.433323,43.248798,8.4195185,0.18220469,-0.21957108,10.0,-1.1111124,296.97101,90.220642,0.0,5.5944057,22.673107,43.248798
20,Japan,1918,0.17497815,34.602257,0.10325368,11.72617,-0.12269779,5.0595927,27.495802,28.829084,8.7811689,0.22071077,-0.024294186,10.0,-1.6990312,331.62021,103.77153,0.0,5.3908358,34.602257,28.829084
20,Japan,1919,0.25621873,33.047268,0.16592389,7.4043179,-0.12249494,5.8287849,22.582949,26.970118,7.4866085,0.065281212,0.9288922,9.0,1.2285004,166.6438,49.082073,0.0,6.3492064,33.047268,26.970118
20,Japan,1920,-0.26118547,4.6032057,0.062273581,8.2006292,-0.18036985,5.9805226,25.581404,7.4112759,8.7904978,-0.17654915,-0.50714189,10.5,3.430757,102.06319,26.157223,0.0,8.1632652,4.6032057,7.4112759
20,Japan,1921,-0.063377775,-8.3574696,0.12777506,-2.0050359,-0.47116655,5.9604764,29.092241,7.5753155,9.8094215,-0.1599135,0.16058512,9.1999998,2.3406932,72.843681,18.440029,0.0,6.25,-8.3574696,7.5753155
20,Japan,1922,-0.29742369,-1.5190905,0.083411604,2.7871203,-0.47437638,4.7667646,29.550446,0.094612092,9.2339277,-0.26186737,-0.41258815,9.1999998,0.13020854,64.923538,14.443261,0.0,5.7142859,-1.5190905,0.094612092
20,Japan,1923,-0.52475959,-0.90066773,0.043487281,2.4849274,-0.25381538,3.7823207,33.837006,2.9442539,9.6715841,-0.37016854,-0.93114865,8.5,-1.5384521,58.87146,15.534664,0.0,5.7971015,-0.90066773,2.9442539
20,Japan,1924,-0.36988601,0.89318359,0.029958058,8.4584951,-0.52018231,3.3793488,33.148502,-0.34320319,9.8301611,-0.27368331,-0.54284316,8.5,12.391923,49.706013,11.115056,0.0,6.25,0.89318359,-0.34320319
20,Japan,1925,-0.46538657,1.2114309,0.027799511,12.271189,-0.67189187,2.8913984,33.377422,2.8770094,8.8853235,-0.34193721,-0.75633746,8.8999996,5.7926869,45.767529,11.312056,0.0,6.3492064,1.2114309,2.8770094
20,Japan,1926,-0.52596295,-4.5370846,-0.0078661274,10.599945,-0.67455471,2.8665791,35.226929,-0.41676509,9.4784536,-0.3924796,-0.86237156,2.575,-11.111114,37.680462,9.2770281,0.0,6.5700002,-4.5370846,-0.41676509
20,Japan,1927,-0.33062023,-1.5324439,-0.037525747,10.33864,-0.73949379,3.2053485,36.737858,6.3133392,10.936655,-0.28176168,-0.48448154,2.4749999,-2.5099022,45.88192,11.370895,0.0,6.52,-1.5324439,6.3133392
20,Japan,1928,-0.42843494,-3.7982261,-0.0019766765,9.1331673,-0.73048079,3.3228295,39.061882,6.8655148,10.695121,-0.29909787,-0.74262083,2.04,2.0215547,37.190571,8.6517611,0.0,6.1300001,-3.7982261,6.8655148
20,Japan,1929,-0.31057683,-2.2908535,-0.013430143,10.479733,-0.68530673,3.2240782,40.379509,4.2340069,10.098977,-0.2415309,-0.40318558,2.1849999,0.0,40.538773,10.166409,0.0,6.25,-2.2908535,4.2340069
20,Japan,1930,-0.38372597,-10.159778,-0.13428745,5.4853611,-0.67218757,3.1886168,49.406345,-3.486398,10.778075,-0.32350272,-0.54578316,2.3099999,-5.7179084,42.976971,10.37444,0.0,5.4419999,-10.159778,-3.486398
20,Japan,1931,-0.11155279,-11.527804,-0.17011368,2.8496997,-0.61693919,3.6401911,56.336006,-0.73568052,11.372825,-0.12919186,0.029272504,2.325,17.287624,44.57341,10.539379,0.0,5.9190001,-11.527804,-0.73568052
20,Japan,1932,0.67337805,1.1143482,-0.13255015,5.2593408,-0.55784482,5.4416561,60.653294,4.0338802,13.676556,0.35012183,1.5178081,2.25,47.14912,59.718971,14.350051,0.0,4.743,1.1143482,4.0338802
20,Japan,1933,0.10340507,3.054095,-0.081517145,9.7425861,-0.66837573,6.0179238,62.205761,6.4319153,13.951252,-0.048880786,0.59490925,2.0,10.679611,52.87656,12.735568,0.0,4.6570001,3.054095,6.4319153
20,Japan,1934,-0.2918694,1.4118962,-0.12219469,14.895926,-0.51434731,5.9759755,62.40303,5.306942,12.740034,-0.32159173,-0.169736,2.0,-12.526541,52.097977,11.459011,0.0,4.5890002,1.4118962,5.306942
20,Japan,1935,0.070119843,2.4743264,-0.14080299,17.808582,-0.53908205,6.1374292,62.896332,4.1314812,12.187787,-0.1248914,0.8204028,1.85,3.5164876,82.748703,23.632849,0.0,4.4510002,2.4743264,4.1314812
20,Japan,1936,0.13280547,2.3136938,-0.11206183,18.182493,-0.47166336,5.4227219,63.496552,10.4639,11.467064,-0.054612532,0.81503022,2.0,-1.9396576,91.402847,27.185059,0.0,3.974,2.3136938,10.4639
20,Japan,1937,0.93309486,7.80305,-0.10968092,20.892616,-0.077883586,13.957245,57.010479,18.795389,11.618308,0.59070075,2.3041072,1.655,0.43290114,87.478371,26.202843,0.0,3.937,7.80305,18.795389
20,Japan,1938,0.81302029,9.5981464,-0.082165673,9.1209784,-0.33526444,22.32827,66.888611,24.938534,12.076798,0.57887143,1.5451062,1.9,2.6666684,102.05727,33.234154,0.0,3.826,9.5981464,24.938534
20,Japan,1939,1.0671464,11.817726,0.029141089,8.3300743,0.090870932,19.77582,71.232254,38.043823,13.28868,0.44711772,3.0421655,1.95,10.974104,191.01532,67.341072,0.0,3.813,11.817726,38.043823
20,Japan,1940,0.67823678,16.261133,0.020630609,6.0200162,0.18851277,20.174377,78.695168,28.618763,14.831102,0.38844609,1.6861478,1.5,8.2178135,200.07191,74.104042,0.0,3.868,16.261133,28.618763
20,Japan,1941,2.1647599,1.3995292,-0.0093358578,-1.6606092,1.8509132,27.869568,93.0737,25.779589,18.063538,1.8393641,2.928221,,0.0,241.92404,78.456886,0.0,3.823,1.3995292,25.779589
20,Japan,1942,5.0287027,2.7562046,-0.056929309,-9.6296959,4.6251183,34.730419,105.08992,29.221939,15.173522,5.4908371,1.4487926,,0.46838364,306.14059,82.797348,2.6019411,3.763,2.7562046,29.221939
20,Japan,1943,4.2168097,6.0423083,-0.086623706,-12.240175,3.0227926,46.860527,133.35887,31.740356,19.608057,4.6894259,0.84467834,,0.0,344.39383,96.68309,0.0,3.767,6.0423083,31.740356
20,Japan,1944,5.1063228,35.292068,-0.17961298,-19.46653,2.2402449,98.93869,203.95357,67.815224,26.5937,5.5402842,1.4988045,,0.0,376.73724,108.1233,1.0880387,3.763,35.292068,67.815224
20,Japan,1945,4.8309708,117.40189,-0.45418802,-19.7868,5.3267841,56.976517,129.96634,88.727859,25.062584,4.2919726,5.876297,,60.839165,240.73561,68.604843,0.0,3.6889999,,83.488998
20,Japan,1946,0.41409516,90.703217,-0.85619575,-20.712894,1.7767406,4.5540085,55.979115,-8.6931934,23.531467,0.1452433,1.1599759,,78.861542,122.23141,35.489174,0.0,3.6889999,90.703217,-8.6931934
20,Japan,1947,-0.19721287,113.39095,-0.80100507,-19.588375,0.77376968,1.2657754,27.549809,78.946083,15.22442,-0.14964202,-0.32452101,,78.861542,99.266258,25.673389,0.0,3.6889999,,78.946083
20,Japan,1948,-0.31950402,75.927429,-0.70203394,-17.401817,-0.036816943,2.4300826,19.670218,67.194153,17.162939,-0.24434379,-0.55010366,,78.861542,114.34803,31.815405,0.0,5.539,75.927429,67.194153
20,Japan,1949,-0.33280188,31.887384,-0.71520561,-7.3234134,-0.4426302,3.1728592,18.882519,17.218491,20.064583,-0.28295758,-0.4671177,,78.861542,83.723862,22.515041,0.0,5.5100002,31.887384,17.218491
20,Japan,1950,0.9772287,-6.8667045,-0.64966786,-3.9770308,-0.094589792,2.6040537,14.036154,20.041552,15.534147,0.83876204,1.6011016,,9.4242439,142.74683,40.654076,0.0,5.5,-6.8667045,20.041552
20,Japan,1951,1.6446381,17.967768,-0.56741387,2.639868,0.17067537,1.8171933,11.856411,32.000641,13.335148,1.482657,2.9240377,,0.0,154.43521,45.613041,0.0,5.5,17.967768,32.000641
20,Japan,1952,0.65259063,4.9894929,-0.51158714,-0.72211623,-0.11131819,2.0709345,13.199393,31.379318,13.609754,0.73733509,0.49935684,,0.0,105.07939,29.746727,0.0,5.5,4.9894929,31.379318
20,Japan,1953,0.34683344,6.553278,-0.49961531,-0.90193009,-0.47878459,2.0310719,12.064266,15.023272,14.036211,0.36104462,0.46646205,5.8000002,-0.30462644,101.92927,30.446932,0.0,10.181,6.553278,15.023272
20,Japan,1954,-0.17582485,6.4319377,-0.4818683,-1.1767989,-0.51312679,2.1931512,11.910829,6.1088285,12.923257,-0.26363429,0.083465196,5.8000002,0.0,91.05645,27.323381,0.0,6.3239999,6.4319377,6.1088285
20,Japan,1955,-0.17591505,-1.1910192,-0.43556157,-0.93256807,-0.54962111,2.1028736,12.296154,35.095837,11.467585,-0.27807561,0.17335948,5.5240002,0.0,89.117783,25.582281,0.0,8.6000004,-1.1910192,35.095837
20,Japan,1956,-0.32782221,0.39558381,-0.4145844,1.9232385,-0.5067215,1.7458768,10.367735,19.83576,10.665205,-0.33459032,-0.28500897,5.3845,0.0,101.25542,33.800011,0.0,7.9000001,0.39558381,19.83576
20,Japan,1957,-0.21969363,3.0984013,-0.38071951,4.2019916,-0.49719575,1.496551,8.7696152,19.559546,10.383457,-0.34904638,0.10783368,5.369,0.0,99.325577,30.921873,0.0,11.2,3.0984013,19.559546
20,Japan,1958,-0.31106988,-0.47771046,-0.35813084,-1.1741552,-0.63238436,1.4321867,9.0794172,15.955103,11.192647,-0.32369953,-0.23780863,5.8340001,0.0,115.22129,31.615841,0.0,8.3999996,-0.47771046,15.955103
20,Japan,1959,-0.48486969,1.0822066,-0.31522459,0.18076521,-0.52368194,1.2641866,9.016119,19.967936,11.191854,-0.35819653,-0.80836618,6.0819998,0.0,82.10849,21.980268,0.0,10.7,1.0822066,19.967936
20,Japan,1960,-0.3654837,3.5745115,-0.24480365,0.42828244,-0.54731745,1.0805949,8.0349808,20.591362,10.888074,-0.37634084,-0.31513697,6.0819998,0.0,86.417786,22.933311,0.0,10.1,3.5745115,20.591362
20,Japan,1961,-0.3717452,5.3684616,-0.16952515,-0.16732131,-0.47988376,0.91666019,6.0629525,22.039608,10.671362,-0.36273873,-0.37097064,6.0819998,0.0,126.08382,34.059898,0.0,14.82,5.3684616,22.039608
20,Japan,1962,-0.4108575,6.8354402,-0.12324309,-1.7913334,-0.46086928,0.8829816,5.7354808,18.260893,11.651333,-0.34800923,-0.53237104,6.0819998,0.0,124.72618,32.639046,0.0,9.79,6.8354402,18.260893
20,Japan,1963,-0.43287736,6.7069054,-0.081856221,-1.6184787,-0.4475846,0.9029116,4.5163064,23.934072,12.122278,-0.38680685,-0.55791366,5.8649998,0.0,117.54991,29.810785,0.0,9.5600004,6.7069054,23.934072
20,Japan,1964,-0.3806082,3.8003895,-0.011371549,-1.2506093,-0.35671386,0.87504613,4.4382377,18.82789,11.207933,-0.35489723,-0.41987562,5.71,0.0,90.5354,24.852219,0.0,6.8920002,3.8003895,18.82789
20,Japan,1965,-0.31297484,6.6559911,0.004347919,-0.81203115,-0.29026401,0.89971399,5.23281,16.525513,11.327868,-0.28063732,-0.38595596,5.71,0.0,99.786484,27.344055,0.0,7.3540001,6.6559911,16.525513
20,Japan,1966,-0.29481345,5.040832,0.06648583,-0.85267848,-0.17808455,0.879421,6.7061658,17.531988,11.682463,-0.28169021,-0.33572662,5.71,0.0,90.635468,25.852905,0.0,6.8600001,5.040832,17.531988
20,Japan,1967,-0.20769219,3.9898481,0.13242655,-1.3765606,-0.33206519,0.83623034,8.2212811,12.118522,11.430758,-0.22134164,-0.13758503,5.71,0.0,112.60692,33.753963,0.0,6.9124999,3.9898481,12.118522
20,Japan,1968,-0.37414515,5.3394332,0.21990219,-1.6032058,-0.4467006,0.79386652,8.7099094,15.597586,11.207349,-0.32833561,-0.51462418,5.7719998,0.0,104.20105,26.798218,0.0,7.03333,5.3394332,15.597586
20,Japan,1969,-0.27790928,5.2498207,0.28794888,-1.3137647,-0.4252944,0.772551,11.963315,17.247196,11.116761,-0.33604011,-0.06178062,5.7839999,-0.66093445,95.787491,25.46917,0.0,7.0908298,5.2498207,17.247196
20,Japan,1970,-0.373909,6.9241738,0.34851235,-0.44021949,-0.25176901,0.77323031,10.6419,18.282213,11.16328,-0.30996197,-0.54758948,5.9106665,0.1254084,102.82236,28.05695,0.0,7.1883302,6.9241738,18.282213
20,Japan,1971,-0.34199345,6.395349,0.35107908,-0.17305323,-0.25463372,0.82411933,11.7947,20.45281,11.847555,-0.33430672,-0.3495377,5.3801665,-2.8719168,87.422432,23.529009,0.0,7.27667,6.395349,20.45281
20,Japan,1972,-0.33523989,4.8435173,0.38781312,-1.9929922,-0.16919357,0.8424753,15.6052,26.5462,12.91439,-0.27795935,-0.47829762,4.3642502,-12.841445,87.485275,22.947073,0.0,6.6999998,4.8435173,26.5462
20,Japan,1973,-0.21371046,11.608624,0.42634723,-0.95803303,3.3191464,0.81501448,15.2812,22.713644,13.136491,-0.25132838,-0.057312164,5.2107501,-10.497152,76.668312,22.981407,0.0,7.3000002,11.608624,22.713644
20,Japan,1974,-0.34532726,23.222246,0.36325687,6.3858228,2.6528802,0.8620683,16.0718,11.912632,14.227692,-0.33838516,-0.3155748,6.8249998,7.5704784,70.567474,19.437366,0.0,9.3000002,23.222246,11.912632
20,Japan,1975,-0.31877688,11.731266,0.3468143,4.0185766,0.25017893,0.90738708,20.3204,13.095188,14.064105,-0.2983188,-0.33848014,6.2825832,1.6279863,79.141571,24.192036,0.0,9.1999998,11.731266,13.095188
20,Japan,1976,-0.37429318,9.3740368,0.34746638,4.6142263,-0.14982577,0.89165109,25.947001,15.105304,14.688796,-0.30303904,-0.52123165,5.677,-0.15040873,69.23243,19.874371,0.0,8.6999998,9.3740368,15.105304
20,Japan,1977,-0.32194456,8.1618271,0.34989876,2.8277748,0.33046314,0.89068109,30.9279,11.377146,15.655386,-0.27958027,-0.42221466,4.8404999,-9.4151592,68.475105,19.699764,0.0,7.3000002,8.1618271,11.377146
20,Japan,1978,-0.38619772,4.2095661,0.36133525,-1.1247807,0.15064797,0.89128637,39.1287,11.747952,16.680698,-0.30603725,-0.56384039,3.5196667,-19.706533,81.370934,24.190111,0.0,6.0999999,4.2095661,11.747952
20,Japan,1979,-0.25045538,3.7018509,0.3753517,2.0775611,2.3933296,0.90739208,43.675499,11.855383,17.508656,-0.26663828,-0.15188636,4.4283333,4.1336961,86.351082,24.124527,0.0,7.6999998,3.7018509,11.855383
20,Japan,1980,-0.029962869,7.8080001,0.3640798,5.9247999,0.7403779,0.90679419,48.7146,9.188405,17.874016,-0.30106264,0.70704567,6.3253331,3.3245556,102.05772,28.106991,0.0,9.1999998,7.8080001,9.188405
20,Japan,1981,-0.24460697,4.9359999,0.35433596,6.1649375,0.16657364,0.91664815,53.112801,8.9233103,17.972757,-0.33617193,0.029211903,5.7195835,-2.5288441,101.66919,30.095587,0.0,8.6999998,4.9359999,8.9233103
20,Japan,1982,-0.21499364,2.7490001,0.34347799,5.6749697,-0.24149333,0.92637557,58.117001,9.1964531,17.237276,-0.34732211,0.12985539,5.4229999,13.005013,124.11795,36.123245,0.0,8.1000004,2.7490001,9.1964531
20,Japan,1983,-0.26092887,1.88,0.32118335,3.2949009,-0.20264456,0.95229745,64.2939,7.3560109,17.763142,-0.34087491,-0.0060020946,5.2957501,-4.6977224,103.87984,28.758785,0.0,7.4000001,1.88,7.3560109
20,Japan,1984,-0.34707534,2.2509999,0.31412107,4.3997297,-0.021617454,0.95840418,66.171898,7.8069463,16.991713,-0.30603182,-0.39432487,4.914,0.027230432,88.389366,21.808765,0.0,6.8000002,2.2509999,7.8069463
20,Japan,1985,-0.40626788,2.0380001,0.32620642,2.516454,-0.2639294,0.95939791,68.315201,8.3797102,16.289087,-0.34180206,-0.54446012,3.5621667,0.30170789,92.283493,22.245947,0.0,6.3408298,2.0380001,8.3797102
20,Japan,1986,-0.28687078,0.60799998,0.3177208,-3.9939239,-0.29189938,0.96281123,74.298103,8.6546803,15.750551,-0.26776391,-0.25422573,3.5621667,-19.706533,91.707932,23.921785,0.0,4.94417,0.60799998,8.6546803
20,Japan,1987,-0.3056865,0.127,0.31846508,-5.2104044,-0.11342219,0.9655109,76.409302,10.385486,16.300354,-0.31620455,-0.22502345,2.4679999,-14.074364,85.342255,19.507496,0.0,4.2116699,0.127,10.385486
20,Japan,1988,-0.46989611,0.65399998,0.34811503,-5.3249874,0.22581127,0.94970888,72.3619,11.189878,16.145016,-0.37076378,-0.694965,2.3840001,-11.329436,72.833328,15.432018,0.0,4.2741699,0.65399998,11.189878
20,Japan,1989,-0.45762619,2.2939999,0.36392072,-3.8946736,0.34727344,0.94078106,65.675797,9.9025249,16.058384,-0.38645187,-0.6277498,2.9518332,7.6411953,81.248924,16.894901,0.0,5.1272502,2.2939999,9.9025249
20,Japan,1990,-0.16171266,3.0710001,0.37947205,-3.3314617,0.92460859,0.94179177,62.9799,11.656949,15.644076,-0.33783311,0.35335812,5.0415835,4.8147192,100.47716,25.608948,0.0,6.9599166,3.0710001,11.656949
20,Japan,1991,-0.20528674,3.273,0.37746507,-5.1473532,0.42650208,0.94082189,62.436199,3.637888,15.028488,-0.24016719,-0.0043385639,5.4016666,-7.012145,115.19403,26.866144,0.0,6.3366666,3.273,3.637888
20,Japan,1992,-0.3871592,1.727,0.3526679,-6.1353488,0.092814274,0.94831246,66.933601,0.59359664,14.662962,-0.37306467,-0.36314285,3.6255834,-5.8844223,75.940979,17.646795,0.0,5.3265834,1.727,0.59359664
20,Japan,1993,-0.28932947,1.255,0.32061401,-7.6854458,-0.18091746,0.95066381,72.627098,1.0695268,15.526188,-0.35868549,-0.078266934,2.1954167,-12.275185,86.624359,19.031427,0.0,4.3209167,1.255,1.0695268
20,Japan,1994,-0.2308062,0.69,0.29604861,-7.8616452,-0.064944878,0.90593135,83.432297,2.053421,14.408237,-0.35467413,0.17632748,1.6289999,-8.0224018,88.633369,19.522846,0.0,4.3633332,0.69,2.053421
20,Japan,1995,-0.35040736,-0.088,0.27893263,-7.552949,-0.097281322,0.90093029,94.229897,3.0273273,14.558475,-0.33942816,-0.35181132,0.87608331,-7.8293295,75.088799,15.04531,0.0,3.4435,-0.088,3.0273273
20,Japan,1996,-0.4658843,0.138,0.26959696,-5.9683547,-0.052104052,0.89464897,99.194099,3.2592356,14.530886,-0.3810063,-0.6413694,0.37400001,15.524191,61.413044,12.087811,0.0,3.1015,0.138,3.2592356
20,Japan,1997,-0.46100342,1.699,0.24852613,-4.7258625,0.036881909,0.90451521,104.8312,3.0617819,14.603125,-0.37272274,-0.60837173,0.37400001,11.139012,39.673115,9.8462782,0.0,2.3736668,1.699,3.0617819
20,Japan,1998,-0.4559077,0.65200001,0.19590752,-5.8024735,-0.15573874,0.92351335,116.0459,6.4800277,15.071856,-0.38355386,-0.59096885,0.30766666,8.1855383,51.792046,13.345377,0.0,1.5414166,0.65200001,6.4800277
20,Japan,1999,-0.46973094,-0.347,0.1594239,-6.9831886,-0.29409951,0.93017989,129.0302,1.6214366,15.660487,-0.38154078,-0.68175071,0.092749998,-13.007611,58.142807,15.177861,0.0,1.749,-0.347,1.6214366
20,Japan,2000,-0.56482083,-0.68699998,0.15427446,-5.8590045,-0.25448719,0.91598558,135.64729,2.1065652,16.013479,-0.40703967,-0.95217729,0.23,-5.2925963,45.607391,10.450106,0.0,1.7444167,-0.68699998,2.1065652
20,Japan,2001,-0.25823292,-0.69400001,0.12344188,-6.1809254,-0.19640845,0.93167281,144.44341,2.7809098,16.488884,-0.13117513,-0.47350582,0.066166669,12.681098,111.46019,22.928719,0.0,1.319,-0.69400001,2.7809098
20,Japan,2002,-0.28933182,-0.89700001,0.089910656,-5.6219468,-0.37705037,0.94035751,154.2849,3.3039076,16.717705,-0.24590047,-0.31237987,0.0055,3.0714545,111.12048,23.487333,0.0,1.2631667,-0.89700001,3.3039076
20,Japan,2003,-0.041224815,-0.26300001,0.072820075,-5.0790725,-0.33550394,0.94004661,160.0697,1.8114712,16.911949,-0.21454971,0.59010231,0.010916667,-7.3591042,135.32417,30.504971,0.0,1.00325,-0.26300001,1.8114712
20,Japan,2004,-0.28475696,-0.0099999998,0.062613852,-3.0853012,-0.22411706,0.92660403,168.92461,1.2720171,16.959759,-0.24871312,-0.27773929,0.0070833336,-6.7028551,110.70305,22.621889,0.0,1.4926667,-0.0099999998,1.2720171
20,Japan,2005,-0.34515265,-0.28799999,0.055507321,-0.87163216,-0.24229908,0.91691685,174.2932,1.8108861,17.357485,-0.34057713,-0.329173,0.00125,1.8704364,83.537979,17.353308,0.0,1.35475,-0.28799999,1.8108861
20,Japan,2006,-0.30813238,0.25600001,0.035761047,2.5539353,-0.34366313,0.90298843,174.03329,1.0086107,17.179302,-0.35902709,-0.12621191,0.25208333,5.5595345,86.026413,20.001043,0.0,1.7405,0.25600001,1.0086107
20,Japan,2007,-0.41804025,0.046,0.016547181,4.9863992,-0.27179533,0.88498735,172.80901,1.5738329,17.292561,-0.35518074,-0.56688869,0.57616669,1.2615496,84.868973,17.066866,0.0,1.6655,0.046,1.5738329
20,Japan,2008,-0.46440867,1.382,-0.029104192,5.9217601,-0.13102253,0.90785503,180.71471,2.083226,17.599623,-0.36429867,-0.7138871,0.56066668,-12.167849,71.192848,15.458974,0.0,1.4673333,1.382,2.083226
20,Japan,2009,-0.38922831,-1.331,-0.12049735,-4.2019844,-0.44613686,0.97296959,198.70261,2.7036932,19.040512,-0.38815853,-0.34366465,0.57833332,-9.5714636,69.581642,16.032955,0.0,1.33375,-1.331,2.7036932
20,Japan,2010,-0.4105877,-0.74199998,-0.11346866,-0.48682937,-0.31131852,0.9490326,205.6931,2.7696118,17.805174,-0.36668733,-0.48521823,0.38333333,-6.2378335,73.838913,17.974512,0.0,1.1483333,-0.74199998,2.7696118
20,Japan,2011,-0.42642659,-0.27700001,-0.14438501,0.80922335,1.2712568,0.97482359,219.0945,2.7427785,19.170311,-0.37282282,-0.57842767,0.33259666,-9.1278868,75.721146,18.319574,0.0,1.1024166,-0.27700001,2.7427785
20,Japan,2012,-0.4733831,-0.048999999,-0.16219284,0.67617375,-0.15219617,0.95676184,226.0928,2.5135033,18.676065,-0.40018517,-0.63608086,0.32721084,0.064412929,69.216782,17.57267,0.0,0.83558333,-0.048999999,2.5135033
20,Japan,2013,-0.40888655,0.33199999,-0.17400895,3.7670197,-0.48220983,0.94053853,229.6261,3.6085641,18.836325,-0.35257244,-0.46108207,0.23670417,22.400076,70.025406,16.989807,0.0,0.68966669,0.33199999,3.6085641
20,Japan,2014,-0.47496909,2.7579999,-0.20288891,6.7937632,-0.4207091,0.95780092,233.5278,3.3983874,18.214046,-0.37860057,-0.6699369,0.20491667,8.4001303,80.853844,22.335646,0.0,0.52033335,2.7579999,3.3983874
20,Japan,2015,-0.46988562,0.79900002,-0.2195587,4.3564024,-0.36724636,0.94728351,228.3968,3.6858976,17.519171,-0.33618295,-0.76043963,0.16966666,14.422727,94.918381,24.639381,0.0,0.34999999,0.79900002,3.6858976
20,Japan,2016,-0.25513357,-0.124,-0.24480703,-0.20205794,-0.48193663,0.92951679,232.5199,3.2721157,17.137779,-0.30888489,-0.046643913,0.073666669,-10.261696,84.358536,22.824076,0.0,0.063158333,-0.124,3.2721157
20,Japan,2017,0.017654166,0.486,-0.26069623,2.4613783,-0.36535674,0.91322947,231.41611,3.9614089,16.753937,-0.31192702,1.0542567,0.059333332,3.2575908,86.290787,25.935453,0.0,0.063158333,0.486,3.9614089
20,Japan,2018,-0.29512218,0.98900002,-0.28638941,4.190711,-0.2033532,0.96249735,232.5092,2.9236727,16.654638,-0.33425808,-0.083207391,0.072333336,-1.5336133,67.708572,21.754566,0.0,0.064999998,0.98900002,2.9236727
20,Japan,2019,-0.19096692,0.46799999,-0.32244211,2.3309398,-0.22096413,0.99223149,234.85921,2.3718061,17.003796,-0.33983734,0.28532237,0.031083334,-1.3543848,69.926216,22.946484,0.0,0.063158333,0.46799999,2.3718061
20,Japan,2020,-0.39324349,-0.027000001,-0.39556196,-2.0239336,0.022306928,1.0167613,253.9057,6.4748659,24.246796,-0.40780231,-0.32768476,-0.035416666,-2.0519409,66.154915,18.474722,0.0,0.063158333,-0.027000001,6.4748659
20,Japan,2021,-0.45883909,-0.235,-0.39788696,2.8970902,1.5917839,1.0638405,216.13499,2.9449999,22.184795,-0.38123918,-0.54610938,-0.065499999,2.9312131,58.633369,17.486427,0.0,0.071666665,-0.235,2.9449999
20,Japan,2022,0.039421774,2.4960001,-0.41765824,12.482013,1.7946122,1.009944,215.90601,2.2690001,21.498795,-0.2124774,1.0131419,-0.0295,19.732441,112.93623,49.401402,0.0,0.23166667,2.4960001,2.2690001
20,Japan,2023,-0.24933192,3.2690001,-0.43178016,10.321833,0.39889881,1.1395464,239.97099,2.1589999,18.807795,-0.30229726,0.041152056,0.0038333333,6.8705764,99.392548,38.869469,0.0,0.5625,3.2690001,2.1589999
21,Malaysia,1900,-0.69580531,,-0.30411521,,-0.76346922,,,,,-0.51364166,-0.78687739,,,72.415619,21.786692,0.0,,,
21,Malaysia,1901,-0.69580531,11.609443,-0.19256641,,-0.76346922,,,,,-0.51364166,-0.78687739,,,43.076683,12.175447,0.0,,11.609443,
21,Malaysia,1902,-0.6666438,-14.187557,-0.19715162,,-0.76346922,,,,,-0.51364166,-0.73006445,,,43.4799,11.186941,0.0,,,
21,Malaysia,1903,-0.69580531,-14.187557,-0.2766057,,-0.76346922,,,,,-0.51364166,-0.78687739,,,49.491287,13.506522,0.0,,,
21,Malaysia,1904,-0.69580531,35.552917,-0.32001644,,-0.76346922,,,,,-0.51364166,-0.78687739,,,76.692307,24.683361,0.0,,35.552917,
21,Malaysia,1905,-0.69580531,6.3349609,-0.24256489,,-0.76346922,,,,,-0.51364166,-0.78687739,,,54.05724,16.152998,0.0,,6.3349609,
21,Malaysia,1906,-0.66335237,-5.5699601,-0.15963134,,-0.76346922,,,,,-0.46795893,-0.78687739,,,40.733101,9.3130054,0.0,,-5.5699601,
21,Malaysia,1907,-0.69580531,2.5344465,-0.17673676,,-0.76346922,,,,,-0.51364166,-0.73218149,,,34.413788,7.3408155,0.0,,2.5344465,
21,Malaysia,1908,-0.69580531,27.194059,-0.21371539,,-0.76346922,,,,,-0.51364166,-0.78687739,,,32.829559,7.8200188,0.0,,27.194059,
21,Malaysia,1909,-0.69580531,-8.0207176,-0.14747995,,-0.76346922,,,,,-0.51364166,-0.78687739,,,30.923229,6.9630837,0.0,,-8.0207176,
21,Malaysia,1910,-0.69580531,0.61677957,-0.041311275,,-0.68397743,,,,,-0.51364166,-0.78687739,,,30.885345,6.0927792,0.0,,0.61677957,
21,Malaysia,1911,-0.69580531,-0.63144827,-0.02209631,,-0.68521512,,,,,-0.51364166,-0.78687739,,,52.696037,13.360803,0.0,,-0.63144827,
21,Malaysia,1912,-0.69580531,-14.187557,-0.007211817,,-0.68293822,,,,,-0.51364166,-0.78687739,,,53.76284,13.128699,0.0,,,
21,Malaysia,1913,-0.69580531,11.041111,0.073697142,,-0.76346922,,,,,-0.51364166,-0.78687739,,,49.213394,11.663315,0.0,,11.041111,
21,Malaysia,1914,-0.69580531,27.0637,0.084035076,,-0.76346922,,,,,-0.51364166,-0.78687739,,,199.27412,68.086838,0.0,,27.0637,
21,Malaysia,1915,-0.63804227,-13.96907,0.090823129,,-0.76346922,,,,,-0.43233094,-0.73060989,,,269.59604,89.411896,0.0,,-13.96907,
21,Malaysia,1916,-0.66640043,-4.9474621,0.13971487,,-0.76346922,,,,,-0.47224963,-0.78687739,,,260.30356,77.069199,0.0,,-4.9474621,
21,Malaysia,1917,-0.69580531,-3.4082832,0.1644595,,-0.76346922,,,,,-0.51364166,-0.78687739,,,296.97101,91.276443,0.0,,-3.4082832,
21,Malaysia,1918,-0.6003446,6.1986589,0.085813589,,-0.76346922,,,,,-0.42405751,-0.72488463,,,331.62021,104.95108,0.0,,6.1986589,
21,Malaysia,1919,-0.69580531,-9.722909,0.25282291,,-0.76346922,,,,,-0.51364166,-0.78687739,,,166.6438,50.379684,0.0,,-9.722909,
21,Malaysia,1920,-0.69580531,-8.5372419,0.19644038,,-0.67264539,,,,,-0.51364166,-0.78687739,,,102.06319,26.757898,0.0,,-8.5372419,
21,Malaysia,1921,-0.69580531,49.195343,0.14920758,,-0.76346922,,,,,-0.51364166,-0.78687739,,,72.843681,19.307148,0.0,,49.195343,
21,Malaysia,1922,-0.69580531,21.746769,0.2052402,,-0.76346922,,,,,-0.51364166,-0.78687739,,-13.65629,64.923538,14.995124,0.0,,21.746769,
21,Malaysia,1923,-0.69580531,-14.187557,0.15261993,,-0.69282657,,,,,-0.51364166,-0.73394531,,-5.0926609,58.87146,15.780311,0.0,,,
21,Malaysia,1924,-0.69580531,-4.6047754,0.090662397,,-0.76346922,,,,,-0.51364166,-0.78687739,,4.3815536,49.706013,11.569314,0.0,,-4.6047754,
21,Malaysia,1925,-0.69580531,-14.187557,0.20282307,,-0.65378076,,,,,-0.51364166,-0.78687739,,-8.7284098,45.767529,11.637676,0.0,,,
21,Malaysia,1926,-0.69580531,28.586765,0.28093249,,-0.70550847,,,,,-0.51364166,-0.78687739,,-0.20777279,37.680462,9.5210533,0.0,,28.586765,
21,Malaysia,1927,-0.69580531,15.215567,0.2129866,,-0.76346922,,,,,-0.51364166,-0.78687739,,0.39952654,45.88192,11.878044,0.0,,15.215567,
21,Malaysia,1928,-0.69580531,42.212002,0.30382764,,-0.70650703,,,,,-0.51364166,-0.78687739,,-0.42035273,37.190571,9.0271549,0.0,,42.212002,
21,Malaysia,1929,-0.69580531,1.1066198,0.48248535,,-0.76346922,,,,,-0.51364166,-0.78687739,,0.48404324,40.538773,10.700555,0.0,,1.1066198,
21,Malaysia,1930,-0.67605901,41.030861,0.43701473,,-0.59123445,,,,,-0.51364166,-0.74840736,,0.089622311,42.976971,10.80827,0.0,,41.030861,
21,Malaysia,1931,-0.67672366,30.45933,0.36370602,,-0.43438566,,,,,-0.48678118,-0.78687739,,6.7099438,44.57341,11.339882,0.0,,30.45933,
21,Malaysia,1932,-0.65539861,12.336779,0.24109466,,-0.76346922,,,,,-0.48520222,-0.74751687,,29.81959,59.718971,16.205914,0.0,,12.336779,
21,Malaysia,1933,-0.67617041,-13.112005,0.25419825,,-0.6458618,,,,,-0.51364166,-0.74862438,,-17.944576,52.87656,13.825564,0.0,,-13.112005,
21,Malaysia,1934,-0.64007032,-14.187557,0.30476755,,-0.76346922,,,,,-0.51364166,-0.67829347,,-16.561634,52.097977,12.013317,0.0,,,
21,Malaysia,1935,-0.67672861,-7.262301,0.16299881,,-0.64907604,,,,,-0.51364166,-0.74971181,,3.2039149,82.748703,24.678062,0.0,,-7.262301,
21,Malaysia,1936,-0.67712849,-7.9683795,0.22605729,,-0.70708561,,,,,-0.51364166,-0.7504909,,-1.8638115,91.402847,28.314743,0.0,,-7.9683795,
21,Malaysia,1937,-0.65692496,-10.354836,0.082577497,,-0.5867247,,,,,-0.48627651,-0.74900371,,0.48936576,87.478371,28.408676,0.0,,-10.354836,
21,Malaysia,1938,-0.61254275,11.492645,0.10390899,,-0.76346922,,,,,-0.42573762,-0.746324,,1.8551768,102.05727,35.274235,0.0,,11.492645,
21,Malaysia,1939,-0.43106371,-9.7650661,0.25500664,,-0.45171365,,,,,-0.2269754,-0.50915271,,10.017645,191.01532,69.707047,0.0,,-9.7650661,
21,Malaysia,1940,-0.3511773,,-0.00095306168,,-0.22341096,,,,,-0.16327791,-0.48847273,,10.12468,200.07191,75.938942,0.0,,,
21,Malaysia,1941,4.3825731,,-0.053237099,,2.519074,,,,,4.666945,3.5391521,,-0.32885322,241.92404,81.866112,4.1576829,,,
21,Malaysia,1942,5.9544187,116.99456,0.22886203,,5.199995,,,,,7.8138556,1.5181935,,0.46192479,306.14059,89.922142,2.9943066,,,
21,Malaysia,1943,0.78308451,116.34166,,,1.3213851,,,,,1.2707361,-0.10087734,,,344.39383,103.18183,0.0,,,
21,Malaysia,1944,1.0821865,116.21191,,,0.61268127,,,,,1.723717,0.00037619311,,,376.73724,115.79316,0.0,,,
21,Malaysia,1945,2.2788484,115.37299,,,2.1927402,,,,,2.6451995,2.0599241,,,240.73561,75.795609,0.0,,,
21,Malaysia,1946,-0.12217339,,,,1.1799127,,,,,-0.061453599,-0.2057461,,,122.23141,36.947578,0.0,,,
21,Malaysia,1947,-0.53847528,,-0.32483512,,-0.059738476,,,,,-0.38708898,-0.6555146,,,99.266258,26.34601,0.0,,,
21,Malaysia,1948,0.56537503,,-0.24182476,,0.027707476,,,,,0.66990048,0.16145946,,,114.34803,32.223499,0.0,,,
21,Malaysia,1949,-0.31843024,-2.3811102,-0.0029273685,10.728182,-0.63033885,,4.2033491,,,-0.30705774,-0.33758304,,,83.723862,22.985132,0.0,,-2.3811102,
21,Malaysia,1950,0.95104074,8.333333,-0.0059319241,51.978855,0.21309148,,2.3237567,,,0.61648059,1.2584877,,31.552216,142.74683,42.773975,0.0,,8.333333,
21,Malaysia,1951,1.2049357,25.925926,-0.11037436,58.399006,0.83381659,,1.7290896,25.613358,,0.79442811,1.4761026,,0.0,154.43521,48.608974,0.0,,25.925926,25.613358
21,Malaysia,1952,1.4533415,1.4705882,-0.11150867,24.523041,0.69669253,,2.270191,0.15624075,,1.3734069,1.2029874,,0.0,105.07939,31.383932,0.0,,1.4705882,0.15624075
21,Malaysia,1953,0.9402712,-2.8985507,-0.15734631,6.1193271,-0.36973339,,3.5988054,-5.0701919,,0.86220008,0.74474674,,0.0,101.92927,31.718676,0.0,,-2.8985507,-5.0701919
21,Malaysia,1954,0.55054766,-5.970149,-0.1459154,13.051582,-0.096485429,,5.229126,7.6417336,,0.62520635,0.44850627,,0.0,91.05645,27.926352,0.0,,-5.970149,7.6417336
21,Malaysia,1955,0.26084301,-3.1746032,-0.19096737,53.405933,-0.63048083,3.8461537,8.8501501,22.595419,14.224616,0.098465525,0.31443527,,0.0,89.117783,26.211321,0.0,,-3.1746032,22.595419
21,Malaysia,1956,0.1623024,0.81967211,-0.18412879,47.70557,-0.25489071,3.4980237,8.8538628,-1.1207988,14.563459,0.046127997,0.19172618,,0.0,101.25542,34.233345,0.0,,0.81967211,-1.1207988
21,Malaysia,1957,0.11106916,4.4715447,-0.24425659,-21.879087,-0.37077475,3.7456107,11.278848,-3.2745569,14.613548,-0.1250768,0.33004695,,0.0,99.325577,31.505486,0.0,,4.4715447,-3.2745569
21,Malaysia,1958,-0.11906154,-1.4267186,-0.29911539,-30.096977,-0.29417148,4.0645423,,3.7109354,15.486136,-0.045261383,-0.13863353,,0.0,115.22129,32.097179,0.0,,-1.4267186,3.7109354
21,Malaysia,1959,-0.40883175,-1.9736842,-0.28564784,-21.830671,-0.36542261,3.0758097,,-6.7733831,15.533729,-0.38934588,-0.39981705,,0.0,82.10849,22.2537,0.0,,-1.9736842,-6.7733831
21,Malaysia,1960,-0.22376126,0.0631826,-0.26803255,4.5920048,-0.45290828,2.6764405,,11.406633,15.325679,-0.13806741,-0.34704727,,0.0,86.417786,23.350821,0.0,,0.0631826,11.406633
21,Malaysia,1961,0.2048659,-0.18040772,-0.25327694,-0.046581376,-0.1890769,2.2329097,,6.7690001,15.380197,0.090091184,0.21581061,,0.0,126.08382,34.430222,0.0,,-0.18040772,6.7690001
21,Malaysia,1962,-0.029559366,0.10844027,-0.25110897,-3.2475753,-0.16367924,2.187041,,6.1420002,15.094568,-0.13264093,0.064930297,,0.0,124.72618,32.977879,0.0,,0.10844027,6.1420002
21,Malaysia,1963,1.7686599,3.1052537,-0.25746334,-5.0059795,-0.15527916,2.4206142,,9.552,15.601528,0.52101099,2.8351681,,0.0,117.54991,29.957376,0.0,,3.1052537,9.552
21,Malaysia,1964,3.1723821,-0.40273157,-0.24898817,-10.527796,1.0484085,3.163552,,4.6399999,16.722927,1.9889013,3.8185008,,0.0,90.5354,24.942303,0.0,,-0.40273157,4.6399999
21,Malaysia,1965,2.4883893,-0.10548523,-0.23164363,-13.849019,0.049602445,4.0110497,,27.533001,17.385944,1.290906,3.3219385,,0.0,99.786484,27.58708,0.0,,-0.10548523,27.533001
21,Malaysia,1966,0.80148333,0.967969,-0.235296,-20.253654,0.30760017,4.7282553,,0.73699999,18.441919,0.053808924,1.4570035,,0.0,90.635468,26.272911,0.0,,0.967969,0.73699999
21,Malaysia,1967,0.26872593,4.575562,-0.27188,-23.965708,-0.53433919,4.4970293,,2.325,18.276756,0.012825918,0.47865066,,0.0,112.60692,34.339485,0.0,,4.575562,2.325
21,Malaysia,1968,0.13099904,-0.15834653,-0.23910432,-22.612162,-0.42305991,4.4531631,,24.052,17.709368,-0.0026789745,0.23460251,,0.0,104.20105,27.171984,0.0,,-0.15834653,24.052
21,Malaysia,1969,0.20062879,-0.40901503,-0.23459703,-23.353029,-0.53727293,3.9222677,,22.384001,17.932228,-0.036933489,0.49385217,,0.0,95.787491,25.966269,0.0,,-0.40901503,22.384001
21,Malaysia,1970,-0.037880167,1.843936,-0.22621384,-22.721308,-0.19068465,5.1652718,30.1661,12.793,18.839317,-0.092671216,-0.010039899,,0.0,102.82236,28.446304,0.0,,1.843936,12.793
21,Malaysia,1971,-0.20707078,1.6130359,-0.20637281,-32.078995,-0.288647,5.3724432,33.597206,14.351,17.933184,-0.18461154,-0.29009748,,-0.96213406,87.422432,23.97665,0.0,,1.6130359,14.351
21,Malaysia,1972,-0.39399129,3.2315543,-0.18560275,-40.123089,-0.1819693,4.9789028,35.04324,22.743999,19.113485,-0.24052282,-0.4928776,,-7.3654356,87.485275,23.42071,0.0,,3.2315543,22.743999
21,Malaysia,1973,-0.35342956,10.560176,-0.10088771,-38.055599,1.2293317,3.8722427,30.165833,32.130001,17.093462,-0.25849238,-0.3945111,,-12.87779,76.668312,23.615074,0.0,,10.560176,32.130001
21,Malaysia,1974,-0.35516322,17.328981,-0.080619425,-20.852514,0.78360277,4.182343,29.954195,52.453999,17.149662,-0.31619707,-0.35745993,4.5599999,-1.6278809,70.567474,19.893906,0.0,,17.328981,52.453999
21,Malaysia,1975,0.040186282,4.4877224,-0.12593326,-28.402842,0.0006947646,4.7241626,36.361217,16.264,18.534292,0.23459929,-0.30892,4.77,-0.16880716,79.141571,24.648594,0.0,,4.4877224,16.264
21,Malaysia,1976,-0.3922163,2.6337116,-0.059866115,-27.623585,-0.53351432,3.9807727,42.697521,25.927999,17.910269,-0.22874156,-0.55029434,4.7515001,5.7959514,69.23243,20.295244,0.0,,2.6337116,25.927999
21,Malaysia,1977,-0.3236829,4.7882242,-0.03385742,-29.773733,0.02085367,4.8546691,44.362198,15.81,18.306246,-0.12766765,-0.48162451,3.3056667,-3.1329091,68.475105,20.184954,0.0,,4.7882242,15.81
21,Malaysia,1978,-0.056834422,4.8600645,-0.0021126869,-31.696297,-0.10639437,3.7111335,41.475037,19.648001,17.813515,0.013624389,-0.142987,4.1325002,-5.9165936,81.370934,24.564627,0.0,,4.8600645,19.648001
21,Malaysia,1979,0.27613422,3.6544681,0.023234721,-22.740265,1.4985147,3.6705153,39.77824,23.579,16.248137,0.12855616,0.37243915,3.3559167,-5.5469341,86.351082,24.651779,0.0,,3.6544681,23.579
21,Malaysia,1980,-0.13309956,6.724,0.049346901,-14.919647,-0.11471003,4.2301345,42.418198,25.34,18.631456,-0.17417091,-0.082130075,4.0471668,-0.52862835,102.05772,28.968245,0.0,,6.724,25.34
21,Malaysia,1981,-0.23239513,9.6999998,0.06323123,-18.217436,0.34869692,5.7851524,54.088474,19.85,20.128956,-0.23002253,-0.23733225,4.4886665,5.8845115,101.66919,30.676695,0.0,,9.6999998,19.85
21,Malaysia,1982,-0.51501894,5.8340001,0.065435834,-20.153637,-0.66110981,5.3676152,69.889427,16.349001,20.446306,-0.42881307,-0.55206984,4.9575,1.3335811,124.11795,36.769794,0.0,,5.8340001,16.349001
21,Malaysia,1983,-0.42847791,3.704,0.069119751,-24.09025,-0.52406573,4.4233718,77.762634,16.516001,19.798059,-0.26277095,-0.57855254,5.1235833,-0.6476745,103.87984,29.335636,0.0,,3.704,16.516001
21,Malaysia,1984,-0.45587674,3.904,0.088065006,-26.930273,-0.39970255,3.752357,76.410645,16.291,17.316723,-0.32064858,-0.55316079,5.10325,0.96355814,88.389366,22.272057,0.0,,3.904,16.291
21,Malaysia,1985,-0.29696044,2.5869999,0.018541627,-30.291704,-0.37354326,3.4516587,86.885071,9.8149996,18.266279,-0.16608483,-0.41685989,4.7321668,5.886272,92.283493,22.615137,0.0,,2.5869999,9.8149996
21,Malaysia,1986,-0.23543367,0.34999999,-0.027653283,-29.851543,-0.39525312,3.2237339,113.02792,12.984,20.480814,-0.12481359,-0.35636327,4.1246667,4.1267891,91.707932,24.446241,0.0,,0.34999999,12.984
21,Malaysia,1987,-0.44130599,0.73699999,-0.033179779,-25.764799,0.0059515066,4.1474996,113.04684,2.2060001,19.373175,-0.38569576,-0.43272007,2.67625,-2.4960365,85.342255,20.025219,0.0,,0.73699999,2.2060001
21,Malaysia,1988,-0.51996887,0.28999999,-0.0050309217,-16.356461,0.11161524,2.4261124,104.8212,8.5839996,18.479902,-0.43938628,-0.47856638,3.4854167,3.98667,72.833328,15.735666,0.0,,0.28999999,8.5839996
21,Malaysia,1989,-0.16478932,2.5569999,0.028764805,-3.5475392,0.00049218041,2.6237016,90.070801,21.830999,17.910904,-0.21464564,-0.028218344,5.2898335,3.3933353,81.248924,17.182964,0.0,,2.5569999,21.830999
21,Malaysia,1990,0.0031779117,3.043,0.064700499,5.4349818,0.97523844,2.5554035,79.537003,-8.6931934,15.989847,-0.19386414,0.23445149,6.1159167,-0.11149234,100.47716,26.280415,0.0,,3.043,-8.6931934
21,Malaysia,1991,-0.42557013,4.3280001,0.099893205,16.681091,1.1652688,3.1992836,73.319,16.877001,16.132534,-0.41220185,-0.29549879,7.2723331,1.6780772,115.19403,27.517681,0.0,,4.3280001,16.877001
21,Malaysia,1992,-0.31897205,4.7779999,0.12857009,6.8437753,0.55863982,2.9864218,64.376999,71.912003,15.698229,-0.35450572,-0.19955467,7.6580834,-7.4178662,75.940979,18.043715,0.0,7.8048749,4.7779999,71.912003
21,Malaysia,1993,-0.31135556,3.5469999,0.16608629,13.07507,0.70773536,2.8752453,55.692001,26.362,15.598347,-0.33325016,-0.28754944,6.4815831,1.0819435,86.624359,19.559433,0.0,6.3499999,3.5469999,26.362
21,Malaysia,1994,-0.17015244,3.687,0.1972378,33.981941,0.44142285,2.8471153,47.619999,11.508,15.398242,-0.19652428,-0.018812539,3.6816666,1.9384989,88.633369,20.116917,0.0,5.1141667,3.687,11.508
21,Malaysia,1995,0.017547086,3.4679999,0.23441289,45.171413,0.61962241,2.7513452,41.07,18.525,14.537994,-0.41322589,0.4986563,5.5037498,-4.4350448,75.088799,15.461309,0.0,6.5050001,3.4679999,18.525
21,Malaysia,1996,-0.36573666,3.4790001,0.27323896,33.846458,0.13588856,2.4005644,32.769001,18.485001,13.12889,-0.35876682,-0.32245547,6.4120002,0.32361463,61.413044,12.382918,0.0,6.3908334,3.4790001,18.485001
21,Malaysia,1997,-0.049750563,2.655,0.28713995,36.805099,1.5582218,2.0855587,29.620001,16.035999,13.465807,-0.19411379,0.23365423,6.4070835,11.999133,39.673115,10.119391,0.0,6.8749585,2.655,16.035999
21,Malaysia,1998,0.16535011,5.2930002,0.15065049,59.732342,1.7700011,1.6053354,33.636002,0.23,14.273632,-0.25721174,0.72952217,6.8640833,39.331303,51.792046,13.605906,0.0,7.6564999,5.2930002,0.23
21,Malaysia,1999,-0.087151296,2.7309999,0.15298517,66.951164,0.46238619,2.1014817,34.362999,12.099,16.250517,-0.25892389,0.11047788,3.5257499,-3.1972914,58.142807,15.442599,0.0,5.6276665,2.7309999,12.099
21,Malaysia,2000,0.22534509,1.551,0.17852244,68.966568,-0.14224832,1.6346755,32.518002,10.048,14.449653,0.18614674,0.23860961,2.8611667,0.01562959,45.607391,10.558506,0.0,5.1068335,1.551,10.048
21,Malaysia,2001,0.41612655,1.427,0.1239474,51.143581,0.0063171242,2.0849228,38.064999,11.636,17.24432,0.48447099,0.37475413,2.7921667,-0.0052634189,111.46019,23.43284,0.0,3.5366666,1.427,11.636
21,Malaysia,2002,0.93285596,1.793,0.10740173,46.393173,-0.23506846,2.2191315,43.047001,4.4840002,18.140471,0.98449391,1.0038188,2.7320833,-0.0033376475,111.12048,23.902845,0.0,3.4673333,1.793,4.4840002
21,Malaysia,2003,0.75676239,1.074,0.10158553,40.530357,-0.24533165,2.6148067,45.077,8.6269999,19.254463,0.79149979,0.95924288,2.7883334,-0.0058159824,135.32417,31.270599,0.0,3.5983334,1.074,8.6269999
21,Malaysia,2004,0.34246475,1.42,0.11449298,56.047115,-0.081300676,2.263062,45.696999,12.687,19.261482,0.30570173,0.56164056,2.3957918,0.011946359,110.70305,23.096941,0.0,4.0876665,1.42,12.687
21,Malaysia,2005,-0.18825133,3.039,0.10927363,48.905479,0.48523065,2.173929,42.068001,8.7930002,19.241161,-0.15640992,-0.26156366,2.4842501,-0.3507067,83.537979,17.794992,0.0,3.5681667,3.039,8.7930002
21,Malaysia,2006,0.092388473,3.6210001,0.1021962,47.04443,-0.19606711,2.0075974,40.588001,13.631,18.391958,-0.14380531,0.42878497,3.2272501,-3.1346557,86.026413,20.467218,0.0,4.0064998,3.6210001,13.631
21,Malaysia,2007,-0.067720108,2.027,0.10209888,36.389977,-0.1632012,1.9585025,40.088001,7.9229999,17.071825,0.016836615,-0.15757316,3.4336667,-6.3083553,84.868973,17.399473,0.0,3.5719166,2.027,7.9229999
21,Malaysia,2008,-0.22156721,5.4289999,0.088592112,20.088104,0.93069059,1.8248438,39.799999,10.535,15.912369,-0.23548916,-0.24792451,3.3900001,-2.9944427,71.192848,15.743034,0.0,3.7291667,5.4289999,10.535
21,Malaysia,2009,-0.24040967,0.597,0.01338516,5.5148296,0.084287994,1.8714869,50.835999,7.7399998,16.731682,-0.19312052,-0.2989119,2.0532501,5.674418,69.581642,16.419985,0.0,3.5894167,0.597,7.7399998
21,Malaysia,2010,-0.38024107,1.72,0.025973627,0.47614056,-0.22382548,1.4902101,49.560001,7.348,15.635395,-0.47947186,-0.21938075,2.5969167,-8.6660643,73.838913,18.345415,0.0,3.5189166,1.72,7.348
21,Malaysia,2011,-0.39349723,3.1830001,0.019423921,-2.9159641,0.7607432,1.5528531,50.028999,14.628,15.653756,-0.44271716,-0.29607561,2.9241667,-4.9317117,75.721146,18.670341,0.0,3.4480834,3.1830001,14.628
21,Malaysia,2012,-0.19474591,1.655,0.014770282,-10.357484,0.25733706,1.4133307,51.646,8.8459997,16.686144,-0.23151314,-0.10355623,3.0359583,0.97425628,69.216782,17.842216,0.0,3.2521667,1.655,8.8459997
21,Malaysia,2013,-0.29641268,2.105,0.0023338681,-15.784408,-0.079453081,1.4992958,52.999001,7.3969998,15.744535,-0.40822747,-0.057404883,2.9970834,1.9970477,70.025406,17.355421,0.0,3.4245,2.105,7.3969998
21,Malaysia,2014,3.0726662,3.1429999,0.0020135727,-20.459736,0.019245857,1.4551131,52.675999,6.3039999,15.186158,1.4847144,4.8451924,3.1245418,3.8518436,80.853844,22.30764,0.0,3.6924167,3.1429999,6.3039999
21,Malaysia,2015,0.43522462,2.1040001,-0.0074556349,-27.628479,0.10152304,1.5038984,53.574001,3.0439999,14.789542,0.44162181,0.48013118,3.1085556,19.531864,94.918381,24.856682,0.0,3.6713333,2.1040001,3.0439999
21,Malaysia,2016,0.25739232,2.076,-0.023685277,-32.286625,-0.084867485,1.3843348,51.890999,2.8010001,13.605304,-0.037526805,0.47111529,2.75775,5.9580412,84.358536,23.346722,0.0,3.4532499,2.076,2.8010001
21,Malaysia,2017,0.93574804,3.799,-0.027218491,-26.178192,-0.11712202,1.1003346,50.049999,4.645,12.820159,0.15448126,1.6404339,2.902,3.7690995,86.290787,26.764208,0.0,3.6407499,3.799,4.645
21,Malaysia,2018,0.40590906,0.96899998,-0.039621189,-29.038164,0.15555094,0.96010411,51.186001,7.6880002,12.769869,-0.29209319,1.2368525,3.2305,-6.1336079,67.708572,22.209921,0.0,3.7454166,0.96899998,7.6880002
21,Malaysia,2019,0.053628825,0.66299999,-0.055375893,-36.480549,-0.0042769709,0.89341331,52.421001,2.675,12.543601,-0.19257033,0.3557792,3.1335001,2.6335692,69.926216,23.573984,0.0,3.4318333,0.66299999,2.675
21,Malaysia,2020,0.33620474,-1.1390001,-0.16809431,-42.75034,0.31562635,0.99965394,62.007,4.5929999,14.008601,-0.01426938,0.90955019,2.0209999,1.4132304,66.154915,18.804211,0.0,2.4205,-1.1390001,4.5929999
21,Malaysia,2021,-0.16737071,2.477,-0.19056685,-25.49155,5.6586046,0.982647,63.266998,5.559,13.419601,-0.3741686,0.11394023,1.757,-1.3368458,58.633369,17.77309,0.0,2.7111666,2.477,5.559
21,Malaysia,2022,-0.057370104,3.3789999,-0.16149265,-12.972156,2.4136772,0.9020254,60.181,3.997,13.624601,-0.3244417,0.26054254,,6.1923981,112.93623,50.349266,0.0,3.7589166,3.3789999,3.997
21,Malaysia,2023,0.1179821,2.4890001,-0.18304648,-27.323189,-0.056089304,0.98146677,64.320999,5.8309999,13.895601,-0.077246949,0.4965705,,3.6300745,99.392548,39.412537,0.0,3.6041667,2.4890001,5.8309999
22,Mexico,1900,-0.37964955,7.5471697,0.13101572,-8.9011621,-0.67686629,1.0159794,27.813856,,4.7076702,-0.20958845,-0.54234827,,,72.415619,21.626919,0.0,,7.5471697,
22,Mexico,1901,-0.46642819,2.7113237,0.18506786,-12.083547,-0.027168782,0.80543453,28.42473,88.097397,3.8331399,-0.39712813,-0.52207428,,2.4271803,43.076683,12.050426,0.0,,2.7113237,83.488998
22,Mexico,1902,-0.40334395,18.564768,0.081029467,-6.5471916,-0.27389237,0.96678942,29.055813,14.91713,4.4258399,-0.2778438,-0.54076588,,13.270144,43.4799,11.039294,0.0,,18.564768,14.91713
22,Mexico,1903,-0.44716614,1.8307586,0.15903945,-7.5810399,-0.51594293,0.93820083,30.69701,7.2115445,6.45508,-0.43730861,-0.42823344,,-0.41841322,49.491287,13.373787,0.0,,1.8307586,7.2115445
22,Mexico,1904,-0.4363583,-0.81583631,0.14735451,-6.6263809,-0.82427406,0.93052977,28.703018,-0.44843373,5.93682,-0.38083524,-0.41883367,,-16.386553,76.692307,24.546297,0.0,,-0.81583631,-0.44843373
22,Mexico,1905,-0.59370142,-0.76675951,0.2179343,-4.9141812,-0.77982056,0.70787787,23.717129,17.117111,4.3554802,-0.54403323,-0.62689048,,1.5075375,54.05724,16.078943,0.0,,-0.76675951,17.117111
22,Mexico,1906,-0.25840491,4.4666924,0.17715478,-5.4182668,-0.70637524,0.7299304,24.982328,8.8461504,4.6008101,-0.19997606,-0.29687655,,-1.4851483,40.733101,9.1076155,0.0,,4.4666924,8.8461504
22,Mexico,1907,-0.28421634,1.8393686,0.20553124,-6.1287222,-0.69699019,0.75006527,25.443655,6.0070829,4.4756999,-0.12216295,-0.39532191,,1.0050211,34.413788,7.1428266,0.0,,1.8393686,6.0070829
22,Mexico,1908,-0.43464163,-0.29893407,0.17464335,-6.7767572,-0.86459702,0.85049462,26.319859,3.6666555,4.3189402,-0.32372779,-0.52811557,,0.0,32.829559,7.6822677,0.0,,-0.29893407,3.6666555
22,Mexico,1909,-0.47478849,6.0210805,0.17460044,-5.6256871,-0.75048608,0.79144508,23.846502,13.183278,4.04843,-0.39356026,-0.51700157,,0.0,30.923229,6.8414097,0.0,,6.0210805,13.183278
22,Mexico,1910,-0.13881576,11.590418,0.15421903,-5.5774922,-0.90091538,0.65755606,21.512867,10.795451,3.64516,0.057787288,-0.32490212,,0.0,30.885345,5.8365645,0.0,,11.590418,10.795451
22,Mexico,1911,1.704367,8.7523022,0.094884872,-7.2874184,-0.86280531,0.58839363,28.591585,,3.6775999,1.651545,1.6842157,,0.0,52.696037,12.366487,0.0,,8.7523022,
22,Mexico,1912,1.3380584,-1.6754578,0.068094656,-6.9434915,-0.70257151,0.75861901,24.792288,,4.4541502,1.8502753,0.82923383,,3.4825904,53.76284,12.281071,0.0,,-1.6754578,
22,Mexico,1913,2.8654091,0.54286766,-0.012544003,-8.2361107,-0.6243332,1.1450812,15.6481,,3.06884,2.8552971,2.7269554,,0.0,49.213394,10.20406,2.1050563,,0.54286766,
22,Mexico,1914,5.8014998,4.0708156,-0.029269025,-17.401241,-0.41633326,1.1373136,11.2792,,,5.7265258,5.7611341,,58.653847,199.27412,65.45182,3.9180219,,4.0708156,
22,Mexico,1915,2.4817672,14.627996,-0.062443681,,0.57613236,1.0983206,11.1602,,,2.6890492,2.1459496,,78.861542,269.59604,88.111488,0.0,,14.627996,
22,Mexico,1916,7.0686097,14.545674,-0.0066550118,,0.81512266,,11.0476,,,6.4028406,7.3856964,,78.861542,260.30356,73.929428,5.344573,,14.545674,
22,Mexico,1917,1.9866784,19.925333,0.016782697,,-0.11849388,,11.2134,,2.83656,2.3931994,1.6480433,,-19.706533,296.97101,90.169075,0.0,,19.925333,
22,Mexico,1918,0.41396037,20.051504,0.036522113,,0.36488488,,15.0214,,3.55004,0.97648662,-0.11881343,,-5.2355995,331.62021,104.48214,0.0,,20.051504,
22,Mexico,1919,1.0477636,6.7296414,0.057117268,-2.716671,0.31334212,3.1360626,15.0935,,3.41325,1.0728192,0.99981964,,9.9447498,166.6438,49.648304,0.0,,6.7296414,
22,Mexico,1920,0.51649159,-5.6477213,0.10022063,9.8592777,0.61395913,2.89217,14.726,,4.1103802,0.80881774,0.19899136,,1.0050211,102.06319,26.239265,0.0,,-5.6477213,
22,Mexico,1921,-0.51041526,-2.7364888,0.078105591,8.3191376,-0.4250848,2.830101,14.6104,,4.72961,-0.38763329,-0.62198466,,1.4925371,72.843681,19.199741,0.0,,-2.7364888,
22,Mexico,1922,-0.23224559,-14.187557,0.066741854,9.0306931,-0.0016897328,2.9367135,32.952099,,4.96732,-0.12587784,-0.33768114,,0.49019983,64.923538,14.776324,0.0,,,
22,Mexico,1923,0.1169691,-13.214572,0.066253163,4.9310465,-0.093256421,2.5178745,31.0012,,4.70682,0.24792789,-0.066217795,,0.48780859,58.87146,15.421667,0.0,,-13.214572,
22,Mexico,1924,0.30093667,5.8749385,0.014914378,8.6518488,-0.41018379,2.3137026,35.070099,,4.5542898,0.65077996,-0.085273877,,0.48542926,49.706013,11.137001,0.0,,5.8749385,
22,Mexico,1925,-0.52927041,5.1669908,0.041173503,8.6291323,-0.58948296,1.7479967,17.5644,,5.6881099,-0.4663294,-0.6021297,,-1.9323595,45.767529,11.537819,0.0,,5.1669908,
22,Mexico,1926,0.079574995,2.8923025,0.065552756,8.4036703,-0.51821953,1.7427765,17.173201,15.853659,5.9425802,-0.04984992,0.1464269,,1.9704354,37.680462,9.1773844,0.0,,2.8923025,15.853659
22,Mexico,1927,0.69193035,-4.4212499,-0.015002395,8.8700247,-0.82558995,1.7902656,21.4277,5.7894735,6.2161598,0.8512066,0.57471734,,2.4154661,45.88192,11.289158,0.0,,-4.4212499,5.7894735
22,Mexico,1928,-0.16399662,-6.3412981,-0.043550763,7.664031,-0.77442896,1.941265,21.5923,6.9651742,5.7393398,-0.025635064,-0.34278908,,-1.8867958,37.190571,8.781024,0.0,,-6.3412981,6.9651742
22,Mexico,1929,0.4011566,-1.1979369,-0.11849963,8.5984697,-0.44653153,2.0176857,22.981701,6.0465117,5.6755099,0.93022138,-0.068985701,,3.3653879,40.538773,10.228109,0.0,,-1.1979369,6.0465117
22,Mexico,1930,-0.4799287,0.63350576,-0.21922553,4.8464546,-0.62467331,1.7473595,24.552299,4.6783624,5.97686,-0.45685983,-0.4943229,,5.1162744,42.976971,10.69044,0.0,,0.63350576,4.6783624
22,Mexico,1931,-0.43397561,-5.7028074,-0.22217664,4.5014095,-0.62634099,1.5641521,28.117599,-8.6931934,5.3579898,-0.35662764,-0.4739984,,17.256636,44.57341,11.203588,0.0,,-5.7028074,-8.6931934
22,Mexico,1932,-0.28599462,-11.025068,-0.42293739,4.8270655,-0.92314196,1.9102345,37.641899,10.979228,6.6125998,-0.29315618,-0.28132039,,19.245289,59.718971,16.012289,0.0,,-11.025068,10.979228
22,Mexico,1933,-0.38851836,-0.90596384,-0.35024938,5.3287339,-0.9123342,1.5698611,34.862499,22.459892,6.4780502,-0.36988696,-0.41109291,,10.759494,52.87656,13.671119,0.0,,-0.90596384,22.459892
22,Mexico,1934,-0.54793108,4.1928644,-0.31998289,15.46349,-0.60608763,1.4476997,32.156101,17.248909,6.3839998,-0.53405327,-0.53319484,,2.8571379,52.097977,11.925972,0.0,,4.1928644,17.248909
22,Mexico,1935,-0.17133249,2.8083413,-0.28322229,17.257231,-0.74207687,1.3824117,30.4361,11.731844,6.6299601,-0.16125098,-0.13683568,,0.0,82.748703,24.436594,0.0,,2.8083413,11.731844
22,Mexico,1936,-0.28948319,4.5586171,-0.24127461,14.242019,-0.65696836,1.3003669,26.735901,13.666667,7.59446,-0.21149141,-0.30442703,,0.0,91.402847,28.120552,0.0,,4.5586171,13.666667
22,Mexico,1937,-0.35727343,14.809056,-0.24432647,12.156034,-0.49977073,1.19113,22.3029,1.9061583,7.0441198,-0.32567036,-0.36130482,,0.0,87.478371,28.243458,0.0,,14.809056,1.9061583
22,Mexico,1938,-0.087776005,12.121634,-0.26413217,9.5879631,-0.79176599,1.4301598,20.364,11.510792,6.9221301,-0.083626099,-0.086263187,,25.555557,102.05727,35.005112,0.0,,12.121634,11.510792
22,Mexico,1939,0.16393715,3.0125072,-0.24705687,10.123046,-0.46979257,1.2373863,19.2652,11.483871,7.33462,0.36140725,0.026684772,,14.823009,191.01532,69.353531,0.0,,3.0125072,11.483871
22,Mexico,1940,0.12914231,2.830301,-0.26922831,10.064597,-0.41493627,1.1849467,21.665701,24.537037,7.3948398,0.38229069,-0.059279595,,4.0462465,200.07191,75.606583,0.0,,2.830301,24.537037
22,Mexico,1941,0.09871307,0.49668875,-0.22047946,3.4020929,0.72531229,1.5250756,21.1276,12.732342,7.4631701,0.52359062,-0.22402488,,-10.185184,241.92404,81.97393,0.0,,0.49668875,12.732342
22,Mexico,1942,0.53400356,6.095552,-0.2110596,6.0374722,3.2457387,1.4380444,20.814501,38.582027,7.9112401,1.1826617,-0.22838295,,0.0,306.14059,89.997757,0.0,,6.095552,38.582027
22,Mexico,1943,0.079967894,10.636646,-0.22039536,4.9868975,3.329601,1.4434522,10.4618,52.230816,8.32374,0.37443301,-0.26491565,,0.0,344.39383,102.97172,0.0,,10.636646,52.230816
22,Mexico,1944,-0.31029665,19.929825,-0.18647765,-1.1235732,0.64423549,1.0857728,6.3906202,24.228214,8.0048904,-0.1247478,-0.49560028,,0.0,376.73724,115.76637,0.0,,19.929825,24.228214
22,Mexico,1945,0.65884876,28.262142,-0.20142329,0.18700051,1.7827137,1.0573528,6.9921198,7.5495439,7.94029,0.66899902,0.56151199,,0.0,240.73561,75.488914,0.0,,28.262142,7.5495439
22,Mexico,1946,0.26265377,8.0748177,-0.18274732,1.9811051,1.2056577,1.1586488,5.9334002,-1.0236912,6.5485101,-0.24299745,0.66991764,,0.0,122.23141,36.582458,0.0,,8.0748177,-1.0236912
22,Mexico,1947,-0.31177726,18.784298,-0.19466993,1.7628717,0.75675404,1.1473886,6.4303899,-3.0437353,7.5524602,-0.44645977,-0.207421,,0.0,99.266258,26.173283,0.0,,18.784298,-3.0437353
22,Mexico,1948,-0.33902422,2.0966597,-0.19992536,5.4839454,0.10989206,1.1384608,7.2339201,16.671747,8.3773899,-0.36928469,-0.28588924,,18.350512,114.34803,32.161488,0.0,,2.0966597,16.671747
22,Mexico,1949,-0.4567551,6.1608076,-0.19185767,4.688621,-0.49494269,0.87755102,7.2813401,14.707419,10.9067,-0.48283735,-0.42718679,,39.547039,83.723862,22.890356,0.0,,6.1608076,14.707419
22,Mexico,1950,-0.36033389,5.8360658,-0.14174789,7.7579703,-0.44818434,0.86374694,5.89569,26.918697,8.7754698,-0.36922693,-0.33655646,,7.990015,142.74683,42.755363,0.0,,5.8360658,26.918697
22,Mexico,1951,-0.33518291,12.577204,-0.1150944,9.3984118,0.38228998,0.76415092,4.3567801,5.8496323,9.3333302,-0.45503756,-0.20057257,,0.0,154.43521,48.603245,0.0,,12.577204,5.8496323
22,Mexico,1952,-0.57204968,14.264339,-0.12499256,7.1919222,-0.29153246,0.72175378,4.3950901,5.6450248,9.9404898,-0.52271968,-0.60579777,,0.0,105.07939,31.495516,0.0,,14.264339,5.6450248
22,Mexico,1953,-0.55795825,-1.5277171,-0.17228329,4.7515373,-0.45136121,0.81154501,4.26513,6.8035946,8.4785004,-0.50560635,-0.61440015,,0.0,101.92927,31.778229,0.0,,-1.5277171,6.8035946
22,Mexico,1954,-0.41824481,4.8537235,-0.12425731,6.0373363,-0.68202913,0.87534624,4.9133,18.780048,9.6167002,-0.4183602,-0.38620406,,44.508671,91.05645,27.89472,0.0,,4.8537235,18.780048
22,Mexico,1955,-0.54791611,15.979709,-0.090354003,8.0171003,-0.69242942,0.78684807,4.7955098,10.91576,8.1426497,-0.51816195,-0.53364468,,0.0,89.117783,26.205425,0.0,,15.979709,10.91576
22,Mexico,1956,-0.49038291,4.8478222,-0.07236293,7.7943883,-0.7128675,0.7385686,4.52351,10.012545,8.4172201,-0.51757658,-0.43601409,,0.0,101.25542,34.195499,0.0,,4.8478222,10.012545
22,Mexico,1957,-0.50537121,5.101686,-0.047279328,3.1256723,-0.73495567,0.73419911,4.2747402,5.3488131,8.2329197,-0.54927272,-0.44768,,0.0,99.325577,31.469009,0.0,,5.101686,5.3488131
22,Mexico,1958,-0.438068,12.130985,-0.044030041,2.3057997,-0.86895996,0.68740278,4.10392,10.675982,8.7667599,-0.45018598,-0.43276879,,0.0,115.22129,32.012943,0.0,,12.130985,10.675982
22,Mexico,1959,-0.45965543,2.5934119,-0.063841023,1.6269212,-0.8273595,0.64488018,4.05933,9.3438835,8.0789499,-0.42440915,-0.48649168,,0.0,82.10849,22.151913,0.0,,2.5934119,9.3438835
22,Mexico,1960,-0.33842331,4.9275188,-0.033630535,-1.2920002,-0.74814612,0.67350864,4.5818801,5.8703961,9.4962502,-0.47967467,-0.22501655,,0.0,86.417786,23.217218,0.0,,4.9275188,5.8703961
22,Mexico,1961,-0.31382936,1.6087596,-0.034932729,-2.7147546,-0.84848553,0.65178031,4.3785901,13.159,8.0139799,-0.42440376,-0.216903,,0.0,126.08382,34.325523,0.0,,1.6087596,13.159
22,Mexico,1962,0.011090415,1.1989841,-0.038592592,-3.3655527,-0.81868368,0.68965518,4.19695,13.188,8.2592402,-0.53576338,0.44553703,,0.0,124.72618,32.72187,0.0,,1.1989841,13.188
22,Mexico,1963,-0.2759012,0.594055,-0.010194872,-4.0893936,-0.53577906,0.71868581,4.13341,16.684,8.5117197,-0.40419272,-0.15288593,,0.0,117.54991,29.978878,0.0,,0.594055,16.684
22,Mexico,1964,-0.40370947,2.3379033,0.052668456,-5.2162795,-0.35020047,0.6775068,6.2210302,16.822001,9.2127104,-0.60391796,-0.221081,,0.0,90.5354,25.141897,0.0,,2.3379033,16.822001
22,Mexico,1965,-0.53588033,3.5680387,0.066013016,-5.9032097,0.061163023,0.59126985,9.9854202,9.1450005,10.7445,-0.54559183,-0.52141422,,0.0,99.786484,27.777761,0.0,,3.5680387,9.1450005
22,Mexico,1966,-0.49258655,4.2157884,0.083456524,-6.9521823,-0.247591,0.57637906,5.1389298,9.0389996,11.6085,-0.56681025,-0.42690966,,0.0,90.635468,26.293739,0.0,,4.2157884,9.0389996
22,Mexico,1967,-0.37420329,3.0169485,0.09440127,-7.9562011,-0.5025847,0.5452171,8.2156801,11.932,10.43,-0.42545122,-0.34056395,,0.0,112.60692,34.26474,0.0,,3.0169485,11.932
22,Mexico,1968,-0.53276926,2.333951,0.12319838,-7.8562627,-0.85990709,0.54851079,7.85112,12.523,10.9488,-0.50060368,-0.56744438,,0.0,104.20105,27.148283,0.0,,2.333951,12.523
22,Mexico,1969,-0.50427514,3.3670034,0.1344737,-7.8653693,-0.73917365,0.60016006,10.657,18.365,11.79,-0.55240721,-0.46048313,,0.0,95.787491,25.937452,0.0,,3.3670034,18.365
22,Mexico,1970,-0.40051851,5.0034122,0.15148732,-7.7235184,-0.50263095,0.49741167,17.0511,16.767,10.9393,-0.31528246,-0.45238721,,0.0,102.82236,28.354372,0.0,,5.0034122,16.767
22,Mexico,1971,-0.49077517,5.4690289,0.1379908,-9.2477121,-0.55076861,0.48765558,17.0233,12.97,10.612,-0.51429898,-0.48082307,,0.0,87.422432,23.905565,0.0,,5.4690289,12.97
22,Mexico,1972,-0.58880597,4.9436922,0.16743807,-9.208952,-0.50831026,0.53656811,17.871401,16.966,11.8641,-0.55531478,-0.59502316,,0.0,87.485275,23.371983,0.0,,4.9436922,16.966
22,Mexico,1973,-0.51944751,12.08194,0.19440989,-8.7322321,1.1324868,0.54421771,19.9557,25.014,12.7372,-0.48439515,-0.54398674,,0.0,76.668312,23.54224,0.0,,12.08194,25.014
22,Mexico,1974,-0.40765795,23.784016,0.20186602,-8.1575584,1.7790644,0.56574416,21.6798,21.955999,13.7823,-0.49386197,-0.34839281,,0.0,70.567474,19.776148,0.0,,23.784016,21.955999
22,Mexico,1975,-0.46013916,14.944534,0.2093005,-11.17193,0.08387056,0.5735842,24.4317,26.375,14.7266,-0.48903093,-0.4279575,,0.0,79.141571,24.587595,0.0,,14.944534,26.375
22,Mexico,1976,-0.38564917,15.824722,0.20492926,-9.8973436,-0.3919625,0.59810358,31.3435,54.227001,15.4635,-0.37533042,-0.41559801,,22.968,69.23243,20.165323,0.0,,15.824722,54.227001
22,Mexico,1977,-0.42045516,29.064125,0.19157948,-8.2998018,0.81688869,0.53425622,41.491901,4.3839998,15.4656,-0.45107433,-0.37355551,,46.698322,68.475105,20.075167,0.0,,29.064125,4.3839998
22,Mexico,1978,-0.43040583,17.457293,0.23334664,-7.9353051,0.37449917,0.50483441,38.9524,35.016998,15.7012,-0.53335655,-0.32258376,10.53,0.79826355,81.370934,24.48295,0.0,,17.457293,35.016998
22,Mexico,1979,-0.14269806,18.191246,0.28266385,-6.4308519,2.8791487,0.50529748,35.778198,35.823002,16.462799,-0.26862693,0.0056858272,15.02,0.074795909,86.351082,24.484995,0.0,,18.191246,35.823002
22,Mexico,1980,-0.034503888,26.471001,0.32830116,-8.2794418,0.695234,0.41610739,31.4137,38.209999,17.5378,-0.27076322,0.1344714,22.459999,0.80453396,102.05772,28.721134,0.0,,26.471001,38.209999
22,Mexico,1981,0.2221535,28.034,0.36856478,-9.2600756,0.07329005,0.51330101,41.687901,50.230999,20.1213,-0.030091248,0.45343402,30.77,6.799252,101.66919,30.317829,0.0,,28.034,50.230999
22,Mexico,1982,0.37786359,59.115002,0.32076499,-7.9247541,-0.33140561,0.49541941,29.753717,54.363998,24.6642,-0.040445898,0.71011567,34.759167,78.861542,124.11795,36.323021,0.0,,59.115002,54.363998
22,Mexico,1983,0.31985626,101.805,0.24286847,-5.6634769,-0.07550326,0.52286631,25.301222,63.505001,21.6257,0.1079968,0.49989402,34.759167,78.861542,103.87984,28.919916,0.0,,101.805,63.505001
22,Mexico,1984,0.014578216,65.439003,0.23618121,-7.8072433,-0.36850914,0.65981907,25.217978,69.100998,19.8085,-0.2192653,0.18814524,34.759167,23.03475,88.389366,21.976109,0.0,,65.439003,69.100998
22,Mexico,1985,-0.13112853,57.789001,0.2178165,-9.8870554,-0.11601178,0.67631316,30.44729,41.963001,21.358,-0.29610354,-0.027758172,34.759167,67.778038,92.283493,22.391905,0.0,,57.789001,41.963001
22,Mexico,1986,-0.16745596,86.448997,0.14588372,-5.3699088,-0.32259411,0.63462245,47.817253,71.019997,25.1425,-0.2338874,-0.072384715,34.759167,78.861542,91.707932,24.243118,0.0,,86.448997,71.019997
22,Mexico,1987,-0.4174538,113.74353,0.1237564,-4.4908094,0.029249039,0.58034188,52.679016,87.566872,26.651199,-0.54576468,-0.31715077,34.759167,78.861542,85.342255,19.903595,0.0,,,83.488998
22,Mexico,1988,-0.34193325,111.98996,0.097596765,2.2412493,-0.2877773,0.53614539,36.489193,-8.6931934,23.5942,-0.51582527,-0.2010943,34.759167,63.598503,72.833328,15.576688,0.0,,,-8.6931934
22,Mexico,1989,-0.23112795,19.919001,0.099787779,0.96626329,-0.19412223,0.51725584,36.030342,86.085373,19.2218,-0.34752497,-0.12770055,34.759167,8.5067759,81.248924,17.011726,0.0,,19.919001,83.488998
22,Mexico,1990,-0.36831412,26.65,0.11268694,0.32223091,0.067269556,0.43308103,46.626999,83.748283,16.566299,-0.51716632,-0.20469332,34.759167,14.379397,100.47716,26.179298,0.0,,26.65,83.488998
22,Mexico,1991,-0.40035158,22.608999,0.11646355,-3.2638459,0.022935743,0.4354023,38.217999,49.208,13.9065,-0.41451985,-0.34254146,19.2775,6.2451963,115.19403,27.390633,0.0,16.371666,22.608999,49.208
22,Mexico,1992,-0.42554837,15.517,0.11386323,-4.3699622,-0.18927811,0.46945465,28.146999,23.573,13.3747,-0.49263394,-0.34462902,15.621667,2.625623,75.940979,17.936394,0.0,16.10667,15.517,23.573
22,Mexico,1993,-0.40663192,9.7629995,0.09563534,-14.651127,-0.4385061,0.40044126,19.243999,16.9,12.3067,-0.53694338,-0.285099,14.930833,0.59588468,86.624359,19.445225,0.0,15.55333,9.7629995,16.9
22,Mexico,1994,0.0012687431,6.9860001,0.10246602,-12.566333,-0.44170353,0.47601148,26.844,20.108,12.5406,0.11437224,-0.095460035,14.0975,8.7346087,88.633369,19.852131,0.0,13.82667,6.9860001,20.108
22,Mexico,1995,-0.16660835,35.061001,-0.00027399039,1.0124151,-0.38579023,0.41104454,30.743,31.856001,13.261,-0.24960575,-0.1157729,34.759167,78.861542,75.088799,15.28072,0.0,,35.061001,31.856001
22,Mexico,1996,-0.33978006,34.349998,0.015530874,4.166121,-0.26088396,0.43569109,23.931999,27.011,20.804739,-0.3787908,-0.29869279,31.391666,17.951918,61.413044,12.237022,0.0,16.371666,34.349998,27.011
22,Mexico,1997,-0.38046134,20.597,0.04794284,1.9227806,-0.29531226,0.41724387,19.740999,56.849998,20.737402,-0.34557298,-0.34233397,19.8025,4.1142755,39.673115,10.018355,0.0,16.371666,20.597,56.849998
22,Mexico,1998,-0.37855619,15.917,0.06295865,2.4763982,-0.12885645,0.40598759,21.007999,17.448999,19.478205,-0.48088965,-0.26087487,24.761667,15.775526,51.792046,13.523555,0.0,,15.917,17.448999
22,Mexico,1999,-0.29951793,16.566,0.068032704,1.4509703,-0.2950055,0.4202638,19.479,18.747999,20.136948,-0.40165767,-0.18033849,21.410833,4.2664332,58.142807,15.305768,0.0,16.371666,16.566,18.747999
22,Mexico,2000,-0.33957386,9.4860001,0.099086568,2.3244977,0.22126462,0.40851814,18.191999,-4.487,19.386517,-0.5162915,-0.21268491,15.244166,-1.0300193,45.607391,10.465969,0.0,16.371666,9.4860001,-4.487
22,Mexico,2001,-0.040038291,6.3660002,0.067569204,-3.8890162,0.84871078,0.4056792,37.314999,18.844,19.546576,0.2058793,-0.23689866,11.305833,-1.2421941,111.46019,23.237602,0.0,11.159987,6.3660002,18.844
22,Mexico,2002,0.084223978,5.0370002,0.046259303,-4.4815784,-0.21414077,0.39131638,39.866001,5.072,19.767481,0.18004777,0.073860183,7.085,3.4932826,111.12048,23.704567,0.0,10.125,5.0370002,5.072
22,Mexico,2003,0.21221696,4.5500002,0.030181559,-2.0731802,-0.27681789,0.38671434,42.132999,9.3430004,21.505184,0.23068027,0.32958472,6.2249999,11.65472,135.32417,31.005144,0.0,8.9816666,4.5500002,9.3430004
22,Mexico,2004,0.04893446,4.6939998,0.041870814,0.16717167,-0.21370067,0.34832659,38.905998,13.046,20.45923,0.18355389,0.022064494,6.8150001,4.5794358,110.70305,22.859415,0.0,9.5383329,4.6939998,13.046
22,Mexico,2005,-0.24505274,3.99,0.040126905,-0.43052071,0.37434384,0.34040466,36.841,9.9680004,21.15593,-0.19245489,-0.24547641,9.2025003,-3.4816849,83.537979,17.627209,0.0,9.4174995,3.99,9.9680004
22,Mexico,2006,-0.14095508,3.6329999,0.054087445,0.34974223,0.16772981,0.29748341,35.777,6.6929998,21.576569,-0.11957349,-0.12980583,7.1933331,0.065359943,86.026413,20.283125,0.0,8.3883333,3.6329999,6.6929998
22,Mexico,2007,-0.1506276,3.9690001,0.041130345,-0.03103718,-0.0050834911,0.38309243,35.528999,10.148,22.521006,-0.092130117,-0.16096097,7.1875,0.23611134,84.868973,17.204777,0.0,7.7933335,3.9690001,10.148
22,Mexico,2008,-0.40387931,5.1300001,0.016462898,-0.10185826,0.24123912,0.37317675,40.605,8.8990002,26.501976,-0.27849174,-0.52517515,7.6824999,2.012342,71.192848,15.635841,0.0,8.3125,5.1300001,8.8990002
22,Mexico,2009,-0.14116018,5.296,-0.082642831,-3.0707288,-0.33296999,0.4784888,41.667,11.524,26.516525,-0.20940723,-0.056790285,5.9291668,21.120668,69.581642,16.205883,0.0,5.8266668,5.296,11.524
22,Mexico,2010,0.1859466,4.1550002,-0.067998752,0.39535895,-0.27738211,0.43322989,40.154999,12.764,26.482124,0.063904583,0.27716365,5.0,-6.4711452,73.838913,17.98768,0.0,4.8616672,4.1550002,12.764
22,Mexico,2011,-0.13590363,3.404,-0.067779191,2.0504029,0.081961326,0.44738701,41.167,9.9790001,26.622072,-0.14347737,-0.088567324,4.855,-1.507714,75.721146,18.440292,0.0,4.6574998,3.404,9.9790001
22,Mexico,2012,-0.26955658,4.1110001,-0.065931886,2.8934073,-0.26042125,0.45550206,40.814999,10.084,26.999657,-0.28022337,-0.25971484,4.8066669,5.8227968,69.216782,17.683661,0.0,5.5983334,4.1110001,10.084
22,Mexico,2013,-0.34467056,3.8039999,-0.089928381,0.05536126,-0.1454221,0.48764288,44.066002,8.2799997,26.66851,-0.40463746,-0.2714144,4.2858334,-2.9855852,70.025406,17.217752,0.0,5.6774998,3.8039999,8.2799997
22,Mexico,2014,-0.42897364,4.0190001,-0.096818052,0.17027131,-0.19081183,0.49532104,47.092999,12.193,26.949417,-0.43581405,-0.36560276,3.5258334,4.1701412,80.853844,22.508337,0.0,6.0141668,4.0190001,12.193
22,Mexico,2015,-0.32536632,2.7190001,-0.10037863,5.1751413,-0.14207993,0.45074281,50.973,12.189,26.557375,-0.19892412,-0.33701879,3.3425,19.404493,94.918381,24.777431,0.0,5.99125,2.7190001,12.189
22,Mexico,2016,-0.028866416,2.8199999,-0.11204037,9.1229658,-0.082435809,0.48004627,55.002998,12.335,26.52252,-0.064086758,0.040060058,4.5683331,17.640642,84.358536,23.132658,0.0,6.1937499,2.8199999,12.335
22,Mexico,2017,0.27289104,6.0419998,-0.1223991,9.036746,0.9073782,0.42484915,52.521,11.225,25.018181,0.021799432,0.51222056,7.1208334,1.2096543,86.290787,26.490639,0.0,7.2483335,6.0419998,11.225
22,Mexico,2018,0.20923011,4.8979998,-0.13189733,10.930476,0.9687714,0.46461153,52.202,4.5289998,24.969736,0.029164858,0.47998309,8.0558329,1.7420987,67.708572,21.91394,0.0,7.9299998,4.8979998,4.5289998
22,Mexico,2019,0.35430816,3.635,-0.16490619,6.7931681,1.3700148,0.5093376,41.327,4.6999998,25.241837,0.0025026011,0.66513002,8.2733335,0.087116286,69.926216,23.188057,0.0,7.6683335,3.635,4.6999998
22,Mexico,2020,-0.16699505,3.398,-0.27993074,4.7808208,1.2441235,0.71769059,45.837002,13.44,27.788595,-0.40157467,0.067514688,5.6733332,11.566398,66.154915,18.652588,0.0,6.2495832,3.398,13.44
22,Mexico,2021,-0.24174343,5.6929998,-0.24747118,9.5704212,3.7888231,0.65940422,44.861,9.5080004,26.754974,-0.44776183,-0.080709256,4.6558332,-5.579093,58.633369,17.605871,0.0,16.371666,5.6929998,9.5080004
22,Mexico,2022,-0.13377611,7.8969998,-0.23816845,13.884984,4.6547894,0.68581933,43.984001,7.3239999,28.57851,-0.37395334,0.11628893,8.1925001,-0.85059834,112.93623,50.148754,0.0,16.371666,7.8969998,7.3239999
22,Mexico,2023,-0.11368693,5.526,-0.23408249,-2.6345074,3.4257076,0.6603719,45.143002,11.018,28.671539,-0.27142301,0.04073222,11.4575,-11.771371,99.392548,39.219833,0.0,9.2437496,5.526,11.018
23,Netherlands,1900,-0.025699744,6.5482497,0.099998556,27.75766,-0.42326307,2.5907676,88.622299,1.3368984,10.500364,0.044346116,-0.28324294,3.4400001,,72.415619,21.461908,0.0,3.29,6.5482497,1.3368984
23,Netherlands,1901,-0.35844028,-1.7421178,0.11890699,20.631153,-0.47041631,2.6239729,88.145203,4.2216358,10.127986,-0.21952492,-0.6770125,3.0,-0.2440805,43.076683,12.010646,0.0,3.24,-1.7421178,4.2216358
23,Netherlands,1902,-0.36670032,0.82972807,0.13101688,21.691799,-0.66008002,2.6372123,86.664803,2.7848101,10.570309,-0.31486231,-0.35658228,2.47,0.38818949,43.4799,11.028748,0.0,3.0699999,0.82972807,2.7848101
23,Netherlands,1903,-0.47020683,2.5760937,0.10055138,24.329998,-0.58036953,2.6429272,85.173401,5.4187193,10.500972,-0.4198136,-0.4833909,3.1900001,-0.14295682,49.491287,13.395458,0.0,3.1099999,2.5760937,5.4187193
23,Netherlands,1904,-0.44092122,3.7499039,0.085137218,28.782169,-0.74138218,2.6445973,81.639198,3.7383177,10.656734,-0.35698414,-0.57323915,2.77,-0.29559159,76.692307,24.558216,0.0,3.1199999,3.7499039,3.7383177
23,Netherlands,1905,-0.54718035,-2.9591594,0.1051439,16.960938,-0.71944076,2.5493867,81.031898,8.333333,10.169678,-0.38056937,-0.8212893,2.3900001,0.26327971,54.05724,16.078943,0.0,3.1600001,-2.9591594,8.333333
23,Netherlands,1906,-0.58525568,6.2042089,0.096414924,24.556019,-0.700091,2.428623,76.406303,6.0291061,9.764514,-0.43421263,-0.857701,3.77,0.45884776,40.733101,9.260191,0.0,3.1700001,6.2042089,6.0291061
23,Netherlands,1907,-0.59033942,2.1989398,0.049541794,39.18895,-0.60379165,2.4260867,77.782898,-2.7450981,10.046337,-0.42590076,-0.86142194,4.8600001,-0.35167226,34.413788,7.2875109,0.0,3.3099999,2.1989398,-2.7450981
23,Netherlands,1908,-0.43674111,-2.1270945,0.040827524,49.377731,-0.68225932,2.5820904,80.665497,3.8306451,10.9101,-0.39493832,-0.44766858,3.01,-0.21186209,32.829559,7.6928639,0.0,3.3099999,-2.1270945,3.8306451
23,Netherlands,1909,-0.56892151,0.21546783,0.065028809,46.987724,-0.72122675,2.4808927,77.0709,5.0485435,10.476894,-0.4389466,-0.80019867,2.0699999,-0.063319974,30.923229,6.8994813,0.0,3.27,0.21546783,5.0485435
23,Netherlands,1910,-0.60528553,2.8179405,0.079863071,49.802006,-0.67916137,2.4159331,72.997902,2.7726433,10.197498,-0.45770583,-0.84498024,3.6400001,0.078895658,30.885345,6.0466604,0.0,3.25,2.8179405,2.7726433
23,Netherlands,1911,-0.57127649,2.8081465,0.085531779,58.600552,-0.71896315,2.2212987,67.887001,3.057554,9.4462032,-0.44350028,-0.78091186,3.1700001,0.1066421,52.696037,13.298333,0.0,3.52,2.8081465,3.057554
23,Netherlands,1912,-0.54815221,1.0718627,0.0844234,63.6782,-0.52488005,2.1684585,65.3097,4.7120419,9.7404022,-0.42616853,-0.77075052,3.9100001,-0.13030133,53.76284,13.055111,0.0,3.71,1.0718627,4.7120419
23,Netherlands,1913,-0.57288563,3.9512916,0.10222968,65.125786,-0.54899889,2.1959248,64.132698,52.666668,9.898982,-0.41391921,-0.8060872,4.8800001,0.42186469,49.213394,11.601619,0.0,3.5,3.9512916,52.666668
23,Netherlands,1914,2.6099126,0.0,0.058782864,65.027298,-0.037864827,0.78804094,63.6688,8.0336409,,2.7619605,2.2385349,3.0,-1.2156416,199.27412,66.49485,1.6016834,3.704,0.0,8.0336409
23,Netherlands,1915,2.9756176,15.000004,-0.011611729,14.166322,0.40380594,0.87486243,60.723701,27.322964,,3.031296,2.5906544,2.76,0.30054718,269.59604,87.6493,0.0,3.799,15.000004,27.322964
23,Netherlands,1916,2.2183499,11.304348,-0.044501685,-14.907235,1.1121505,1.2783813,60.093899,24.806177,,2.2688031,1.6481088,1.84,-3.1624634,260.30356,75.668137,0.0,3.7880001,11.304348,24.806177
23,Netherlands,1917,2.4600172,6.2499995,-0.18270545,-41.441914,1.8503498,1.4697984,66.227402,21.040495,,2.2716744,2.6034222,2.6800001,-0.37633002,296.97101,89.756523,0.0,3.9059999,6.2499995,21.040495
23,Netherlands,1918,3.6848216,19.117647,-0.27629566,-66.60144,2.5164313,1.2660133,73.413597,21.309811,,3.3482831,3.2793543,2.99,-10.782791,331.62021,102.85091,0.0,4.237,19.117647,21.309811
23,Netherlands,1919,0.51327789,8.641963,-0.18623158,-14.569387,0.93396831,1.5159811,62.969601,19.575573,,0.47582144,0.40037197,3.8699999,20.177839,166.6438,49.795761,0.0,6.29,8.641963,19.575573
23,Netherlands,1920,-0.18928766,10.227283,-0.076172329,-27.200865,0.33216533,1.5240377,61.9739,4.7808766,,-0.15050071,-0.25060833,3.6500001,13.736538,102.06319,26.511766,0.0,6.8600001,10.227283,4.7808766
23,Netherlands,1921,-0.37973782,-12.886564,0.063144661,-61.221981,-0.36851385,1.9990386,72.5261,0.34566194,17.817678,-0.26273021,-0.60888147,3.99,2.2922878,72.843681,19.152586,0.0,5.8800001,-12.886564,0.34566194
23,Netherlands,1922,-0.51917577,-11.834335,0.094486132,-61.793247,-0.15715565,1.8882132,80.298897,-5.247951,20.333153,-0.34296748,-0.83834308,3.55,-12.597575,64.923538,14.907604,0.0,5.8099999,-11.834335,-5.247951
23,Netherlands,1923,-0.32824093,-3.3557334,0.083142303,-57.860165,0.16571176,1.8412623,88.865799,0.54678482,15.160624,-0.33489677,-0.32757777,2.6199999,-1.5437424,58.87146,15.600988,0.0,6.0300002,-3.3557334,0.54678482
23,Netherlands,1924,-0.53689373,0.69445062,0.11914741,-49.799995,-0.59492636,1.6341858,86.314301,1.1007707,13.165416,-0.38782626,-0.74979836,4.1900001,2.3304067,49.706013,11.490313,0.0,5.5999999,0.69445062,1.1007707
23,Netherlands,1925,-0.54769671,-0.68966126,0.12021486,-46.561985,-0.55629432,1.6833969,85.379204,-0.97048402,12.19257,-0.41688216,-0.79102629,3.0999999,-4.8565216,45.767529,11.563869,0.0,4.54,-0.68966126,-0.97048402
23,Netherlands,1926,-0.52779657,-4.1666541,0.15479439,-46.254139,-0.5477733,1.6245732,83.030899,0.10834236,11.779791,-0.39726186,-0.71973842,2.8399999,0.15662989,37.680462,9.4376783,0.0,4.0100002,-4.1666541,0.10834236
23,Netherlands,1927,-0.47710922,0.0,0.1693279,-42.798969,-0.67263931,1.1306007,80.208298,2.5252526,10.69297,-0.36021855,-0.69968796,3.6700001,-0.020056374,45.88192,11.770298,0.0,4.02,0.0,2.5252526
23,Netherlands,1928,-0.57230556,0.72463375,0.18033326,-40.382256,-0.66961014,1.0738473,76.253601,1.8648839,11.065314,-0.43523902,-0.78698987,4.23,-0.29277223,37.190571,8.9651794,0.0,3.9000001,0.72463375,1.8648839
23,Netherlands,1929,-0.43355075,-0.71942055,0.16781595,-38.611172,-0.52753556,1.1601443,74.175301,0.86355788,11.234397,-0.3681953,-0.54782665,4.8200002,0.15284963,40.538773,10.571866,0.0,4.0100002,-0.71942055,0.86355788
23,Netherlands,1930,-0.46356076,-3.6231995,0.1241776,-41.395805,-0.63197565,1.234727,78.6856,6.678082,11.811779,-0.40726453,-0.53153795,2.0799999,-0.15662564,42.976971,10.695796,0.0,3.7,-3.6231995,6.678082
23,Netherlands,1931,-0.54332393,-6.0150375,0.054991476,-47.152256,-0.62521625,1.3299285,90.377502,-4.0128412,14.980949,-0.42853147,-0.73108274,1.47,-0.012067839,44.57341,11.265697,0.0,4.5599999,-6.0150375,-4.0128412
23,Netherlands,1932,-0.5530389,-7.1999955,0.010766546,-55.734978,-0.71135771,1.3429855,105.265,2.8428094,16.873686,-0.44664228,-0.72628546,0.81,-0.16092746,59.718971,16.138327,0.0,3.55,-7.1999955,2.8428094
23,Netherlands,1933,-0.46120912,-0.8620643,-0.0167746,-55.023975,-0.69096178,0.98762107,116.086,-3.0569105,19.686756,-0.43503186,-0.46057653,1.1,-19.706533,52.87656,13.711949,0.0,3.54,-0.8620643,-3.0569105
23,Netherlands,1934,-0.43569389,0.0,-0.057207551,-55.809261,-0.49592069,1.162245,118.209,-2.5159342,19.943537,-0.44797826,-0.3700664,0.88999999,-19.706533,52.097977,11.890697,0.0,3.23,0.0,-2.5159342
23,Netherlands,1935,-0.080603518,-3.4782667,-0.059119008,-55.766201,-0.57893497,1.5477142,121.812,-7.467309,20.241507,-0.30984718,0.54552078,3.1800001,-0.49187943,82.748703,24.381401,0.0,3.3900001,-3.4782667,-7.467309
23,Netherlands,1936,-0.32189938,-4.5044932,-0.03256499,-51.600315,-0.43242374,1.7414275,122.227,4.0163631,18.869829,-0.3873536,-0.12676223,1.64,5.0175982,91.402847,28.134062,0.0,3.0799999,-4.5044932,4.0163631
23,Netherlands,1937,-0.23328312,5.6603732,-0.0042126174,-37.570995,-0.22780742,1.7848567,120.852,26.456919,17.341467,-0.26558709,-0.039165474,0.19,17.138443,87.478371,28.187214,0.0,3.0699999,5.6603732,26.456919
23,Netherlands,1938,0.17559654,1.7857172,-0.062945284,-40.553154,-0.41939813,2.4896924,117.858,5.5696917,18.979294,-0.1854699,0.90898919,0.15000001,0.066048034,102.05727,34.860195,0.0,2.97,1.7857172,5.5696917
23,Netherlands,1939,2.0636978,0.87718815,-0.01157653,-41.898117,0.60294902,3.5323424,110.845,-4.4188538,19.501732,1.2059954,4.0513768,1.1,3.1354887,191.01532,68.401619,0.98604155,3.5899999,0.87718815,-4.4188538
23,Netherlands,1940,3.9000132,14.782602,-0.16898142,-62.360516,1.6507639,,,17.203699,,3.5342164,4.4975576,1.96,0.39468458,200.07191,73.757835,2.3070273,3.4000001,14.782602,17.203699
23,Netherlands,1941,2.7281754,14.39398,-0.25201952,,2.5101304,,,22.208941,,2.3265936,3.329303,2.0,-0.12218893,241.92404,80.676414,0.0,3.25,14.39398,22.208941
23,Netherlands,1942,3.303616,7.2847357,-0.36953372,,4.2765622,,,,,3.7994103,1.067476,1.75,-0.042835914,306.14059,88.597885,0.0,3.0999999,7.2847357,
23,Netherlands,1943,2.7375135,3.0864468,-0.41912514,,2.3363407,,,,,3.3733726,0.13440792,1.17,0.0,344.39383,101.66221,0.0,3.01,3.0864468,
23,Netherlands,1944,3.6351371,2.9939523,-0.84842223,,1.4109616,,,,,4.363493,0.70520008,0.97000003,0.0,376.73724,113.869,0.0,2.9300001,2.9939523,
23,Netherlands,1945,2.5568891,15.116334,-0.85353887,,3.5388978,5.6428127,,,105.69048,2.6407027,2.4818406,1.71,41.01786,240.73561,74.498062,0.0,3.01,15.116334,
23,Netherlands,1946,0.51124346,9.0909157,-0.35844642,-42.856621,2.6143272,5.27981,222.97099,24.187624,48.397846,0.054633558,1.3496503,1.2,0.0,122.23141,36.416496,0.0,3.01,9.0909157,24.187624
23,Netherlands,1947,0.36386397,3.7036695,-0.25041491,-19.511101,2.7453594,4.7120876,214.03,8.7940845,42.107437,0.13618453,0.65184337,1.35,0.0,99.266258,25.848148,0.0,3.0899999,3.7036695,8.7940845
23,Netherlands,1948,0.37225461,3.5714602,-0.18365225,-2.2682092,1.0545956,4.4708624,175.905,3.3148594,36.683098,-0.052447736,1.2540236,1.3,0.18112607,114.34803,31.821407,0.0,3.27,3.5714602,3.3148594
23,Netherlands,1949,0.2134394,6.0344734,-0.14799325,-2.1469157,0.09567409,4.4570546,162.42599,3.0465586,26.511904,-0.052631248,0.73187256,1.27,9.0929689,83.723862,22.579491,0.0,3.27,6.0344734,3.0465586
23,Netherlands,1950,0.29752105,9.0000019,-0.1411493,19.430325,0.033638269,4.7692628,137.30901,-5.0191531,25.608248,0.052831132,0.81077838,1.4,31.206408,142.74683,42.442684,0.0,3.28,9.0000019,-5.0191531
23,Netherlands,1951,0.44255951,11.926605,-0.15118733,37.409397,0.74381644,4.900279,118.392,-2.0682523,28.739536,0.22821471,1.1177055,1.36,0.0,154.43521,48.2309,0.0,3.8800001,11.926605,-2.0682523
23,Netherlands,1952,-0.068989441,0.0,-0.16484556,27.840782,0.10329487,5.5249028,106.851,8.8701162,26.584822,-0.14868221,0.14252894,1.08,0.0,105.07939,31.274271,0.0,3.95,0.0,8.8701162
23,Netherlands,1953,-0.20176184,0.0,-0.11338621,25.96674,-0.41284713,5.4603224,101.497,7.3326869,27.894958,-0.3108151,0.038491249,0.56999999,0.38866863,101.92927,31.626465,0.0,3.4300001,0.0,7.3326869
23,Netherlands,1954,-0.11733272,4.0,-0.076975636,29.681936,-0.32157549,5.8499141,88.712898,7.8528829,26.879698,-0.31995022,0.25591123,0.55000001,-0.34400639,91.05645,27.75831,0.0,3.3099999,4.0,7.8528829
23,Netherlands,1955,-0.3577722,1.9230769,-0.039819565,30.198151,-0.2396654,5.6493249,80.110901,10.012568,27.151516,-0.36616072,-0.2982789,0.62,0.16735207,89.117783,26.132692,0.0,3.3900001,1.9230769,10.012568
23,Netherlands,1956,-0.19743635,1.8867924,-0.02774898,33.37368,0.2521773,5.7937469,74.971397,-4.0365577,26.325077,-0.34766093,0.12383205,3.48,0.27314672,101.25542,34.068714,0.0,4.21,1.8867924,-4.0365577
23,Netherlands,1957,-0.050366316,6.0956788,-0.030114437,34.471161,0.038408753,5.3168383,72.647499,3.6507936,24.817663,-0.359889,0.52662808,4.6399999,-0.18352127,99.325577,31.265512,0.0,4.8600001,6.0956788,3.6507936
23,Netherlands,1958,-0.13390632,2.1818182,-0.074698374,26.872829,-0.52943254,4.7181954,75.033203,13.935681,25.132769,-0.16373451,-0.022855282,2.26,-0.6152494,115.22129,31.876566,0.0,4.3099999,2.1818182,13.935681
23,Netherlands,1959,-0.37326953,1.0676156,-0.062402826,30.257019,-0.42872676,4.0238285,73.441399,4.233871,25.735451,-0.39438441,-0.31122285,2.5699999,-0.36715725,82.10849,22.121975,0.0,4.3983335,1.0676156,4.233871
23,Netherlands,1960,-0.48893949,2.3239436,-0.0073779328,31.001719,-0.40783882,3.7039018,66.740303,4.5132174,24.471699,-0.45499504,-0.49124902,1.51,-0.076665953,86.417786,23.291441,0.0,4.4549999,2.3239436,4.5132174
23,Netherlands,1961,-0.15277752,1.3076394,-0.011759357,31.660809,-0.49549085,4.0872841,65.926903,4.8735347,26.275167,-0.41269776,0.36955017,1.3200001,-3.6120481,126.08382,34.247971,0.0,4.1791668,1.3076394,4.8735347
23,Netherlands,1962,0.073994182,2.4311225,-0.0035949906,28.089237,-0.21627097,4.1227751,63.8111,6.647059,25.775469,-0.30535695,0.82023114,1.96,-0.89138371,124.72618,32.665398,0.0,4.2358332,2.4311225,6.647059
23,Netherlands,1963,-0.14020836,3.2436473,-0.0045094006,29.116793,-0.28360942,4.0108347,61.7248,9.7628241,26.431032,-0.38196412,0.34588596,2.24,-0.051562887,117.54991,29.910467,0.0,4.3091664,3.2436473,9.7628241
23,Netherlands,1964,-0.19423224,5.8237681,0.045259178,28.55909,-0.15481614,3.9326527,57.1297,10.40201,26.850405,-0.30486885,0.049244545,3.6600001,0.15624954,90.5354,25.048281,0.0,5.0891666,5.8237681,10.40201
23,Netherlands,1965,-0.42514735,3.9080379,0.063302547,23.790127,-0.12739854,3.5712903,55.773701,6.144743,28.391558,-0.42594513,-0.37678322,4.1999998,-0.17586344,99.786484,27.742243,0.0,5.5008335,3.9080379,6.144743
23,Netherlands,1966,-0.39798847,5.7621403,0.057650421,20.467672,-0.13137636,3.3702843,55.565899,5.9176674,28.805075,-0.43242842,-0.29784635,4.96,0.51793861,90.635468,26.262499,0.0,6.5833335,5.7621403,5.9176674
23,Netherlands,1967,-0.27922866,3.4553323,0.077870488,15.309737,-0.25450355,3.5233357,55.0112,10.890688,29.800728,-0.33502176,-0.090372816,4.5100002,-0.43427977,112.60692,34.223804,0.0,6.4241667,3.4553323,10.890688
23,Netherlands,1968,-0.47747046,3.7207932,0.11222444,16.045385,-0.58125633,3.256335,54.4091,14.822928,30.540571,-0.41888592,-0.54324442,4.6500001,0.45519006,104.20105,27.139166,0.0,6.5191665,3.7207932,14.822928
23,Netherlands,1969,-0.45022276,7.4217901,0.14634782,9.8758593,-0.50222778,3.2289286,51.650902,10.143085,26.59252,-0.43843701,-0.44210529,5.0,0.11014624,95.787491,25.926645,0.0,7.4733334,7.4217901,10.143085
23,Netherlands,1970,-0.46876201,3.6689308,0.16907452,14.533007,-0.38953704,2.8662355,49.400002,11.027714,24.72822,-0.34647569,-0.6978265,5.9099998,-0.21542433,102.82236,28.39403,0.0,8.0108337,3.6689308,11.027714
23,Netherlands,1971,-0.56934291,7.4776788,0.17970739,12.581311,-0.47484177,2.8388295,46.799999,8.9703588,25.748802,-0.45282087,-0.73503846,3.96,-3.3229327,87.422432,23.957438,0.0,7.6258335,7.4776788,8.9703588
23,Netherlands,1972,-0.56337261,7.8027921,0.17542095,8.9827881,-0.46450624,2.8185401,44.299999,11.906466,25.989038,-0.43699026,-0.76586145,5.0999999,-8.1689596,87.485275,23.381727,0.0,7.3541665,7.8027921,11.906466
23,Netherlands,1973,-0.068743713,8.0222101,0.19427826,11.47442,2.6670599,2.7029972,41.099998,21.940298,25.928211,-0.23799206,0.30798513,6.8000002,-12.936375,76.668312,23.341942,0.0,7.9166665,8.0222101,21.940298
23,Netherlands,1974,-0.26411542,9.591423,0.20568207,20.325211,2.0953434,2.6534717,38.099998,20.055954,26.425467,-0.28096473,-0.17064974,10.3,-3.7963343,70.567474,19.71455,0.0,9.8241663,9.591423,20.055954
23,Netherlands,1975,-0.24371621,10.217476,0.17746164,13.655172,-0.035302632,2.8438601,38.7369,5.7092919,30.149212,-0.24320541,-0.21956745,5.3000002,-5.8129745,79.141571,24.495174,0.0,8.7866669,10.217476,5.7092919
23,Netherlands,1976,-0.36628565,8.8306513,0.19253418,14.859286,-0.24326798,2.6889095,38.5313,25.020666,31.3494,-0.35322824,-0.40073061,4.5999999,4.383152,69.23243,20.161663,0.0,8.9525003,8.8306513,25.020666
23,Netherlands,1977,-0.22978793,6.3992949,0.1899575,10.568572,-0.18874028,2.9544575,38.3745,1.7081772,30.625551,-0.18246467,-0.31512761,4.8000002,-7.130497,68.475105,19.99194,0.0,8.1008329,6.3992949,1.7081772
23,Netherlands,1978,-0.3034485,4.1120119,0.18704128,6.103013,-0.41914302,2.7470706,39.505001,3.7057102,32.315331,-0.2321175,-0.35969436,6.5,-11.811913,81.370934,24.431154,0.0,7.7358332,4.1120119,3.7057102
23,Netherlands,1979,-0.23868772,4.1992998,0.17646894,12.955614,0.91836178,2.8402328,41.223,7.4913802,33.27037,-0.32905653,0.0015453937,9.3999996,-7.3146644,86.351082,24.517277,0.0,8.7749996,4.1992998,7.4913802
23,Netherlands,1980,-0.25905228,6.5134554,0.16373409,16.925379,-0.14514971,2.7842987,43.4897,3.8297045,31.33864,-0.36827362,0.0039279447,10.7,-1.0657065,102.05772,28.806532,0.0,10.208333,6.5134554,3.8297045
23,Netherlands,1981,-0.03437702,6.8000002,0.13000169,20.645309,-0.23903129,2.8631194,46.8321,5.2799101,32.103504,-0.31681412,0.54585278,11.6,25.815769,101.66919,30.397982,0.0,11.5525,6.8000002,5.2799101
23,Netherlands,1982,-0.1308261,5.9000001,0.090314515,18.877399,-0.6172272,3.1414707,52.3629,85.914734,33.283108,-0.34982398,0.31534678,8.3741665,6.9826369,124.11795,36.511898,0.0,10.0975,5.9000001,83.488998
23,Netherlands,1983,-0.19515628,2.9000001,0.082453325,17.729652,-0.57311291,2.8485847,58.335701,5.0507693,33.221989,-0.38915762,0.21507555,5.6483335,6.9404273,103.87984,29.116497,0.0,8.6108332,2.9000001,5.0507693
23,Netherlands,1984,-0.16946284,3.4000001,0.087048516,21.972063,-0.5307259,2.8617244,61.779301,5.7998295,32.940586,-0.31505108,0.15938769,6.1275001,12.300282,88.389366,22.038088,0.0,8.3283329,3.4000001,5.7998295
23,Netherlands,1985,-0.30477118,2.3,0.08692012,24.360636,-0.45516184,2.768218,66.990997,9.0391932,32.293434,-0.35452986,-0.17306256,6.3558335,3.3678763,92.283493,22.460592,0.0,7.3274999,2.3,9.0391932
23,Netherlands,1986,-0.28220215,0.0,0.089821041,5.4033751,-0.51938725,2.7251198,68.766197,7.0416083,32.012955,-0.22364761,-0.11924487,5.6816669,-19.706533,91.707932,24.286407,0.0,6.3175001,0.0,7.0416083
23,Netherlands,1987,-0.34569255,-1.0,0.079521641,2.2962718,-0.58443028,2.7134671,71.098198,4.0590105,32.317917,-0.34052402,-0.17916888,5.3591666,-17.266232,85.342255,19.877298,0.0,6.4025002,-1.0,4.0590105
23,Netherlands,1988,-0.54249233,0.5,0.084230654,4.9273338,-0.52277869,2.6109095,73.616302,8.7037954,30.869059,-0.44354123,-0.67662293,4.8166666,-2.2981551,72.833328,15.675255,0.0,6.4158335,0.5,8.7037954
23,Netherlands,1989,-0.49150959,1.1,0.098965615,9.2535543,-0.43139243,2.5174038,73.669197,12.478894,30.214218,-0.43081814,-0.51339304,7.3883333,7.2469873,81.248924,17.130152,0.0,7.2183332,1.1,12.478894
23,Netherlands,1990,-0.41532183,2.5,0.11080614,5.4729395,-0.16198982,2.36902,73.8339,7.3098316,31.554375,-0.39163849,-0.36987257,8.6824999,-14.219089,100.47716,26.206158,0.0,8.9208336,2.5,7.3098316
23,Netherlands,1991,-0.18965183,3.178,0.10407286,4.7254882,-0.30588752,2.2485316,73.571503,5.486042,31.160376,-0.20508344,0.083576508,9.2816668,2.8396349,115.19403,27.29616,0.0,8.7391663,3.178,5.486042
23,Netherlands,1992,-0.30437893,2.839,0.091054842,-0.26180184,-0.44336075,2.2130027,74.315498,6.1285434,31.000053,-0.40792572,-0.0081204753,9.3525,-6.1789684,75.940979,17.886992,0.0,8.1025,2.839,6.1285434
23,Netherlands,1993,-0.3913736,1.642,0.074479103,-5.2299361,-0.53518838,2.0278294,75.401299,7.6214628,30.432276,-0.3308408,-0.4282206,6.8541665,5.8457484,86.624359,19.445225,0.0,6.3590832,1.642,7.6214628
23,Netherlands,1994,-0.41172579,2.118,0.074548766,-3.1839035,-0.45633623,1.913061,72.769402,0.20211403,27.922804,-0.41697279,-0.32328585,5.1766667,-2.1971855,88.633369,20.025259,0.0,6.8632498,2.118,0.20211403
23,Netherlands,1995,-0.28871608,1.349,0.077016398,-0.3267076,-0.53652012,1.7687376,73.092499,4.4079275,33.163406,-0.34386072,-0.013260331,4.3724999,-11.663971,75.088799,15.327479,0.0,6.8996668,1.349,4.4079275
23,Netherlands,1996,-0.57706982,1.446,0.08371307,-1.6393509,-0.65870363,1.7345496,71.341904,5.8415508,27.407181,-0.46154597,-0.76108116,2.9974999,4.9501138,61.413044,12.353076,0.0,6.1499166,1.446,5.8415508
23,Netherlands,1997,-0.57315105,1.858,0.096981004,1.8831638,-0.47000882,1.6381811,65.764999,7.4273429,27.290907,-0.45209861,-0.75364316,3.3341668,15.801505,39.673115,10.116234,0.0,5.5771666,1.858,7.4273429
23,Netherlands,1998,-0.60466671,1.7819999,0.10626444,-2.1581578,-0.43159813,1.558534,62.665001,18.088541,26.004133,-0.47450179,-0.7750411,3.4549999,1.5648834,51.792046,13.637349,0.0,4.6316667,1.7819999,18.088541
23,Netherlands,1999,-0.45064247,2.0369999,0.12222357,-2.4393108,-0.56278527,1.5697513,58.565399,7.943399,25.451357,-0.36483687,-0.51230681,2.9635,4.4422393,58.142807,15.377158,0.0,4.6285,2.0369999,7.943399
23,Netherlands,2000,-0.58022791,2.3469999,0.12959293,6.6516891,-0.4063713,1.4334208,52.0653,10.326585,24.658689,-0.4457204,-0.77751285,4.3917665,15.573078,45.607391,10.583623,0.0,5.4033332,2.3469999,10.326585
23,Netherlands,2001,-0.31029052,5.1129999,0.11733229,-1.8351474,-0.31468838,1.4347508,49.4398,10.929175,25.551537,-0.16365813,-0.56531435,4.2617831,2.9115925,111.46019,23.345419,0.0,4.9569998,5.1129999,10.929175
23,Netherlands,2002,-0.40403971,3.8540001,0.088201113,-10.901819,-0.53442222,1.4215522,48.784302,5.6996074,25.886137,-0.2860705,-0.58230239,3.3185916,-5.0621185,111.12048,23.907219,0.0,4.8902502,3.8540001,5.6996074
23,Netherlands,2003,-0.33506939,2.2249999,0.062669069,-14.735331,-0.56307435,1.4379463,49.978199,9.3090448,26.724127,-0.26006621,-0.3844811,2.3334668,-16.512545,135.32417,31.225891,0.0,4.1231666,2.2249999,9.3090448
23,Netherlands,2004,-0.24564008,1.383,0.057128869,-11.51768,-0.55261993,1.4206891,50.283199,5.9869747,25.718042,-0.15755428,-0.29764569,2.1063249,-9.1334419,110.70305,22.971779,0.0,4.0949998,1.383,5.9869747
23,Netherlands,2005,-0.41189292,1.492,0.045725919,-8.7018709,-0.30147409,1.3908324,49.798599,10.887424,25.273243,-0.29350251,-0.58060265,2.184675,0.031681277,83.537979,17.70178,0.0,3.3739166,1.492,10.887424
23,Netherlands,2006,-0.40168479,1.652,0.054809764,-6.2908945,-0.51801562,1.3865151,45.194,14.468461,25.328547,-0.31212583,-0.50438136,3.0792251,-0.98656887,86.026413,20.394472,0.0,3.7816668,1.652,14.468461
23,Netherlands,2007,-0.49198452,1.5880001,0.066588663,-6.2647533,-0.24919046,1.3468748,42.981201,4.9979548,25.443417,-0.36759648,-0.68925512,4.2776084,-8.3312426,84.868973,17.355667,0.0,4.2877498,1.5880001,4.9979548
23,Netherlands,2008,-0.48569113,2.2130001,0.059388928,-8.5334673,-0.18728663,1.2971001,54.686699,4.3097811,25.807711,-0.32977071,-0.74279964,4.6342335,-6.4666138,71.192848,15.682292,0.0,4.2277498,2.2130001,4.3097811
23,Netherlands,2009,-0.41860941,0.97100002,-0.0074398038,-26.244999,-0.53863543,1.3858099,56.766998,1.7379084,28.79352,-0.30133006,-0.6431722,1.2283584,5.1878705,69.581642,16.325287,0.0,3.6868334,0.97100002,1.7379084
23,Netherlands,2010,-0.33146846,0.93099999,-0.0238974,-13.989378,-0.30479178,1.3175288,59.246799,3.4512346,29.592279,-0.28711483,-0.35989428,0.81094998,5.1338181,73.838913,18.196175,0.0,2.9900832,0.93099999,3.4512346
23,Netherlands,2011,-0.44539079,2.471,-0.035508934,-5.0775914,-0.16983981,1.2772613,61.695599,3.6406362,27.64596,-0.38875315,-0.48417079,1.3906,-4.8501892,75.721146,18.574677,0.0,2.9885833,2.471,3.6406362
23,Netherlands,2012,-0.49862826,2.8180001,-0.073653154,-0.25164437,-0.39604056,1.2255254,66.213898,2.6423657,27.459621,-0.41832927,-0.60772312,0.57318336,8.2926064,69.216782,17.790119,0.0,1.93225,2.8180001,2.6423657
23,Netherlands,2013,-0.45711741,2.556,-0.10161027,-1.8495498,-0.58708131,1.1572088,67.655701,-0.68454432,26.476728,-0.35540321,-0.52894908,0.22066666,-3.2886987,70.025406,17.274174,0.0,1.9605833,2.556,-0.68454432
23,Netherlands,2014,-0.22068581,0.32100001,-0.11400868,-3.6892703,-0.44167331,1.1476113,67.846802,0.22539292,26.42638,-0.308281,0.025910871,0.20993334,0.093858041,80.853844,22.417324,0.0,1.4546666,0.32100001,0.22539292
23,Netherlands,2015,-0.39281178,0.21799999,-0.12234496,1.9701612,-0.52056533,1.1178603,64.632103,10.677579,26.899689,-0.2427866,-0.57282406,-0.019366667,19.624214,94.918381,24.810665,0.0,0.69033331,0.21799999,10.677579
23,Netherlands,2016,-0.31380555,0.113,-0.12869191,-10.387247,-0.48741269,1.1444997,61.9277,2.3006339,26.411581,-0.16924773,-0.40406099,-0.26369166,0.22109132,84.358536,23.246641,0.0,0.29108334,0.113,2.3006339
23,Netherlands,2017,-0.28841102,1.294,-0.13223796,-4.7514997,-0.30797017,1.1372144,56.940899,1.1809077,25.301907,-0.20199609,-0.3773022,-0.32905,-1.8642764,86.290787,26.713249,0.0,0.52208334,1.294,1.1809077
23,Netherlands,2018,-0.48811379,1.598,-0.14090145,-3.9295733,-0.30337158,1.1961416,52.420399,-0.55495709,25.446552,-0.40766719,-0.592237,-0.32209167,-4.4481721,67.708572,22.207075,0.0,0.57691669,1.598,-0.55495709
23,Netherlands,2019,-0.37645864,2.6719999,-0.14996219,-9.9494991,-0.22536673,1.2918084,48.529202,5.0229588,25.777224,-0.33625573,-0.38612348,-0.35633335,5.4067965,69.926216,23.485603,0.0,0.063158333,2.6719999,5.0229588
23,Netherlands,2020,-0.40404344,1.1059999,-0.22030655,-21.578259,0.027451094,1.4060771,54.342899,9.5882826,31.440643,-0.41986105,-0.37511158,-0.35633335,-1.8559247,66.154915,18.754642,0.0,0.063158333,1.1059999,9.5882826
23,Netherlands,2021,-0.49004474,2.8269999,-0.19009647,-13.88786,1.2003386,1.3653749,50.431,14.503047,29.521643,-0.43275693,-0.519279,-0.35633335,-3.5179076,58.633369,17.719341,0.0,0.063158333,2.8269999,14.503047
23,Netherlands,2022,0.063355953,11.622,-0.17629297,3.7856996,3.3598866,1.3041999,48.345001,-2.0696864,26.869642,-0.098302267,0.73033339,0.34156665,12.505229,112.93623,50.039387,0.0,1.3776667,11.622,-2.0696864
23,Netherlands,2023,-0.030791195,4.118,-0.21106252,-17.741571,0.52275419,1.4413651,45.098,-8.6931934,26.828642,-0.13245144,0.33111614,3.4305999,-2.8074944,99.392548,39.163776,0.0,2.7920001,4.118,-8.6931934
24,Norway,1900,-0.45309845,4.2396312,0.18427759,-1.3236433,-0.56558347,,21.790001,8.3084021,6.8968611,-0.36019862,-0.57937539,6.5,,72.415619,21.75526,0.0,3.7,4.2396312,8.3084021
24,Norway,1901,-0.47550541,-1.9451813,0.17080218,-3.6853099,-0.42709702,,25.07,3.9495337,10.027247,-0.34109858,-0.67417288,5.6300001,-0.53475887,43.076683,12.149875,0.0,3.5599999,-1.9451813,3.9495337
24,Norway,1902,-0.43213254,0.90171325,0.14968537,-1.3741838,-0.3482534,,25.299999,2.3939428,9.6599264,-0.30881405,-0.60407138,4.5799999,0.26881695,43.4799,11.152666,0.0,3.3399999,0.90171325,2.3939428
24,Norway,1903,-0.4075363,2.323503,0.11060781,0.33154026,-0.57926726,,26.17,2.5507514,9.7317305,-0.35803202,-0.46515238,5.21,0.0,49.491287,13.46318,0.0,3.3099999,2.323503,2.5507514
24,Norway,1904,-0.390966,-0.43668121,0.080961637,0.26993987,-0.67528749,,29.809999,2.8159602,9.3709526,-0.2650938,-0.60978693,4.9200001,0.0,76.692307,24.635687,0.0,3.53,-0.43668121,2.8159602
24,Norway,1905,0.11784557,2.9824562,0.056448542,3.3575113,-0.70647877,6.4669318,32.470001,7.0191231,8.8054295,-0.15149862,0.56067467,4.8800001,0.0,54.05724,15.972302,0.0,3.5999999,2.9824562,7.0191231
24,Norway,1906,-0.43864295,-0.681431,0.065393589,5.0763636,-0.60940611,6.1625586,29.700001,8.8466101,8.5341196,-0.2958709,-0.64149523,5.1700001,0.53619254,40.733101,9.2807302,0.0,3.55,-0.681431,8.8466101
24,Norway,1907,-0.4859395,2.4871354,0.076621644,2.1915419,-0.62233746,6.3071218,27.540001,6.2059541,8.758894,-0.3621535,-0.66106331,5.21,2.6666641,34.413788,7.3179703,0.0,3.6900001,2.4871354,6.2059541
24,Norway,1908,-0.53279102,-0.25104603,0.073769093,-0.2992042,-0.64748287,7.5670023,26.709999,5.8847752,8.3217859,-0.41068476,-0.70797122,5.29,-2.0779202,32.829559,7.8094225,0.0,3.76,-0.25104603,5.8847752
24,Norway,1909,-0.53101212,-2.7684565,0.058981583,1.803916,-0.6471495,6.5276594,26.67,6.434864,10.448328,-0.39675927,-0.73186332,4.54,-0.53050345,30.923229,6.9520226,0.0,3.6300001,-2.7684565,6.434864
24,Norway,1910,-0.38711628,3.6238136,0.065508008,3.2603858,-0.56305158,6.0717835,26.93,6.3780041,8.1324043,-0.31205079,-0.48256275,4.5,0.0,30.885345,6.0440984,0.0,3.6900001,3.6238136,6.3780041
24,Norway,1911,-0.48371547,2.0536761,0.069645993,5.606216,-0.68294251,6.1978354,25.110001,7.4809175,7.9019604,-0.38575009,-0.63213462,4.6700001,0.0,52.696037,13.337377,0.0,3.8,2.0536761,7.4809175
24,Norway,1912,-0.53162152,6.1919847,0.081558362,6.7567358,-0.6511088,1.2757839,22.66,8.3430166,7.9166665,-0.41031539,-0.70570409,5.4200001,0.0,53.76284,13.117797,0.0,4.02,6.1919847,8.3430166
24,Norway,1913,-0.46045655,3.7900927,0.097804978,6.3723831,-0.47978032,1.0945854,19.690001,-0.63226908,8.2552509,-0.33274439,-0.62741661,5.5,0.0,49.213394,11.633808,0.0,4.21,3.7900927,-0.63226908
24,Norway,1914,0.39658418,1.1235597,0.080831103,6.4119372,-0.4175331,1.5826436,18.620001,9.8690462,6.4095883,0.39764708,0.32481191,5.04,1.3333321,199.27412,67.833267,0.0,4.29,1.1235597,9.8690462
24,Norway,1915,1.2545081,14.444468,0.086946428,14.500695,0.097115614,1.0359671,16.24,14.980374,6.3608327,1.2927065,1.2788434,5.21,2.8947403,269.59604,88.939255,0.0,5.0599999,14.444468,14.980374
24,Norway,1916,0.79950947,19.174763,0.088392831,15.3694,0.83943152,0.75090402,10.93,43.515251,4.0816326,1.0411533,0.080865294,5.04,-10.230182,260.30356,76.712952,0.0,5.1700001,19.174763,43.515251
24,Norway,1917,1.2849989,24.236248,-0.046621747,9.9691563,1.2289608,0.72753191,10.15,44.439369,5.2127419,1.2553954,1.2260481,5.54,-5.4131069,296.97101,90.790611,0.0,5.1199999,24.236248,44.439369
24,Norway,1918,0.38406438,40.491783,-0.12575002,-4.6186094,0.84212476,0.98692447,14.59,33.003075,9.9445324,0.54972786,-0.018549019,6.0,-1.2048181,331.62021,104.70942,0.0,5.5799999,40.491783,33.003075
24,Norway,1919,-0.22362743,6.9428382,-0.0029744415,9.7210484,0.1421812,1.0250657,16.27,12.874183,9.9919291,-0.10994694,-0.40749377,5.71,25.304884,166.6438,50.288261,0.0,5.7800002,6.9428382,12.874183
24,Norway,1920,-0.32674947,16.530268,0.022068389,12.272776,-0.12984098,0.87736869,15.06,8.799818,8.6400003,-0.19692591,-0.58375442,6.5799999,50.85157,102.06319,26.693436,0.0,6.77,16.530268,8.799818
24,Norway,1921,-0.40297464,-7.6131454,-0.12094858,-5.8379259,-0.43743032,1.2656621,21.85,2.7949288,13.693099,-0.30954775,-0.55343723,6.75,9.8387117,72.843681,19.262613,0.0,6.02,-7.6131454,2.7949288
24,Norway,1922,-0.55472374,-14.187557,-0.055098187,-2.1078126,-0.27833742,0.9195869,25.75,-0.28348577,11.746987,-0.39998943,-0.78654456,5.46,-15.565345,64.923538,14.990262,0.0,5.0500002,,-0.28348577
24,Norway,1923,-0.40419286,-5.4724216,-0.062030524,-0.76839095,-0.16003047,1.094968,27.9,-8.6931934,11.006604,-0.31664726,-0.54367518,5.8299999,5.0434775,58.87146,15.736094,0.0,5.3499999,-5.4724216,-8.6931934
24,Norway,1924,-0.50617015,9.4001436,-0.095104709,2.4000349,-0.48743495,0.87441808,27.799999,-6.5915365,8.5724535,-0.34925154,-0.72145426,6.9200001,19.205296,49.706013,11.551758,0.0,5.8499999,9.4001436,-6.5915365
24,Norway,1925,-0.49028793,1.8416647,-0.068599485,-1.1873738,-0.47474498,0.73415488,30.74,-4.922976,8.6277294,-0.3710337,-0.67923135,5.79,-19.706533,45.767529,11.615968,0.0,5.6799998,1.8416647,-4.922976
24,Norway,1926,-0.43331107,-14.187557,-0.08645916,-3.3090136,-0.32947341,0.85128909,34.669998,-5.3712378,9.5781317,-0.34486854,-0.58548886,5.3299999,-19.706533,37.680462,9.4844494,0.0,5.3400002,,-5.3712378
24,Norway,1927,-0.47384188,-9.5548468,-0.080319107,-4.9645872,-0.63657856,0.9953391,37.18,-5.7085533,9.3646278,-0.35166731,-0.67634338,4.5799999,-15.04425,45.88192,11.852036,0.0,5.25,-9.5548468,-5.7085533
24,Norway,1928,-0.4784987,-6.8000612,-0.067449898,-3.9149432,-0.27263626,0.90665013,38.73,-8.6931934,9.4053545,-0.35502928,-0.62898082,5.5,-2.3437479,37.190571,9.0023651,0.0,5.2600002,-6.8000612,-8.6931934
24,Norway,1929,-0.46543393,-4.4254341,-0.0073704352,-2.2917881,-0.60024118,0.87271702,36.34,-0.33668816,8.9067888,-0.38940996,-0.57739276,5.54,0.0,40.538773,10.672349,0.0,5.3600001,-4.4254341,-0.33668816
24,Norway,1930,-0.41625768,-2.7799294,0.034362514,-4.3964944,-0.54817808,0.8526628,35.759998,-0.3107236,8.5903587,-0.36309302,-0.46882123,4.5,-0.26666641,42.976971,10.768993,0.0,5.0500002,-2.7799294,-0.3107236
24,Norway,1931,-0.47433642,-5.3381729,-0.080197901,-10.120969,-0.49525097,1.0323907,39.509998,-1.4598446,9.7345133,-0.35678846,-0.5989154,4.8299999,8.2887745,44.57341,11.315728,0.0,5.0100002,-5.3381729,-1.4598446
24,Norway,1932,-0.3916612,-2.1135323,-0.064435817,-12.28301,-0.58937287,0.9869166,39.509998,-5.1910524,9.3474884,-0.29990363,-0.47952667,4.6300001,37.777771,59.718971,16.162073,0.0,5.02,-2.1135323,-5.1910524
24,Norway,1933,-0.37640154,-1.4426292,-0.072228506,-13.364754,-0.65349513,0.76655859,40.43,-1.8519474,7.9927573,-0.38059166,-0.33019978,3.6700001,-13.620068,52.87656,13.775858,0.0,4.9499998,-1.4426292,-1.8519474
24,Norway,1934,-0.48337236,0.242342,-0.069626585,-12.605542,-0.59442025,0.93108535,37.509998,-4.1963272,7.4237957,-0.39101717,-0.62047189,3.5,-17.427389,52.097977,11.99484,0.0,4.6700001,0.242342,-4.1963272
24,Norway,1935,-0.40179148,2.2048159,-0.05266349,-12.110149,-0.61310095,0.90791148,35.59,1.3924434,7.8175149,-0.36514086,-0.46254194,3.5,2.5125604,82.748703,24.634943,0.0,4.4400001,2.2048159,1.3924434
24,Norway,1936,-0.21161637,2.6019492,-0.018703498,-11.622444,-0.38287598,0.90956938,32.009998,0.17253993,7.9175258,-0.21131696,-0.13542792,3.54,-1.2254832,91.402847,28.221869,0.0,4.52,2.6019492,0.17253993
24,Norway,1937,-0.24389364,7.1191444,-0.0068815909,-6.602828,-0.34473366,0.89105666,28.02,1.8765888,7.5613694,-0.2111389,-0.26521412,4.0,0.2481328,87.478371,28.326067,0.0,4.46,7.1191444,1.8765888
24,Norway,1938,-0.21338676,3.3057852,-0.017112415,-10.838077,-0.5048998,0.88190025,25.67,6.8686552,8.1002226,-0.20520945,-0.19111377,3.5,1.2376285,102.05727,35.187664,0.0,4.3299999,3.3057852,6.8686552
24,Norway,1939,2.3635125,1.2666667,-0.0027064607,-9.9980259,0.49489364,4.7135234,24.440001,1.8873014,9.067647,1.889959,3.1455519,3.8299999,5.6234722,191.01532,68.963196,1.9467078,4.5799999,1.2666667,1.8873014
24,Norway,1940,8.4382553,16.68861,-0.12487403,-6.1001306,4.8712339,6.8418846,,9.7187824,,8.1175575,8.6436625,3.5,1.85185,200.07191,73.614159,6.8853807,5.3899999,16.68861,9.7187824
24,Norway,1941,3.1382957,17.214386,-0.13318476,-7.3281069,3.684428,,,27.751251,,3.3584771,1.9886706,3.0,0.0,241.92404,81.354919,0.0,3.6700001,17.214386,27.751251
24,Norway,1942,2.093384,6.0044522,-0.20592117,-9.8171787,3.7208638,,,25.715536,,2.4732513,0.69050568,3.0,0.0,306.14059,89.826233,0.0,3.54,6.0044522,25.715536
24,Norway,1943,2.6333683,2.4462228,-0.26065934,-9.2583809,2.7830865,,,20.078327,,3.0945189,0.99708968,3.0,0.0,344.39383,102.4772,0.0,3.52,2.4462228,20.078327
24,Norway,1944,2.6222205,1.2299169,-0.35056251,-9.3410387,1.2150278,,,18.078331,,3.2018113,0.51383817,3.0,0.0,376.73724,115.11848,0.0,3.45,1.2299169,18.078331
24,Norway,1945,1.249514,1.8060421,-0.27231526,-16.500854,2.6436586,6.4599981,,5.6122732,,1.4006559,0.96283662,3.0,8.1818209,240.73561,75.588005,0.0,3.4200001,1.8060421,5.6122732
24,Norway,1946,0.16465171,2.4943554,-0.2122307,-13.710331,2.3414073,5.778091,64.862999,-1.7897704,21.107813,-0.072598547,0.50564265,2.5,4.4117551,122.23141,36.806507,0.0,2.96,2.4943554,-1.7897704
24,Norway,1947,-0.18468139,0.49826917,-0.12234019,-0.10391468,2.6520822,4.2260456,53.049999,9.9362106,23.252148,-0.18780152,-0.24408309,2.5,0.0,99.266258,26.258631,0.0,2.5,0.49826917,9.9362106
24,Norway,1948,-0.007084392,-0.67846143,-0.092310123,-3.0290785,0.57710147,1.8497192,45.540001,7.5974483,25.071922,-0.19146904,0.30127442,2.5,0.0,114.34803,32.189491,0.0,2.49,-0.67846143,7.5974483
24,Norway,1949,0.40548959,0.12459477,-0.10261138,-2.0167251,0.2546941,2.7092333,41.68,2.3530016,26.828449,-0.0021145353,1.1625173,2.5,12.676059,83.723862,22.763355,0.0,2.5,0.12459477,2.3530016
24,Norway,1950,0.27385595,5.2359581,-0.090657189,1.8214664,0.062320035,2.3684735,28.98,3.3661125,28.852358,-0.036729116,0.79598957,2.5,27.551073,142.74683,42.701389,0.0,2.5799999,5.2359581,3.3661125
24,Norway,1951,-0.040149234,15.834349,-0.073296577,7.3909144,0.32922164,3.048228,24.110001,3.9793816,22.472624,-0.2112523,0.32729861,2.5,0.0,154.43521,48.641434,0.0,2.74,15.834349,3.9793816
24,Norway,1952,0.01538521,8.9029093,-0.074449621,0.82988632,0.42561281,4.0082965,21.6,10.489534,22.256691,-0.014409984,0.088427357,2.5,0.0,105.07939,31.424332,0.0,2.74,8.9029093,10.489534
24,Norway,1953,-0.23530748,2.0276794,-0.071523041,-0.41655695,-0.37321621,5.0778089,23.82,5.10395,21.368643,-0.33064976,-0.045798987,2.5,0.68496203,101.92927,31.778229,0.0,2.72,2.0276794,5.10395
24,Norway,1954,-0.30865553,4.4479494,-0.058146305,1.3353766,-0.41708833,5.0046053,24.08,5.9698792,21.055389,-0.38527158,-0.16107267,2.5,-0.417961,91.05645,27.969843,0.0,2.6900001,4.4479494,5.9698792
24,Norway,1955,-0.28007811,0.90607065,-0.072498806,1.830995,-0.49271622,3.9253645,26.77,2.0388331,21.049438,-0.30949092,-0.24235617,3.4200001,0.22840719,89.117783,26.221149,0.0,2.99,0.90607065,2.0388331
24,Norway,1956,0.099818237,3.804801,-0.055905979,2.7339942,0.23368868,3.5212293,27.02,3.1137261,20.899586,-0.15829289,0.5605002,3.5,-0.023682145,101.25542,34.134945,0.0,4.27,3.804801,3.1137261
24,Norway,1957,0.69705647,2.8685248,-0.061288867,2.1804221,-0.10483065,3.58657,26.9,5.7032189,23.210072,-0.1637174,2.1744564,3.5,-0.27313012,99.325577,31.246315,0.65120119,4.79,2.8685248,5.7032189
24,Norway,1958,0.032718014,5.0348501,-0.096521489,1.0136775,-0.69133198,3.5060089,28.76,2.4976623,23.409254,-0.23933713,0.56182849,3.5,0.017449688,115.22129,31.990883,0.0,4.6799998,5.0348501,2.4976623
24,Norway,1959,-0.35193035,2.2861388,-0.089679644,-0.10738818,-0.46846801,3.5758123,29.27,4.1694274,23.932127,-0.36561605,-0.29322293,3.5,-0.43461394,82.10849,22.221767,0.0,4.5700002,2.2861388,4.1694274
24,Norway,1960,-0.11906745,0.36049235,-0.068793707,5.4629164,-0.39291731,3.2004356,29.780001,3.6849658,25.936234,-0.3158789,0.24084289,3.5,0.076935731,86.417786,23.274742,0.0,4.5799999,0.36049235,3.6849658
24,Norway,1961,0.22762804,2.1551728,-0.041779429,5.2488217,-0.43108162,3.0042043,27.68,5.9509201,26.024624,-0.24546285,1.092057,3.5,0.13247322,126.08382,34.302258,0.0,4.6900001,2.1551728,5.9509201
24,Norway,1962,-0.14850557,5.2742596,-0.048110578,3.2810209,-0.33756712,3.241518,26.74,6.9641938,27.145174,-0.36890534,0.25568712,3.5,-0.066432737,124.72618,32.927052,0.0,4.6799998,5.2742596,6.9641938
24,Norway,1963,-0.13222457,2.4716105,-0.044124607,4.3343329,-0.21813533,3.2084274,25.280001,6.0571041,27.609041,-0.31958601,0.17968306,3.5,0.16086073,117.54991,30.064877,0.0,4.6300001,2.4716105,6.0571041
24,Norway,1964,-0.20172715,5.8670154,-0.028985143,5.6470308,-0.55083966,3.119164,23.73,8.050045,27.850863,-0.32105568,0.016781332,3.5,0.11465024,90.5354,25.194887,0.0,4.6799998,5.8670154,8.050045
24,Norway,1965,-0.38025531,4.1872244,-0.010850151,6.1554933,-0.2634638,3.3979366,22.639084,9.088644,28.536678,-0.36928177,-0.37992045,4.8200002,-0.10084037,99.786484,27.824497,0.0,4.6100001,4.1872244,9.088644
24,Norway,1966,-0.35424864,3.2505634,-0.0076329773,6.405901,-0.27749354,3.5679598,22.252968,8.7721605,29.711554,-0.3396143,-0.32324031,,0.0033880817,90.635468,26.351011,0.0,4.4400001,3.2505634,8.7721605
24,Norway,1967,-0.15806711,4.5792699,0.018895846,7.9941173,-0.42002207,3.5125628,23.102177,8.9621897,31.577888,-0.17406991,-0.11789985,4.5500002,0.00083365326,112.60692,34.31813,0.0,4.2600002,4.5792699,8.9621897
24,Norway,1968,-0.45476356,3.4482932,0.0066986112,6.3955832,-0.59291053,3.6078432,23.090559,9.2520542,32.755024,-0.40586448,-0.49812117,4.8800001,-0.10371894,104.20105,27.215742,0.0,4.1700001,3.4482932,9.2520542
24,Norway,1969,-0.29775289,2.9629495,0.016883431,7.1991658,-0.50876772,3.6042526,22.79524,11.397222,34.221672,-0.3277438,-0.25232628,5.77,0.014854312,95.787491,25.975275,0.0,5.1100001,2.9629495,11.397222
24,Norway,1970,-0.31821114,10.637206,0.003304868,2.4522438,-0.44147506,3.4728396,20.762354,11.622153,31.030264,-0.35379824,-0.21624354,10.614166,0.00014017717,102.82236,28.439093,0.0,4.9699998,10.637206,11.622153
24,Norway,1971,-0.36755872,6.2238631,0.025046621,1.1320816,-0.36399072,3.3915043,21.199068,14.051677,33.549084,-0.35849595,-0.36865702,8.085,-1.698965,87.422432,23.967043,0.0,4.7600002,6.2238631,14.051677
24,Norway,1972,-0.44657871,7.2584357,0.043330621,-1.6704471,-0.43691,3.291466,22.627989,11.199844,34.396915,-0.36697075,-0.55529326,7.7691665,-6.1892748,87.485275,23.414864,0.0,6.3000002,7.2584357,11.199844
24,Norway,1973,-0.39919797,7.4194727,0.054583933,4.3736753,0.70707637,3.133605,22.916651,11.717725,35.465797,-0.31789175,-0.49849606,9.3966665,-12.661403,76.668312,23.600508,0.0,6.1999998,7.4194727,11.717725
24,Norway,1974,-0.33771241,9.411768,0.059862267,11.34844,1.6381123,3.0355353,22.798286,11.105976,34.449623,-0.33593646,-0.30292401,10.411667,-3.9731421,70.567474,19.863108,0.0,7.0999999,9.411768,11.105976
24,Norway,1975,-0.32586312,11.689223,0.077381529,7.4428444,-0.25765836,3.2084303,24.135378,13.284066,35.573673,-0.3609584,-0.25656399,11.716666,-5.3609738,79.141571,24.650442,0.0,7.3000002,11.689223,13.284066
24,Norway,1976,-0.33534312,9.1614723,0.10334036,9.8718977,-0.46188265,3.1240299,30.94339,16.434464,35.038422,-0.326213,-0.26187676,12.37,4.3050985,69.23243,20.260477,0.0,7.3000002,9.1614723,16.434464
24,Norway,1977,-0.3972176,9.1038399,0.11349565,7.2405977,-0.2174845,3.0981767,35.164085,17.729359,32.552677,-0.34647036,-0.45390233,11.756667,-2.3774514,68.475105,20.172558,0.0,7.4000001,9.1038399,17.729359
24,Norway,1978,-0.25328735,8.1616716,0.12213463,1.6909338,-0.31128019,2.8413188,40.24649,12.702785,34.131649,-0.22131987,-0.25475672,8.5758333,-1.5542792,81.370934,24.538729,0.0,8.3999996,8.1616716,12.702785
24,Norway,1979,-0.21661539,4.5097275,0.13600837,5.777914,0.42451829,2.766546,42.400002,12.795848,34.248718,-0.21548738,-0.23688169,10.716666,-3.4029436,86.351082,24.6464,0.0,8.6000004,4.5097275,12.795848
24,Norway,1980,-0.16326898,10.912,0.15104705,8.9125423,0.11738463,2.6190188,39.200001,12.47781,33.481319,-0.23909125,0.039822102,12.233334,-2.5409629,102.05772,28.911917,0.0,10.3,10.912,12.47781
24,Norway,1981,-0.18311918,13.643,0.136658,7.885818,-0.26864895,2.6239722,35.400002,12.937756,33.506752,-0.3706668,0.16801968,13.125,16.366432,101.66919,30.616581,0.0,12.3,13.643,12.937756
24,Norway,1982,-0.10093627,11.341,0.1081174,6.7097273,-0.47342017,2.7445922,31.9,10.593719,34.138626,-0.23039952,0.14717855,15.366667,12.588481,124.11795,36.66264,0.0,12.3,11.341,10.593719
24,Norway,1983,-0.16037755,8.4650002,0.11734021,4.5192876,-0.49070039,2.7949715,29.5,9.2701845,34.056179,-0.29889762,0.041868839,13.3,12.93054,103.87984,29.251848,0.0,12.9,8.4650002,9.2701845
24,Norway,1984,-0.25327605,6.2179999,0.14617202,5.1424942,-0.31618533,2.5444343,29.9,13.675602,32.907127,-0.26624024,-0.15844375,13.016666,11.7877,88.389366,22.210077,0.0,12.2,6.2179999,13.675602
24,Norway,1985,-0.23834151,5.7150002,0.17011222,6.0903411,-0.47056466,2.7960002,32.5,15.885916,32.436584,-0.33220467,-0.022552591,12.525,5.2006731,92.283493,22.563623,0.0,12.911667,5.7150002,15.885916
24,Norway,1986,-0.21032079,7.1760001,0.18010761,0.067830421,-0.48564944,2.8084171,40.900002,8.3177738,34.943024,-0.19015487,-0.1445598,14.391666,-13.862499,91.707932,24.392963,0.0,13.299167,7.1760001,8.3177738
24,Norway,1987,-0.10181892,8.717,0.1675622,-4.8430376,-0.39605185,2.9783244,33.900002,9.7712326,35.880135,-0.30434668,0.31844735,14.7125,-8.9475079,85.342255,19.924961,0.0,13.305,8.717,9.7712326
24,Norway,1988,-0.22670613,6.6760001,0.13439389,-5.5342612,-0.39590392,2.840755,33.0,14.014942,37.554436,-0.28519723,-0.11066555,13.51,-3.1376624,72.833328,15.660947,0.0,12.895833,6.6760001,14.014942
24,Norway,1989,-0.31622306,4.546,0.11451146,-0.24483854,-0.29488954,2.8573203,33.0,5.336916,38.101421,-0.37708366,-0.16946305,11.379167,5.8987155,81.248924,17.163759,0.0,10.825833,4.546,5.336916
24,Norway,1990,-0.2892887,4.131,0.10423329,1.4142302,0.33700022,2.833992,29.5,6.8555841,39.391354,-0.35477075,-0.11485776,11.539166,-9.418047,100.47716,26.269354,0.0,10.68,4.131,6.8555841
24,Norway,1991,-0.39887106,3.438,0.10442673,-0.4700647,-0.41676909,2.697551,27.799999,6.8033423,39.8246,-0.30541396,-0.51277125,10.564167,3.7863989,115.19403,27.496506,0.0,9.9966669,3.438,6.8033423
24,Norway,1992,-0.25403595,2.3280001,0.10754632,-3.4377089,-0.39340734,2.9071705,32.400002,9.2687683,40.949188,-0.31646535,-0.14652333,11.8325,-4.3613753,75.940979,17.994312,0.0,9.6066666,2.3280001,9.2687683
24,Norway,1993,-0.12380794,2.2880001,0.10368148,-2.9877102,-0.3561914,2.6336186,40.799999,5.4919701,39.601006,-0.23951304,0.14625154,7.2649999,14.375149,86.624359,19.476673,0.0,6.8808331,2.2880001,5.4919701
24,Norway,1994,-0.24870171,1.376,0.12233888,-2.6950662,-0.45974848,2.6769812,37.200001,4.2885809,38.7565,-0.25123328,-0.14884493,5.8508334,-0.70657003,88.633369,20.079575,0.0,7.4358335,1.376,4.2885809
24,Norway,1995,-0.24027729,2.46,0.13285503,-3.1237793,-0.53067672,2.3074574,34.799999,5.8918738,39.560638,-0.15076503,-0.34017584,5.4783335,-10.122311,75.088799,15.438735,0.0,7.4241667,2.46,5.8918738
24,Norway,1996,-0.180145,1.263,0.15215002,-0.31485021,-0.40501145,2.1630421,31.4,6.1952853,37.473415,-0.15107979,-0.22922757,4.8933334,1.8467499,61.413044,12.309971,0.0,6.7733335,1.263,6.1952853
24,Norway,1997,-0.14458537,2.5669999,0.17398874,1.5417187,-0.64708126,2.0160513,27.9,2.81073,35.843105,-0.095434152,-0.2090327,3.7325001,9.6795597,39.673115,10.065716,0.0,5.8883333,2.5669999,2.81073
24,Norway,1998,-0.26405284,2.2520001,0.16923548,0.91393751,-0.42553973,2.1558278,26.799999,5.2156754,37.481773,-0.26429936,-0.20920095,5.7849998,6.6627069,51.792046,13.602912,0.0,5.4000001,2.2520001,5.2156754
24,Norway,1999,-0.22629498,2.3659999,0.15673389,-1.3001989,-0.42397618,2.0378802,27.9,6.7489977,36.359932,-0.20067503,-0.22776055,6.5383334,3.3038116,58.142807,15.406904,0.0,5.4974999,2.3659999,6.7489977
24,Norway,2000,-0.19913697,3.086,0.15735132,3.4063056,0.18820009,1.7044234,28.36047,10.242103,32.860649,-0.1487821,-0.19838645,6.7458334,12.874459,45.607391,10.543964,0.0,6.2183332,3.086,10.242103
24,Norway,2001,-0.010442951,3.0039999,0.14665937,2.1504478,-0.30948493,1.7022316,27.42281,8.8687868,33.434422,0.055303574,-0.051877037,7.2266665,2.0955176,111.46019,23.386215,0.0,6.2366667,3.0039999,8.8687868
24,Norway,2002,0.14049035,1.2869999,0.13071632,-3.5927587,-0.32813272,2.0753191,34.206337,7.6780581,38.828979,0.17538755,0.035084661,6.9074998,-11.282875,111.12048,23.863482,0.0,6.3841667,1.2869999,7.6780581
24,Norway,2003,-0.081666335,2.4879999,0.1093538,-4.8923211,-0.45952511,1.9694045,42.046791,4.3226581,38.289711,0.035631765,-0.192569,4.0983334,-11.234664,135.32417,31.273394,0.0,5.0450001,2.4879999,4.3226581
24,Norway,2004,-0.26865941,0.454,0.11644012,-2.6462431,-0.41334879,1.8424348,43.610256,8.6565046,36.341824,-0.176043,-0.4490481,2.0066667,-4.8578315,110.70305,23.111164,0.0,4.3683333,0.454,8.6565046
24,Norway,2005,-0.26614764,1.5319999,0.11097733,-0.95551431,-0.46118429,1.5758847,42.333267,9.9929781,34.259922,-0.14628258,-0.46044391,2.2116666,-4.3509517,83.537979,17.760574,0.0,3.7458334,1.5319999,9.9929781
24,Norway,2006,-0.2837033,2.329,0.10182408,0.12785558,-0.432715,1.4446681,53.311707,11.531047,33.312294,-0.1723748,-0.44893777,3.0991666,-0.45901856,86.026413,20.462765,0.0,4.0766668,2.329,11.531047
24,Norway,2007,-0.31266797,0.713,0.094802573,0.30086514,-0.067742683,1.4591721,50.308575,16.282793,33.331715,-0.26667151,-0.35342696,4.9575,-8.6246395,84.868973,17.388117,0.0,4.7741666,0.713,16.282793
24,Norway,2008,-0.45715073,3.7539999,0.061767485,3.0335233,-0.15135697,1.3703337,48.091686,9.3036251,32.136868,-0.36305127,-0.59224606,6.2183332,-3.7990808,71.192848,15.75554,0.0,4.4583335,3.7539999,9.3036251
24,Norway,2009,-0.32921222,2.197,0.0042008273,-4.3991838,-0.22912882,1.5969098,42.839584,3.5553982,37.050953,-0.31405091,-0.31840184,2.4633334,11.401132,69.581642,16.397341,0.0,3.9983332,2.197,3.5553982
24,Norway,2010,-0.29629442,2.4189999,-0.025758594,-3.7362394,-0.41340595,1.507628,42.306,3.1546214,36.06472,-0.28560853,-0.265773,2.5016668,-3.7165103,73.838913,18.301521,0.0,3.5283334,2.4189999,3.1546214
24,Norway,2011,-0.21611743,1.285,-0.053058896,-2.4916508,-0.093462855,1.4425275,28.843,6.7608294,35.510941,-0.18132877,-0.2460749,2.8716667,-7.3225212,75.721146,18.604286,0.0,3.135,1.285,6.7608294
24,Norway,2012,-0.27007821,0.69700003,-0.064682908,-3.707418,-0.28318718,1.39319,29.993999,4.1996021,34.99931,-0.22645357,-0.36103988,2.2349999,3.8632214,69.216782,17.808241,0.0,2.1016667,0.69700003,4.1996021
24,Norway,2013,-0.26254618,2.1199999,-0.091951199,-4.350544,-0.38321215,1.4052522,30.351,4.5150614,35.764095,-0.18354253,-0.20638826,1.7550676,0.95960784,70.025406,17.310284,0.0,2.5775001,2.1199999,4.5150614
24,Norway,2014,-0.13592768,2.0420001,-0.10822287,-3.3050232,-0.022693854,1.4622794,29.858999,5.9926233,37.45623,-0.20921072,0.090229221,1.6990396,7.2379265,80.853844,22.534008,0.0,2.5150001,2.0420001,5.9926233
24,Norway,2015,-0.20173338,2.171,-0.12502165,-2.1298623,-0.4767108,1.4981233,34.543999,-0.085408717,40.054352,-0.11462682,-0.35685518,1.2906746,28.067858,94.918381,24.861795,0.0,1.5650001,2.171,-0.085408717
24,Norway,2016,-0.23304243,3.55,-0.14748356,-3.5660579,-0.31834331,1.6173438,38.125999,3.1826785,41.747784,-0.16822696,-0.29179507,1.0666667,4.0253606,84.358536,23.343941,0.0,1.3316667,3.55,3.1826785
24,Norway,2017,-0.2039995,1.875,-0.15643544,-3.6966028,-0.46944511,1.7051532,38.636002,6.3691397,40.965656,-0.151301,-0.15012808,0.88999999,-1.5566838,86.290787,26.815166,0.0,1.6375,1.875,6.3691397
24,Norway,2018,-0.31205961,2.7650001,-0.17997684,-2.926511,-0.053811051,1.7152973,39.658001,5.8110914,39.307915,-0.25844646,-0.33633724,1.0666667,-1.5877261,67.708572,22.241228,0.0,1.8791667,2.7650001,5.8110914
24,Norway,2019,0.27182367,2.168,-0.20072991,-2.1587672,0.075132251,1.8437353,40.880001,4.3988433,41.123863,0.03209148,0.75719178,1.5525,8.2089872,69.926216,23.420792,0.0,1.4941666,2.168,4.3988433
24,Norway,2020,-0.36141163,1.2869999,-0.24464028,-7.8273921,0.46970552,1.9659837,41.400002,9.7057428,47.800552,-0.32484969,-0.32528487,0.69916666,6.8368969,66.154915,18.842117,0.0,0.8175,1.2869999,9.7057428
24,Norway,2021,-0.16213594,3.484,-0.2367859,-2.0863628,1.2349703,1.6763219,41.640999,10.502,37.406551,-0.33690411,0.15819658,0.50416666,-8.5842438,58.633369,17.713369,0.0,1.4158704,3.484,10.502
24,Norway,2022,0.47253039,5.7639999,-0.23894531,9.1703091,3.815197,1.4643697,36.111,5.5469999,28.634552,0.26654392,1.2259265,2.1383333,11.905309,112.93623,50.133564,0.0,2.8683653,5.7639999,5.5469999
24,Norway,2023,0.64622277,5.5180001,-0.27471003,6.79462,0.75824344,1.8131474,44.212002,0.433,36.999554,0.64320636,0.94547695,4.21,9.8562117,99.392548,39.167282,0.0,3.4310203,5.5180001,0.433
25,Peru,1900,-0.75995904,,-0.12555285,,-0.24441414,,23.9417,,3.5911601,-0.612818,-0.61700851,,,72.415619,21.744785,0.0,,,
25,Peru,1901,-0.80083561,7.6999998,-0.093286186,,-0.30061123,,16.5839,,3.67454,-0.80102324,-0.55071199,,-0.69687074,43.076683,12.135668,0.0,,7.6999998,
25,Peru,1902,-1.1598306,-14.187557,-0.078133799,,-0.77315223,,15.6471,,3.58974,-0.82959515,-1.0838513,,3.558902,43.4799,11.168486,0.0,,,
25,Peru,1903,-0.73239803,13.2,-0.050444048,,-0.49263999,,15.83,,3.5460999,-0.74394065,-0.5094263,,-0.38722387,49.491287,13.46318,0.0,,13.2,
25,Peru,1904,-0.5919351,3.9000001,-0.055727929,,-0.43399912,,14.5386,,4.2316298,-0.53238428,-0.59837288,,-0.82604259,76.692307,24.632708,0.0,,3.9000001,
25,Peru,1905,-0.82524985,31.299999,-0.022652043,,-0.14619936,,13.5835,,4.2596302,-0.78417265,-0.60305113,,0.83292294,54.05724,16.114489,0.0,,31.299999,
25,Peru,1906,-0.94499379,1.0,0.016475273,,-0.33947173,,12.4743,,4.53686,-0.70623696,-0.87323546,,0.38872913,40.733101,9.2836647,0.0,,1.0,
25,Peru,1907,-0.78482676,1.9,0.040286709,,-0.57837588,,11.6705,,4.8561101,-0.27683109,-0.79262489,,0.62923741,34.413788,7.3002024,0.0,,1.9,
25,Peru,1908,-1.0052397,4.5999999,0.021245871,,-0.69248426,,11.1737,,5.4945002,-0.68005735,-1.0033178,,1.6835017,32.829559,7.7908792,0.0,,4.5999999,
25,Peru,1909,-0.13069016,-14.187557,0.00034382645,,-0.69135404,,11.5699,,4.5075102,-0.19450869,-0.16085798,,-1.8448503,30.923229,6.8884201,0.0,,,
25,Peru,1910,0.45301142,-2.0999999,-0.019993275,,-0.53587568,,10.3516,,4.3902402,0.16064781,0.35979745,,-0.62650824,30.885345,5.987731,0.0,,-2.0999999,
25,Peru,1911,-0.56495309,3.2,-0.035961945,,-0.54327685,,10.0191,,4.8701301,-0.39862368,-0.38887471,,-0.4364652,52.696037,13.308744,0.0,,3.2,
25,Peru,1912,-1.1461635,-9.1999998,-0.03837138,,-0.0043140701,,10.0592,,5.5722899,-0.89322126,-1.0732375,,1.8996549,53.76284,13.106895,0.0,,-9.1999998,
25,Peru,1913,-0.9981823,12.4,-0.04224911,,-0.20842209,,9.5092897,,8.6261997,-0.67353576,-0.91829646,,0.19121099,49.213394,11.633808,0.0,,12.4,
25,Peru,1914,1.046339,4.0,-0.085809812,,-0.71167904,,10.1058,,6.5286598,2.084168,-0.54053783,,9.4465675,199.27412,67.950905,0.0,,4.0,
25,Peru,1915,0.090379,7.6999998,-0.038835701,,-0.097348936,,11.0253,,4.2079201,0.62373424,-0.46355811,,5.056664,269.59604,89.330948,0.0,,7.6999998,
25,Peru,1916,0.018228363,9.8000002,0.024211766,,0.61024821,,9.0024405,,3.2997301,0.43424234,-0.52594298,,-15.643153,260.30356,76.989441,0.0,,9.8000002,
25,Peru,1917,2.1369412,15.4,0.024172137,,1.6609786,,5.62428,,3.9312,2.8154507,0.9500109,,-4.4761486,296.97101,91.08374,0.0,,15.4,
25,Peru,1918,1.5852545,15.5,-0.006209468,,1.6899525,,6.8796101,,3.6961,2.4141252,0.060786292,,2.2142148,331.62021,104.79572,0.0,,15.5,
25,Peru,1919,0.75780249,14.6,-0.0092526767,,0.22520335,,5.9822001,,4.2690802,1.3529631,0.0093955798,,10.226704,166.6438,50.25877,0.0,,14.6,
25,Peru,1920,0.17994958,11.7,-0.035443101,,0.8649984,,5.29107,,4.4723601,-0.21648227,0.26261717,,14.853749,102.06319,26.667065,0.0,,11.7,
25,Peru,1921,-0.25655222,-5.1999998,-0.033410601,,-0.34851193,,4.3517599,,5.1703901,-0.028084777,-0.53870153,,14.365296,72.843681,19.239037,0.0,,-5.1999998,
25,Peru,1922,-0.49085334,-4.5,0.011687579,,0.65141225,,5.41716,,4.9773798,-0.38352525,-0.38297796,,-14.509395,64.923538,14.939209,0.0,,-4.5,
25,Peru,1923,-0.52684486,-5.3000002,0.040497843,,0.025661394,,5.8653898,,5.1733899,-0.71766573,-0.29909471,,2.279206,58.87146,15.726268,0.0,,-5.3000002,
25,Peru,1924,-0.84835416,3.9000001,0.093151048,,-0.3064791,,6.72541,,5.9356098,-0.46273816,-0.9401781,,-2.5865502,49.706013,11.532008,0.0,,3.9000001,
25,Peru,1925,-0.89779019,7.0,0.081201293,,-0.4745616,,6.7505002,,6.0093899,-0.71289015,-0.81557959,6.0,8.6601295,45.767529,11.602943,0.0,,7.0,
25,Peru,1926,-0.97904545,0.5,0.14099848,,-0.41255632,,6.4225302,,6.4516101,-0.9137038,-0.67040926,6.0,6.6541343,37.680462,9.49055,0.0,,0.5,
25,Peru,1927,-1.2081581,-3.5,0.12077014,,-0.76731092,,7.1595001,,4.7948399,-0.88641065,-1.1213822,6.0,-8.4596415,45.88192,11.859468,0.0,,-3.5,
25,Peru,1928,-0.34042549,-6.6999998,0.14619836,,-0.57770205,,12.923,,7.2418399,-0.45640364,-0.024827121,6.0,-3.6195581,37.190571,8.9634085,0.0,,-6.6999998,
25,Peru,1929,-0.48132837,-2.2,0.20914331,,-0.24888179,,13.9785,,5.8343701,-0.26298946,-0.55692935,7.0,-0.11985795,40.538773,10.644144,0.0,,-2.2,
25,Peru,1930,0.66427696,-4.5,0.047816612,,-0.54307097,,13.1086,,7.0402198,0.44614789,0.62572747,7.0,37.439999,42.976971,10.694011,0.0,,-4.5,
25,Peru,1931,0.55610126,-6.5,-0.076159067,,-0.56398171,,20.4182,,5.8028798,0.92022294,0.35168809,7.0,3.9289875,44.57341,11.231193,0.0,,-6.5,
25,Peru,1932,2.014245,-4.4000001,-0.15394221,,-0.50599748,,28.9867,,5.8015699,1.5032998,1.9261518,6.0,62.811539,59.718971,16.023249,0.0,,-4.4000001,
25,Peru,1933,3.3799884,-2.5999999,-0.083449848,,-0.62762129,,33.369598,,5.5316901,3.0120063,3.1038704,6.0,-19.706533,52.87656,13.56993,2.7108884,,-2.5999999,
25,Peru,1934,0.3065398,2.0,0.0077295033,,-0.64487773,,33.136398,,5.8060002,-0.35391486,0.95707053,6.0,-6.1283131,52.097977,11.920933,0.0,,2.0,
25,Peru,1935,0.19107538,1.3,0.061221685,,-0.32716823,,31.982201,,6.12918,-0.18694757,0.45416081,6.0,-5.915628,82.748703,24.588373,0.0,,1.3,
25,Peru,1936,0.056943946,5.3000002,0.071466528,,-0.42884684,,30.7528,,6.204,-0.20812806,0.51609319,6.0,-0.77655536,91.402847,28.232,0.0,8.1000004,5.3000002,
25,Peru,1937,-0.99102038,6.3000002,0.047734715,,-0.43472949,,28.268,,6.1010199,-0.8541258,-0.76919937,,3.3324966,87.478371,28.382313,0.0,7.9899998,6.3000002,
25,Peru,1938,1.4357864,1.2,0.026564356,,-0.46118385,,26.297199,,9.49893,0.11515364,2.58846,,18.739305,102.05727,35.125557,0.0,8.2399998,1.2,
25,Peru,1939,1.6891251,-1.2,-0.0047958842,,-0.40110451,,27.8561,,8.7333298,1.6789616,1.4582659,,9.0534992,191.01532,69.561592,0.0,9.0900002,-1.2,
25,Peru,1940,0.1974542,8.1999998,-0.021926221,,-0.29356262,,30.8556,,6.6476898,0.68591946,-0.36551827,,16.981134,200.07191,75.878357,0.0,8.0,8.1999998,
25,Peru,1941,1.7560757,8.3999996,-0.058292996,,2.6587474,,28.6369,,9.49928,2.3806968,0.48730701,,4.8387098,241.92404,82.152382,0.0,7.25,8.3999996,
25,Peru,1942,1.0923367,12.4,-0.11920913,-6.5580621,4.1687775,0.8511216,28.822001,,9.8911695,1.8896664,-0.29788849,,0.0,306.14059,90.385078,0.0,6.9299998,12.4,
25,Peru,1943,0.26972935,9.0,-0.14041509,-9.3343258,5.8730431,0.99927843,26.7013,,9.1681004,0.75644475,-0.51194459,,0.0,344.39383,103.22004,0.0,,9.0,
25,Peru,1944,2.3185799,14.6,-0.093749814,-8.9650316,1.5323603,1.0306872,26.4918,,8.1634102,3.8984873,-0.45375928,,0.0,376.73724,115.75175,0.0,6.4200001,14.6,
25,Peru,1945,0.79168141,11.6,-0.093531221,-7.70575,2.20293,1.0242095,26.0373,,8.8116703,1.369293,-0.06106529,,0.0,240.73561,75.941879,0.0,7.0700002,11.6,
25,Peru,1946,-0.28972408,9.3999996,-0.091833115,-3.4944646,1.86239,1.2493448,25.732,,10.7737,-0.61863059,0.025169266,,0.0,122.23141,36.933056,0.0,7.04,9.3999996,
25,Peru,1947,-0.43293592,29.4,-0.10018589,-8.7297773,1.9217926,1.3323489,25.8123,,13.1347,-0.46041343,-0.4283981,,0.0,99.266258,26.301304,0.0,6.6599998,29.4,
25,Peru,1948,0.12590273,30.799999,-0.1034626,11.963128,0.63099426,6.0985708,23.982401,,12.6474,0.30938357,-0.20473556,,78.861542,114.34803,32.249508,0.0,6.9400001,30.799999,
25,Peru,1949,-0.47260183,14.7,-0.065767907,-1.4345989,-0.21512151,2.9040196,19.401199,12.888886,9.3765402,-0.66856867,-0.097684555,,-8.0124178,83.723862,22.962385,0.0,7.1100001,14.7,12.888886
25,Peru,1950,-0.34936762,12.1,-0.025112644,-2.1971374,-0.26798895,2.832057,13.8597,23.622042,11.3267,-0.52238679,-0.17677848,,0.94530725,142.74683,42.859592,0.0,7.3699999,12.1,23.622042
25,Peru,1951,0.012291268,10.38961,0.02242947,5.550025,0.43598723,2.9186935,10.569,12.499999,10.8872,-0.18529111,0.19674517,,2.2073522,154.43521,48.698719,0.0,7.4299998,10.38961,12.499999
25,Peru,1952,-0.75194108,7.0588236,0.029970797,1.3305471,-0.181363,2.6569357,7.96205,19.444445,10.4962,-0.39232615,-0.93929791,,2.0942411,105.07939,31.535917,0.0,7.4200001,7.0588236,19.444445
25,Peru,1953,-0.90074313,9.3406591,0.034730859,4.1011243,-0.51178902,2.7775323,7.5992398,13.95349,11.8852,-0.66144454,-0.76800412,,27.50001,101.92927,31.832018,0.0,8.1199999,9.3406591,13.95349
25,Peru,1954,-0.88141894,5.0251255,0.050867196,5.5223169,-0.68489748,2.6911728,8.2083902,10.204084,15.2273,-0.81130087,-0.69067419,,-4.4746151,91.05645,28.003452,0.0,8.0600004,5.0251255,10.204084
25,Peru,1955,-0.58318287,4.7846889,0.063908271,2.2136624,-0.36056322,2.7680449,13.8281,12.962963,16.7134,-0.75865096,-0.16679816,,0.0,89.117783,26.246706,0.0,7.8200002,4.7846889,12.962963
25,Peru,1956,0.47068712,5.4794521,0.06228077,2.5130825,-0.38915473,2.9817238,17.312201,18.032784,18.251699,0.016756682,0.80348188,,0.0,101.25542,34.20496,0.0,7.6999998,5.4794521,18.032784
25,Peru,1957,-1.1593493,7.4314575,0.084090181,2.2193398,-0.61984986,2.921895,16.3484,9.7222223,17.879,-0.98312545,-0.99755436,,0.0,99.325577,31.55732,0.0,7.71,7.4314575,9.7222223
25,Peru,1958,-0.79446363,7.9247818,0.031184345,-0.077542372,-0.97478354,2.8969028,17.528299,7.5949326,16.854401,-0.80571121,-0.62058258,,25.578949,115.22129,32.109211,0.0,9.3599997,7.9247818,7.5949326
25,Peru,1959,-0.37644207,12.756689,0.0015046622,1.2309488,-0.75877535,2.7964735,20.645599,17.647064,16.2512,-0.6962586,0.14981967,,16.932106,82.10849,22.217775,0.0,11.5,12.756689,17.647064
25,Peru,1960,-0.63820279,8.6644592,0.043638453,6.8667297,-0.67357016,2.5080013,16.120811,14.999995,13.3258,-0.83499718,-0.23582071,,-2.1534092,86.417786,23.345253,0.0,9.79,8.6644592,14.999995
25,Peru,1961,0.14832018,5.9167089,0.080314733,9.4222717,-0.49080297,2.6447575,15.999,19.129999,14.7527,-0.33196494,0.39486441,,-1.7674488,126.08382,34.422466,0.0,8.2399998,5.9167089,19.129999
25,Peru,1962,2.2681761,6.6410933,0.12452969,8.3583117,0.064777985,2.4250681,15.097888,13.869,14.6022,-0.04209315,3.600338,,0.012307521,124.72618,32.838581,0.0,7.6900001,6.6410933,13.869
25,Peru,1963,0.12463923,6.0701437,0.13219832,6.4658523,-0.58141142,3.3163915,14.196776,16.025999,16.214701,-0.21591346,0.40937942,,0.0,117.54991,30.092241,0.0,7.1399999,6.0701437,16.025999
25,Peru,1964,-0.58099359,9.792285,0.14760351,3.7488878,-0.30326933,3.3402276,14.057,25.414,16.8986,-0.80315566,-0.080942295,,0.0,90.5354,25.24081,0.0,7.23,9.792285,25.414
25,Peru,1965,0.41017878,16.389961,0.16789809,1.0874236,-0.22192807,3.0983465,14.4907,23.348,18.711901,0.73217511,-0.059817463,,0.0,99.786484,27.772154,0.0,6.7399998,16.389961,23.348
25,Peru,1966,-0.3980861,8.8406038,0.20289677,1.1274554,-0.15315665,2.8435671,16.983299,13.929,18.5672,-0.71319205,-0.052107226,,0.0,90.635468,26.34754,0.0,,8.8406038,13.929
25,Peru,1967,-0.16326489,9.7836027,0.20228659,1.962985,-0.48184285,4.7036328,12.0847,8.7770004,19.0567,-0.25405866,0.035245541,,12.782629,112.60692,34.353725,0.0,,9.7836027,8.7770004
25,Peru,1968,-0.68938184,19.086618,0.16147415,3.3040156,-0.57943189,2.3573735,15.1916,6.9159999,18.3531,-0.63786739,-0.5280953,,27.941072,104.20105,27.201157,0.0,,19.086618,6.9159999
25,Peru,1969,0.68397647,6.2361579,0.15596329,0.55154026,-0.55010438,2.3875599,17.58305,13.208,16.411501,-0.49394181,1.5034654,,0.0,95.787491,25.930246,0.0,,6.2361579,13.208
25,Peru,1970,0.097138718,5.0252361,0.17322606,-0.80743384,-0.32618922,3.5064394,19.974501,36.667,14.346755,-0.19165957,0.43015385,,0.0,102.82236,28.419266,0.0,,5.0252361,36.667
25,Peru,1971,0.24344526,6.7906394,0.1741928,-5.2629104,-0.14005135,3.6195159,19.0144,8.1879997,15.022073,-0.23265597,0.66516149,,0.0,87.422432,23.926699,0.0,,6.7906394,8.1879997
25,Peru,1972,-0.29193333,7.2197223,0.16453265,-5.8178892,-0.37898985,3.630811,20.555,23.993999,15.325667,-0.65361589,0.055416781,,0.0,87.485275,23.381727,0.0,,7.2197223,23.993999
25,Peru,1973,0.28893396,9.4890509,0.18503138,-5.3893685,2.3316588,3.9253898,22.643,23.117001,19.47978,0.1233319,0.17708184,,0.0,76.668312,23.549522,0.0,,9.4890509,23.117001
25,Peru,1974,0.24474305,16.891666,0.228,1.29265,2.0414066,3.932961,24.010401,33.650002,17.68778,-0.48981017,0.70966661,,0.0,70.567474,19.830498,0.0,,16.891666,33.650002
25,Peru,1975,0.49450794,23.618734,0.22925909,-2.3668346,0.2669898,5.2162848,26.953899,15.785,19.770769,-0.16608091,0.86273414,,4.3173089,79.141571,24.607927,0.0,,23.618734,15.785
25,Peru,1976,-0.4401252,33.483276,0.19880125,-2.9988208,0.051355653,5.6769128,34.508202,23.995001,21.052481,-0.73792571,-0.14273189,,38.10923,69.23243,20.264137,0.0,,33.483276,23.995001
25,Peru,1977,-0.61253858,38.054092,0.16333984,3.0366924,0.024265379,8.2143869,44.821201,23.584,19.43675,-0.65397441,-0.39464709,,51.078087,68.475105,20.169016,0.0,,38.054092,23.584
25,Peru,1978,-0.18732333,57.848782,0.082328923,5.0036993,0.00085014926,6.1997018,56.002201,61.077,18.95727,-0.47491336,0.028034683,,78.861542,81.370934,24.55068,0.0,,57.848782,61.077
25,Peru,1979,-0.46256673,66.69442,0.061230585,10.719211,0.38240647,3.3524356,45.896801,85.743446,16.36412,-0.34686902,-0.38182724,,43.72921,86.351082,24.682266,0.0,,66.69442,83.488998
25,Peru,1980,0.45949313,59.145,0.095964998,12.604218,0.4266358,4.5590682,36.3395,83.488998,19.321123,0.22187719,0.55321437,,28.540718,102.05772,28.913734,0.0,,59.145,83.488998
25,Peru,1981,0.35970896,75.432999,0.10960927,6.0597191,-0.4066245,3.9848197,30.6182,68.678001,18.437416,0.42878988,0.12339383,,46.204006,101.66919,30.618402,0.0,,75.432999,68.678001
25,Peru,1982,2.3425951,64.459999,0.071290098,5.6577225,-0.67735666,5.1126518,34.2444,71.956001,17.576492,1.2344831,3.0992508,,65.17572,124.11795,36.582729,0.0,,64.459999,71.956001
25,Peru,1983,1.2827839,111.05077,-0.064604841,7.6222234,-0.41255552,4.8459563,56.1777,86.526642,19.41736,1.8142411,0.28421134,,78.861542,103.87984,29.211565,0.0,,,83.488998
25,Peru,1984,0.25071603,110.209,-0.062506087,3.3622215,-0.31909096,3.3575583,56.668098,87.289642,18.312588,1.0070662,-0.70503634,,78.861542,88.389366,22.199232,0.0,,110.209,83.488998
25,Peru,1985,0.38126248,114.62253,-0.077303208,8.8277216,-0.52671576,3.8701491,63.441299,87.793831,17.220194,0.62292993,-0.16884722,,78.861542,92.283493,22.549885,0.0,,,83.488998
25,Peru,1986,1.0896868,77.920998,0.0040466241,-1.769286,-0.52509582,3.3492956,48.566002,53.978001,16.574699,1.4500078,0.24084993,,27.084944,91.707932,24.349674,0.0,,77.920998,53.978001
25,Peru,1987,-0.081051148,85.846001,0.04539495,-9.178792,-0.48140961,3.4114962,39.088402,86.668137,15.45836,0.040572237,-0.12347429,,20.708611,85.342255,19.970982,0.0,,85.846001,83.488998
25,Peru,1988,-0.099072486,116.96114,-0.09024591,-3.5627999,0.045927841,2.1852009,42.841499,89.777718,12.84402,-0.088634059,-0.26007104,34.759167,78.861542,72.833328,15.675255,0.0,,,83.488998
25,Peru,1989,0.77150047,118.73623,-0.27215058,-14.513309,0.027048349,2.1904762,34.897301,91.003685,12.124005,0.72231138,0.46376327,34.759167,78.861542,81.248924,17.109348,0.0,,,83.488998
25,Peru,1990,0.55956554,119.54345,-0.3596974,-7.8563232,0.30709109,2.6823788,189.246,92.237686,20.356979,0.65373325,0.10999982,34.759167,78.861542,100.47716,26.233017,0.0,,,83.488998
25,Peru,1991,0.030819938,116.34142,-0.37233749,-10.953836,-0.041351479,2.0198159,78.217003,88.486923,15.71793,0.48386192,-0.4751054,34.759167,78.861542,115.19403,27.459044,0.0,,,83.488998
25,Peru,1992,1.4784733,73.528999,-0.41039121,-9.9328537,-0.26587367,2.507035,80.142998,85.227707,19.075233,1.2737589,1.1937772,23.1,61.202427,75.940979,17.919357,0.0,,73.528999,83.488998
25,Peru,1993,-0.0069576646,48.580002,-0.39622563,-9.4503708,-0.69131428,2.7461026,70.615997,69.853882,18.185995,0.28019488,-0.21322884,15.5,59.702236,86.624359,19.513088,0.0,,48.580002,69.853882
25,Peru,1994,-1.1737466,23.733999,-0.30619347,-9.6123896,-0.79289186,2.4741979,55.492001,48.241879,16.924286,-1.0079455,-0.99336809,9.8999996,10.450672,88.633369,20.144073,0.0,,23.733999,48.241879
25,Peru,1995,-0.38796955,11.131,-0.25424069,-7.9369116,-0.8162958,2.635324,36.807201,26.919827,17.537111,-0.20779791,-0.53253788,9.6000004,2.5948503,75.088799,15.464534,0.0,,11.131,26.919827
25,Peru,1996,0.059296139,11.549,-0.26004159,-7.5489359,-0.66611218,2.5020266,37.3634,37.981091,16.485069,-0.13362068,0.38233665,10.2,8.8980818,61.413044,12.328208,0.0,,11.549,37.981091
25,Peru,1997,1.2554442,8.5469999,-0.22245567,-6.0824594,-0.35272324,1.99677,34.521801,17.810379,15.605289,0.43209428,2.134326,10.3,8.6381092,39.673115,10.030985,0.0,,8.5469999,17.810379
25,Peru,1998,-0.93222326,7.2550001,-0.25796086,-6.9594889,-0.52663589,2.0166614,36.821201,10.175046,16.26827,-0.57081741,-0.95176852,10.9,10.010762,51.792046,13.650826,0.0,,7.2550001,10.175046
25,Peru,1999,-1.0507364,3.4690001,-0.27632484,-7.0770159,-0.72928709,1.9306307,41.084599,13.196183,17.843042,-0.61648989,-1.1766404,11.8,15.57509,58.142807,15.470859,0.0,,3.4690001,13.196183
25,Peru,2000,0.26346558,3.7590001,-0.27358934,-5.1260495,-0.43229249,1.7889669,44.909,2.2159452,21.734997,-0.53355128,1.0075883,9.8000002,3.1166718,45.607391,10.546608,0.0,,3.7590001,2.2159452
25,Peru,2001,0.058380421,1.975,-0.29777384,-5.9915814,0.0088099446,1.7520201,43.841,2.2964375,20.933649,0.30648842,-0.0073728971,7.5,0.54872555,111.46019,23.448866,0.0,,1.975,2.2964375
25,Peru,2002,-0.38869855,0.192,-0.27259573,-6.2086148,-0.59340614,1.5418402,45.463001,5.9032941,19.648996,-0.017902669,-0.39798987,3.5,0.26833433,111.12048,23.988863,0.0,,0.192,5.9032941
25,Peru,2003,-0.54511726,2.2609999,-0.25908837,-4.245152,-0.44788101,1.5094995,49.375999,0.99462152,20.113008,-0.18401368,-0.64815497,3.3344975,-1.0723904,135.32417,31.348839,0.0,,2.2609999,0.99462152
25,Peru,2004,-0.52673465,3.6619999,-0.23230404,-0.35718957,-0.53442734,1.3822235,46.737999,8.311307,19.557894,-0.16574983,-0.80438578,2.7353737,-1.8937371,110.70305,23.136766,0.0,,3.6619999,8.311307
25,Peru,2005,-0.76611453,1.618,-0.19324604,4.6302676,-0.46816665,1.5812727,40.359001,18.463486,20.378744,-0.47727433,-0.84227616,3.0677071,-3.4031377,83.537979,17.799294,0.0,,1.618,18.463486
25,Peru,2006,-0.79496735,2.0009999,-0.13877104,8.6142273,-0.16998611,1.4562149,32.539001,9.1128273,19.162066,-0.82460403,-0.51255995,4.091661,-0.66295046,86.026413,20.498396,0.0,,2.0009999,9.1128273
25,Peru,2007,-0.8481462,1.779,-0.074320734,12.062683,-0.65524119,1.3039383,28.528999,23.645569,18.593149,-0.65421599,-0.8175928,4.6739578,-4.4528251,84.868973,17.418943,0.0,,1.779,23.645569
25,Peru,2008,-1.1188624,5.7880001,-0.0034527741,14.343636,-0.28078654,1.2466949,26.076,25.455244,19.827139,-0.9979921,-0.86546195,5.5989804,-6.5386786,71.192848,15.762687,0.0,,5.7880001,25.455244
25,Peru,2009,-1.1299983,2.9349999,-0.0084635476,3.5460889,-0.16040203,1.5296258,26.400999,5.2479262,21.401106,-0.79534191,-1.1528233,2.6097417,2.995805,69.581642,16.438513,0.0,,2.9349999,5.2479262
25,Peru,2010,-0.76396346,1.529,0.055460963,6.6210399,-0.49783972,1.476972,23.681999,22.603884,21.009409,-0.52389151,-0.87464988,1.9931527,-6.1999221,73.838913,18.332247,0.0,,1.529,22.603884
25,Peru,2011,-0.90868825,3.369,0.099913239,10.439487,-0.74758261,1.371183,20.719999,11.889275,19.709583,-0.75257182,-0.78687227,3.9449999,-2.4977283,75.721146,18.663507,0.0,,3.369,11.889275
25,Peru,2012,-1.2169188,3.6559999,0.14185344,6.5644336,-0.60427415,1.4835128,19.216999,14.310692,20.275154,-0.94459307,-1.1281857,4.1616669,-4.1845951,69.216782,17.869398,0.0,,3.6559999,14.310692
25,Peru,2013,-1.174826,2.8069999,0.18059489,3.2138784,-0.60219401,1.643069,18.393999,17.535397,21.458483,-0.88255286,-1.0618263,4.0300002,2.3594768,70.025406,17.37122,0.0,,2.8069999,17.535397
25,Peru,2014,0.31789526,3.2449999,0.18522854,-0.24817698,-0.0054876581,1.6024876,19.565001,5.308949,22.443192,0.23485646,0.2726405,3.4725001,5.0752635,80.853844,22.550343,0.0,,3.2449999,5.308949
25,Peru,2015,-0.87746698,3.5480001,0.19713387,-2.4767385,-0.32725233,1.7450806,22.865999,13.062034,22.172592,-0.84076482,-0.63572872,3.1391666,12.221381,94.918381,24.923151,0.0,,3.5480001,13.062034
25,Peru,2016,-0.87074947,3.5929999,0.21390902,-2.7997975,-0.27341521,1.3219084,23.705999,1.8307083,20.775066,-0.8095842,-0.65197623,4.0416417,5.9460692,84.358536,23.396763,0.0,,3.5929999,1.8307083
25,Peru,2017,-0.79217082,2.8039999,0.21554589,-1.2343603,0.086810268,1.2652397,24.747999,8.1897459,20.903437,-1.1225225,-0.27815393,3.6069167,-3.3720002,86.290787,26.87149,0.0,,2.8039999,8.1897459
25,Peru,2018,-0.4168995,1.317,0.22799352,-0.68742436,0.83731103,1.1897912,25.729,5.6200395,21.174946,-0.56221634,-0.12476464,2.4467499,0.76911449,67.708572,22.249765,0.0,,1.317,5.6200395
25,Peru,2019,0.41579026,2.1359999,0.22480555,-2.9549911,1.5166717,1.2058915,26.527,9.3843718,21.124619,-0.12898286,1.0627488,2.3522501,1.5340551,69.926216,23.538631,0.0,,2.1359999,9.3843718
25,Peru,2020,-0.27668291,1.827,0.089051493,-6.2440615,0.96197069,1.3167783,34.764999,32.241772,26.083941,-0.70930338,0.25451508,0.59680837,4.770854,66.154915,18.830454,0.0,,1.827,32.241772
25,Peru,2021,-0.70456499,3.9790001,0.19696635,4.3353682,0.45283133,1.1644988,35.249001,0.43992487,23.491304,-1.0307429,-0.24025457,0.70934796,11.057631,58.633369,17.776077,0.0,,3.9790001,0.43992487
25,Peru,2022,3.0456192,7.8709998,0.20734073,5.5932989,2.2128534,1.1351335,33.994999,-1.0976503,23.485712,1.7688493,3.9497275,5.1637473,-1.2160692,112.93623,50.166985,0.0,,7.8709998,-1.0976503
25,Peru,2023,3.7522621,6.2690001,0.18471929,-1.5412762,0.97562188,1.23586,32.952,1.1485854,22.480869,3.4940395,3.6194623,7.2879925,-2.3528907,99.392548,39.209324,0.0,,6.2690001,1.1485854
26,Philippines,1900,3.0687771,,,,0.13158095,,,,,2.5369933,3.5651386,,,72.415619,20.710192,0.0,,,
26,Philippines,1901,1.2337966,,,,0.29476458,,,,,1.0740081,1.3126229,,,43.076683,11.621372,0.0,,,
26,Philippines,1902,1.130535,,-0.20723435,,0.12996012,,,,,0.88399976,1.2854691,,,43.4799,10.664902,0.0,,,
26,Philippines,1903,0.14397784,,-0.03960913,,0.12212826,,,,,0.051463947,0.14961089,,,49.491287,13.262722,0.0,,,
26,Philippines,1904,0.12491018,,-0.22462037,,-0.3952007,,,,,-0.0155341,0.38079956,,,76.692307,24.44499,0.0,,,
26,Philippines,1905,0.047183018,,-0.19394638,,-0.46439695,,,,,-0.055025056,0.30444029,,,54.05724,15.936756,0.0,,,
26,Philippines,1906,0.12243428,,-0.18800604,,-0.12989926,,,,,0.061604213,0.324101,,,40.733101,9.0782738,0.0,,,
26,Philippines,1907,-0.13283429,,-0.16709125,,-0.37391627,,,,,-0.13011636,-0.16307732,,,34.413788,7.1758246,0.0,,,
26,Philippines,1908,-0.14477001,,-0.14316107,,-0.38419226,,,,,-0.20101696,0.06070042,,,32.829559,7.6584263,0.0,,,
26,Philippines,1909,-0.40153611,,-0.15696339,,-0.4845252,,,,,-0.26736838,-0.73623586,,,30.923229,6.8745933,0.0,,,
26,Philippines,1910,-0.35237816,,-0.047172736,,-0.54206413,,,,,-0.23216097,-0.64964503,,,30.885345,5.9902935,0.0,,,
26,Philippines,1911,-0.23693797,,-0.016830437,,-0.49676821,,,,,-0.25996983,-0.10844626,,,52.696037,13.225451,0.0,,,
26,Philippines,1912,-0.40601289,,-0.03173463,,-0.32210049,,,,,-0.31573924,-0.49394259,,,53.76284,13.041483,0.0,,,
26,Philippines,1913,-0.26009938,,0.036974683,,-0.45104492,,,,,-0.24137831,-0.25996205,,,49.213394,11.534557,0.0,,,
26,Philippines,1914,0.38028625,,-0.014863191,,-0.47207132,,,,,0.23660201,1.145735,,,199.27412,67.775757,0.0,,,
26,Philippines,1915,-0.042808142,,-0.11401417,,-0.22763692,,,,,-0.054735068,0.043487351,,,269.59604,89.226494,0.0,,,
26,Philippines,1916,0.24946429,,0.011066922,,-0.11257819,,,,,0.1287377,0.4886924,,,260.30356,76.798027,0.0,,,
26,Philippines,1917,-0.0068944865,,0.13461056,,0.052315019,,,,,0.052545249,-0.033244915,,,296.97101,91.075592,0.0,,,
26,Philippines,1918,-0.23741359,,0.23640528,,-0.27365443,,,,,-0.06802652,-0.68697077,,,331.62021,104.82449,0.0,,,
26,Philippines,1919,-0.22550054,,0.16274264,,-0.345516,,,,,-0.14209151,-0.30621442,,,166.6438,50.241077,0.0,,,
26,Philippines,1920,-0.36242905,,0.21142031,,-0.41551879,,,,,-0.33762708,-0.37832293,,,102.06319,26.658274,0.0,,,
26,Philippines,1921,-0.31668809,,0.15409553,,-0.44142604,,,,,-0.27997041,-0.48941311,,,72.843681,19.194502,0.0,,,
26,Philippines,1922,-0.49887401,,0.23594961,,-0.42046085,,,,,-0.47661287,-0.48129147,,,64.923538,14.934346,0.0,,,
26,Philippines,1923,-0.34997001,,0.1378123,,-0.36381561,,,,,-0.30421826,-0.50232857,,,58.87146,15.677139,0.0,,,
26,Philippines,1924,-0.33466187,,0.19360745,,-0.40140426,,,,,-0.22633745,-0.57091498,,,49.706013,11.461784,0.0,,,
26,Philippines,1925,-0.49885789,,0.16805594,,-0.34783205,,,,,-0.35459664,-0.79950029,,,45.767529,11.576894,0.0,,,
26,Philippines,1926,-0.47664365,,0.184435,,-0.50464255,,,,,-0.37259167,-0.70563769,,,37.680462,9.4539471,0.0,,,
26,Philippines,1927,-0.39262763,,0.17198791,,-0.47592661,,,,,-0.27701586,-0.63794345,,,45.88192,11.787017,0.0,,,
26,Philippines,1928,-0.42625305,,0.17694668,,-0.54167956,,,,,-0.28776619,-0.74232221,,,37.190571,8.9457016,0.0,,,
26,Philippines,1929,-0.3284533,,0.17786151,,-0.17425507,,,,,-0.20156723,-0.60365051,,,40.538773,10.591258,0.0,,,
26,Philippines,1930,-0.49287486,,0.14091606,,-0.52343172,,,,,-0.37424454,-0.71868008,,,42.976971,10.74757,0.0,,,
26,Philippines,1931,-0.51238137,,0.11050982,,-0.49655914,,,,,-0.37870157,-0.83123171,,,44.57341,11.284675,0.0,,,
26,Philippines,1932,-0.23115757,,0.11656123,,-0.45179492,,,,,-0.22816478,-0.251378,,,59.718971,16.072569,0.0,,,
26,Philippines,1933,-0.56270236,,0.087661304,,-0.55551457,,,,,-0.40425274,-0.88274324,,,52.87656,13.784735,0.0,,,
26,Philippines,1934,-0.51765609,,0.058191903,,-0.44184136,,,,,-0.41668525,-0.72480178,,,52.097977,11.962925,0.0,,,
26,Philippines,1935,-0.42761928,,-0.052575026,,-0.33436415,,,,,-0.39294946,-0.4190301,,,82.748703,24.598722,0.0,,,
26,Philippines,1936,-0.32089624,,0.040531788,,-0.33901885,,,,,-0.27704135,-0.33815247,,,91.402847,28.204983,0.0,,,
26,Philippines,1937,-0.21229282,,0.072885126,,-0.16475119,,,,,-0.1952284,-0.22513023,,,87.478371,28.269823,0.0,,,
26,Philippines,1938,-0.26945713,3.6069987,0.067166708,,-0.39505404,,,,,-0.20421389,-0.43850341,,,102.05727,35.15567,0.0,,3.6069987,
26,Philippines,1939,0.057242278,0.6802721,0.099682391,,-0.28606483,,,,,-0.066608436,0.38450703,,,191.01532,69.511879,0.0,,0.6802721,
26,Philippines,1940,0.09630762,4.7297297,0.084008783,,0.20609473,,,,,-0.1500092,0.82495087,,,200.07191,75.739876,0.0,,4.7297297,
26,Philippines,1941,2.2519333,1.9354838,,,2.4548628,,,,,1.8449684,2.8325129,,,241.92404,81.481323,0.0,,1.9354838,
26,Philippines,1942,4.6904716,60.759495,,,5.49085,,,,,5.1782455,1.5627702,,,306.14059,88.985199,2.5645695,,60.759495,
26,Philippines,1943,0.7487731,114.10668,,,1.6649475,,,,,0.95387906,0.014169668,,,344.39383,102.89956,0.0,,,
26,Philippines,1944,4.4377799,114.33589,,,2.2961919,,,,,4.9532771,1.4051913,,,376.73724,114.48765,2.4821513,,,
26,Philippines,1945,6.9443121,114.33589,,,7.2203636,,,,,6.9983621,7.0180988,,,240.73561,73.884674,4.3445983,,,
26,Philippines,1946,0.41708261,100.0,-0.81273776,-15.906523,3.1328583,1.5052012,,,8.2826099,0.19432129,0.93258256,,0.0,122.23141,36.677887,0.0,,100.0,
26,Philippines,1947,-0.16276006,75.0,-0.48128676,6.7197027,1.1288604,0.87613535,,,6.2807002,-0.20521387,-0.15081884,,0.0,99.266258,26.203764,0.0,,75.0,
26,Philippines,1948,-0.32589501,30.0,-0.26013449,11.692774,0.44350466,1.7499678,9.9529638,,6.76191,-0.30058208,-0.39400256,,0.0,114.34803,32.227501,0.0,,30.0,
26,Philippines,1949,0.053305667,30.0,-0.28937551,6.3883948,-0.28072637,2.712193,10.162734,-7.0921955,7.6818199,-0.1942286,0.66696155,,0.0,83.723862,22.801266,0.0,,30.0,-7.0921955
26,Philippines,1950,1.0788711,3.142329,-0.1656943,6.776464,0.20135401,2.2004561,11.678439,13.740463,7.22857,0.51337546,2.5196352,,0.0,142.74683,42.412903,0.0,,3.142329,13.740463
26,Philippines,1951,0.58206391,8.3109922,-0.1064017,13.103956,0.32084575,2.4236913,11.211133,-8.6931934,7.6666698,0.39819396,1.4627287,,0.0,154.43521,48.4123,0.0,,8.3109922,-8.6931934
26,Philippines,1952,0.057993706,-6.4356437,-0.090563163,5.3385916,-0.24183905,3.0256455,10.581841,2.0293083,7.45122,0.032418028,0.2779797,,0.0,105.07939,31.358921,0.0,,-6.4356437,2.0293083
26,Philippines,1953,0.2323112,-3.4391534,-0.048597187,6.6380806,-0.46408966,2.7929254,13.396837,7.0423656,8.5930204,0.27703628,0.45084491,,0.0,101.92927,31.597649,0.0,,-3.4391534,7.0423656
26,Philippines,1954,0.26673532,-1.5068493,-0.020194015,6.1685314,-0.27996382,2.4119627,12.1256,8.7605829,8.8666697,-0.18895429,1.442404,,0.0,91.05645,27.760288,0.0,,-1.5068493,8.7605829
26,Philippines,1955,0.17833574,-0.9735744,0.0025916477,5.1523819,-0.34124306,2.1945429,13.1052,12.541128,9.6979198,-0.21505465,1.2263687,,0.0,89.117783,26.044233,0.0,,-0.9735744,12.541128
26,Philippines,1956,-0.33350056,2.6685393,0.026094105,6.6895204,-0.4894242,1.921777,14.5663,10.463285,9.5769196,-0.37410748,-0.15462743,,0.0,101.25542,34.203068,0.0,,2.6685393,10.463285
26,Philippines,1957,-0.28079468,1.8125855,0.033933051,4.1996169,-0.34628183,1.7080318,13.7246,7.8943272,8.8157902,-0.35635972,-0.096527763,,0.0,99.325577,31.455572,0.0,,1.8125855,7.8943272
26,Philippines,1958,-0.14175346,3.3590863,0.022530293,0.82224756,-0.41940716,1.9587457,13.0942,8.7366753,8.4333296,-0.21741168,0.064491086,,0.0,115.22129,31.986872,0.0,,3.3590863,8.7366753
26,Philippines,1959,-0.53008497,-0.92081034,0.043875389,1.0091181,-0.3819623,1.8391331,12.6832,10.260306,9.1297703,-0.41619888,-0.73650843,,0.0,82.10849,22.227755,0.0,,-0.92081034,10.260306
26,Philippines,1960,-0.3343285,4.1548219,0.011277917,4.2818236,-0.493384,1.778459,16.5807,7.0076737,10.0786,-0.3843241,-0.19495995,,36.666656,86.417786,23.285875,0.0,,4.1548219,7.0076737
26,Philippines,1961,-0.17435458,1.595633,0.020572366,0.38025486,-0.45028609,1.702908,16.5072,24.025999,9.6013098,-0.22703373,0.0021736089,,9.7561064,126.08382,34.358482,0.0,,1.595633,24.025999
26,Philippines,1962,-0.16357131,5.7966523,0.021359196,-4.3498349,-0.51724267,1.8088158,15.8655,19.787001,10.8304,-0.28947365,0.14017518,,21.916103,124.72618,32.881874,0.0,,5.7966523,19.787001
26,Philippines,1963,-0.1562698,5.6255493,0.044204384,-2.9808111,-0.36860475,1.8558623,14.1407,13.625,10.3869,-0.28920394,0.16719784,,6.624332,117.54991,30.021877,0.0,,5.6255493,13.625
26,Philippines,1964,0.032139309,8.1830788,0.031505048,-3.8862846,-0.098795027,1.7049425,14.1623,3.276,9.66047,-0.11362426,0.40269127,,0.0027694891,90.5354,25.080076,0.0,,8.1830788,3.276
26,Philippines,1965,-0.21331975,2.5641026,0.036692698,-6.6485367,-0.32932624,1.5491998,15.0153,6.3930001,9.4808502,-0.27556485,-0.081482105,,0.028207656,99.786484,27.732895,0.0,,2.5641026,6.3930001
26,Philippines,1966,0.092323884,5.4000001,0.03382596,-5.6388884,0.22147372,1.6517271,14.395,15.423,9.7721996,-0.18483651,0.71156585,,-0.11043356,90.635468,26.179192,0.0,,5.4000001,15.423
26,Philippines,1967,-0.062237792,6.253953,0.040214505,-8.1669521,-0.38565522,1.7399393,15.4169,21.337999,10.1517,-0.10331278,0.17132603,,0.49185607,112.60692,34.241604,0.0,,6.253953,21.337999
26,Philippines,1968,-0.31530061,2.3588064,0.043327048,-8.7758713,-0.30281571,1.8674717,15.6682,10.54,11.2492,-0.25873268,-0.43981394,,-0.021273494,104.20105,27.133696,0.0,,2.3588064,10.54
26,Philippines,1969,-0.136669,1.9555104,0.044004731,-10.584064,-0.49143106,2.0908885,16.3992,11.359,11.4816,-0.15042031,-0.079372376,,0.12771684,95.787491,25.883419,0.0,,1.9555104,11.359
26,Philippines,1970,-0.37678862,14.381462,0.036331914,-2.7210224,-0.35115522,2.1567564,16.7981,12.573,10.4481,-0.32096931,-0.55041111,,53.72023,102.82236,28.410252,0.0,,14.381462,12.573
26,Philippines,1971,-0.34795475,21.403343,0.045333963,-3.6539016,-0.32201943,2.0699906,14.8124,15.751,11.1577,-0.30083051,-0.35816932,,6.7763872,87.422432,23.917091,0.0,,21.403343,15.751
26,Philippines,1972,-0.2399665,8.2040339,0.054828458,-6.9868355,-0.17120446,2.3361568,14.185,13.976,13.3868,-0.18539336,-0.41328681,,3.7689464,87.485275,23.313509,0.0,,8.2040339,13.976
26,Philippines,1973,-0.25825509,16.580032,0.097936504,-1.6867462,1.3112133,2.8138049,11.5254,23.513,13.9696,-0.19152442,-0.39927796,,1.2106782,76.668312,23.516747,0.0,,16.580032,23.513
26,Philippines,1974,-0.38782135,34.163593,0.089548863,-1.5212775,0.80577272,3.5580392,13.4409,16.306,10.741443,-0.32003191,-0.60927218,,0.4439472,70.567474,19.83231,0.0,,34.163593,16.306
26,Philippines,1975,-0.28385243,6.7614026,0.1013194,-5.6297493,0.13524356,2.1694617,13.0462,13.799,15.059164,-0.31624624,-0.15655924,,6.8017249,79.141571,24.593142,0.0,,6.7614026,13.799
26,Philippines,1976,-0.30742991,9.1992273,0.14340089,-10.299024,0.065739699,3.9313383,16.757,28.052999,13.808231,-0.26537186,-0.47890675,10.185917,2.6554792,69.23243,20.207411,0.0,,9.1992273,28.052999
26,Philippines,1977,-0.34539059,9.8987513,0.15466429,-9.630372,-0.1385055,3.621309,19.8251,28.544001,13.27312,-0.25857377,-0.46012843,10.88525,-0.50391805,68.475105,20.114122,0.0,,9.8987513,28.544001
26,Philippines,1978,-0.3834874,7.3345261,0.16151251,-9.938797,-0.084340349,2.5817673,23.1001,24.246,13.263199,-0.26039892,-0.66924918,10.88025,-0.51822346,81.370934,24.528769,0.0,,7.3345261,24.246
26,Philippines,1979,-0.12023559,17.533333,0.1727313,-7.2787547,0.33785617,2.964931,22.458599,12.441,11.875008,-0.15933508,-0.063521527,12.25525,0.157582,86.351082,24.571077,0.0,,17.533333,12.441
26,Philippines,1980,-0.20817092,18.201,0.17914152,-5.7781167,0.1502085,2.7097547,24.845501,20.615,13.419972,-0.20717372,-0.19405341,12.136167,1.7986771,102.05772,28.875578,0.0,,18.201,20.615
26,Philippines,1981,-0.26446146,13.083,0.17215155,-7.9326677,-0.34193429,2.7557209,27.560499,17.421,13.67836,-0.28146988,-0.15013854,12.547167,5.1664462,101.66919,30.591078,0.0,,13.083,17.421
26,Philippines,1982,-0.38701794,8.9790001,0.16752131,-11.663833,-0.38423449,2.5972879,32.901001,18.487,12.774843,-0.32705376,-0.56659961,13.779917,8.0993443,124.11795,36.693516,0.0,,8.9790001,18.487
26,Philippines,1983,-0.21996394,5.2519999,0.14642099,-10.180359,-0.17128158,2.4092534,43.122398,52.990002,12.17858,-0.2875531,-0.026627183,14.231417,29.789516,103.87984,29.219622,0.0,,5.2519999,52.990002
26,Philippines,1984,-0.29872999,46.673,0.02839528,-10.328244,-0.27818173,1.6347589,45.778198,17.948,10.14567,-0.22572909,-0.47522441,28.529167,50.703564,88.389366,22.175989,0.0,,46.673,17.948
26,Philippines,1985,-0.22983705,23.215,-0.090051129,-12.979494,-0.20862959,1.9825734,53.084202,12.454,11.2828,-0.25193062,-0.18768024,26.724833,11.900812,92.283493,22.513824,0.0,,23.215,12.454
26,Philippines,1986,0.86075008,-0.32499999,-0.096450001,-11.758101,-0.20216103,1.9880536,77.726898,1.689,13.47126,0.57733274,1.4319581,16.080667,9.0283356,91.707932,24.039997,0.0,,-0.32499999,1.689
26,Philippines,1987,0.60387117,3.0420001,-0.093670353,-9.8280735,0.018262403,1.9652472,79.2229,11.673,15.69884,0.50923878,0.7815091,11.508583,0.95167774,85.342255,19.673496,0.0,,3.0420001,11.673
26,Philippines,1988,-0.20420845,12.23,-0.066739514,-8.5574007,-0.03190545,2.4588892,69.045403,23.261,15.85186,-0.2315218,-0.1501554,14.666583,2.5538607,72.833328,15.606894,0.0,,12.23,23.261
26,Philippines,1989,-0.12213495,11.367,-0.045600947,-7.3040919,0.05755952,2.2429235,55.220409,30.240999,15.723193,-0.038448766,-0.16175549,18.645834,3.0288811,81.248924,17.062937,0.0,,11.367,30.240999
26,Philippines,1990,-0.14076796,13.201,-0.056124497,-6.3801441,0.5514707,2.1472466,45.007999,18.365257,18.810505,-0.25927016,0.16737847,23.672251,11.667115,100.47716,26.18088,0.0,,13.201,18.365257
26,Philippines,1991,-0.24321404,19.351,-0.10217112,-5.8065567,0.39883661,2.010721,43.588001,15.677611,18.042345,-0.29859379,0.02262347,21.478083,13.22401,115.19403,27.408548,0.0,,19.351,15.677611
26,Philippines,1992,-0.49096245,8.5819998,-0.13721246,-5.7693305,0.10544235,2.0364616,46.27,10.987354,18.421303,-0.43646914,-0.54432392,16.018167,-7.1941423,75.940979,18.014755,0.0,,8.5819998,10.987354
26,Philippines,1993,-0.57863569,6.757,-0.15432866,-1.038466,-0.23328917,2.1575356,58.833,24.803623,17.590652,-0.45210189,-0.84398526,12.447833,6.3820753,86.624359,19.556124,0.0,,6.757,24.803623
26,Philippines,1994,-0.53945988,12.489,-0.1496769,0.27103898,-0.2382482,2.1724465,49.418999,27.216324,19.682604,-0.40874657,-0.85562927,12.713667,-2.6185918,88.633369,20.115219,0.0,13.25,12.489,27.216324
26,Philippines,1995,-0.45749718,6.908,-0.14322618,4.3131838,-0.26049885,2.2941315,53.471001,25.910875,19.102594,-0.36713701,-0.61318445,11.761333,-2.6831505,75.088799,15.453247,0.0,13.921875,6.908,25.910875
26,Philippines,1996,-0.48524392,8.2939997,-0.1258374,10.065965,-0.32706112,2.2684076,46.557999,16.507071,19.620539,-0.41785339,-0.61703384,12.338,1.9703164,61.413044,12.348103,0.0,13.989583,8.2939997,16.507071
26,Philippines,1997,-0.59590638,5.598,-0.11382797,22.659384,-0.099111915,1.9144614,48.698002,21.19772,20.287029,-0.46112934,-0.87588847,12.89275,12.393214,39.673115,10.14465,0.0,14.614583,5.598,21.19772
26,Philippines,1998,-0.51776397,9.3690004,-0.15808114,24.717453,-0.12461495,1.6972934,58.280998,8.567934,20.336929,-0.38943776,-0.68526739,15.004167,38.969154,51.792046,13.628366,0.0,16.371666,9.3690004,8.567934
26,Philippines,1999,-0.50339115,6.1999998,-0.16188197,21.002151,-0.30665025,1.6157758,52.834999,19.723091,20.749094,-0.40247798,-0.70526922,9.9961662,-4.4677992,58.142807,15.438138,0.0,12.308167,6.1999998,19.723091
26,Philippines,2000,-0.35017508,6.5450001,-0.14087166,28.185488,-0.39441237,1.6082267,58.598,5.1643105,20.809183,-0.2179518,-0.55858308,9.9126663,13.144638,45.607391,10.538676,0.0,12.76725,6.5450001,5.1643105
26,Philippines,2001,-0.20059334,5.3959999,-0.16117799,27.11447,-0.18341298,1.4713788,59.261002,20.318605,21.016529,-0.10440636,-0.36596283,9.7341671,15.232447,111.46019,23.387672,0.0,13.326542,5.3959999,20.318605
26,Philippines,2002,0.1121114,2.757,-0.15441726,25.232086,-0.34338415,1.4738902,64.714996,10.484256,20.557497,0.13616401,0.34813401,5.4942498,1.2004665,111.12048,23.815369,0.0,8.6876669,2.757,10.484256
26,Philippines,2003,0.018839085,2.223,-0.14263652,28.12534,-0.30698833,1.5508448,71.115997,3.3633673,20.411222,0.063296877,0.17452268,5.8720417,5.0321817,135.32417,31.193756,0.0,8.715167,2.223,3.3633673
26,Philippines,2004,-0.12285101,4.7989998,-0.11839759,26.829239,-0.28007975,1.3606265,71.600998,3.6451983,19.369884,0.038403906,-0.40070656,7.3201666,3.4005082,110.70305,23.022982,0.0,10.262333,4.7989998,3.6451983
26,Philippines,2005,-0.44539317,6.6399999,-0.10546603,22.694775,-0.28555933,1.2778839,65.709999,15.986118,18.740976,-0.28802288,-0.80264664,6.1323333,-1.772725,83.537979,17.764877,0.0,8.6599998,6.6399999,15.986118
26,Philippines,2006,-0.55069679,5.448,-0.088127665,18.834946,-0.33542278,1.2590954,58.798,21.667286,18.282288,-0.40878201,-0.82435006,5.2936668,-6.8496714,86.026413,20.492458,0.0,7.38375,5.448,21.667286
26,Philippines,2007,-0.45590407,2.914,-0.059999082,10.754759,-0.15208063,1.2914259,51.575001,14.799087,18.183817,-0.29272091,-0.77607071,3.3769584,-10.180908,84.868973,17.383249,0.0,5.34025,2.914,14.799087
26,Philippines,2008,-0.55547422,8.2110004,-0.052871011,3.9072144,-0.028104117,1.2503291,52.431999,6.0699601,17.884153,-0.35206735,-1.0030843,5.1646667,-3.4852896,71.192848,15.741248,0.0,,8.2110004,6.0699601
26,Philippines,2009,-0.5388093,4.2399998,-0.074277483,-3.7796924,-0.44567636,1.2023234,52.401001,9.041585,19.209311,-0.41335106,-0.81736881,4.1929584,7.0075836,69.581642,16.411751,0.0,,4.2399998,9.041585
26,Philippines,2010,-0.54276079,3.7379999,-0.041795287,0.53503388,-0.47889316,1.1701322,50.195999,10.123198,18.348217,-0.38909823,-0.84565657,3.5144999,-5.2478499,73.838913,18.325663,0.0,,3.7379999,10.123198
26,Philippines,2011,-0.53634602,4.7449999,-0.041443937,-5.6845908,-0.1816621,1.1534146,48.806,7.0233612,17.217892,-0.39403704,-0.83431756,1.3395,-3.9404144,75.721146,18.647564,0.0,,4.7449999,7.0233612
26,Philippines,2012,-0.34637552,3.158,-0.012073836,-9.5595837,-0.33372393,1.1067042,49.157001,9.7450676,17.706024,-0.35732457,-0.21724848,1.4996667,-2.4980049,69.216782,17.783325,0.0,,3.158,9.7450676
26,Philippines,2013,-0.3873395,2.592,0.016509352,-12.506933,-0.1465434,1.1895018,47.144001,34.149757,17.325329,-0.31136656,-0.40044281,0.28841665,0.59895587,70.025406,17.299,0.0,,2.592,34.149757
26,Philippines,2014,-0.30250803,3.5940001,0.043635197,-11.803648,-0.36165041,1.0431271,43.425999,11.18428,16.831493,-0.30472085,-0.16258416,1.217,4.5367293,80.853844,22.531673,0.0,2.727,3.5940001,11.18428
26,Philippines,2015,-0.3890914,0.69,0.072363086,-11.078721,-0.40118212,1.0884631,39.688,9.7147608,17.786459,-0.28544044,-0.56344169,1.7445834,2.5678885,94.918381,24.866909,0.0,,0.69,9.7147608
26,Philippines,2016,-0.067884117,1.234,0.10991997,-9.4031525,-0.38918614,1.0455852,37.375999,13.825681,19.011101,-0.17444913,0.088690341,1.5038333,4.3011241,84.358536,23.24942,0.0,,1.234,13.825681
26,Philippines,2017,0.14491497,2.8529999,0.145927,-3.9789491,-0.34533897,1.1679609,38.130001,11.896677,19.457405,-0.020377491,0.68630201,2.1166666,6.1341643,86.290787,26.667654,0.0,,2.8529999,11.896677
26,Philippines,2018,-0.37247947,5.3099999,0.17687847,-0.96110201,-0.13566597,1.1842471,37.146999,8.7022934,20.913431,-0.38939208,-0.30317163,3.6131666,4.5297871,67.708572,22.212769,0.0,,5.3099999,8.7022934
26,Philippines,2019,-0.26740301,2.392,0.20589098,-5.2686176,-0.318679,1.1313313,36.973,10.908155,21.720499,-0.21531324,-0.27356327,4.3236666,-1.7152581,69.926216,23.515064,0.0,,2.392,10.908155
26,Philippines,2020,-0.33341077,2.3929999,0.076160468,-16.936501,-0.12974352,1.29724,51.644001,10.231733,25.920113,-0.39852843,-0.11654449,1.981289,-4.2212539,66.154915,18.789633,0.0,,2.3929999,10.231733
26,Philippines,2021,-0.43965474,3.927,0.10437975,-12.626736,0.52423906,1.4068226,57.005001,8.7426758,27.199619,-0.35900918,-0.56761301,1.1137981,-0.5930742,58.633369,17.743229,0.0,,3.927,8.7426758
26,Philippines,2022,-0.45625135,5.8210001,0.15150455,-4.6963348,0.3912774,1.3163013,57.389,7.6581235,25.88677,-0.45659116,-0.41923502,2.204128,10.60041,112.93623,50.334076,0.0,,5.8210001,7.6581235
26,Philippines,2023,0.050639141,5.9780002,0.17873938,-10.730297,0.11973807,1.1763027,56.484001,6.3820052,24.653891,-0.30454037,1.1277763,5.3517289,2.0264828,99.392548,39.268887,0.0,,5.9780002,6.3820052
27,Poland,1900,-0.71591812,0.79619759,,,-0.60659015,,,,,-0.47230697,-0.77968758,,,72.415619,21.747404,0.0,,0.79619759,
27,Poland,1901,-0.73245603,0.13417204,,,-0.63684833,,,,,-0.48338497,-0.78403085,,,43.076683,12.144192,0.0,,0.13417204,
27,Poland,1902,-0.72623885,13.403948,,,-0.60091877,,,,,-0.50355828,-0.77037358,,,43.4799,11.155303,0.0,,13.403948,
27,Poland,1903,-0.75218838,1.1076568,,,-0.67045504,,,,,-0.51061827,-0.80501276,,,49.491287,13.484851,0.0,,1.1076568,
27,Poland,1904,-0.47781172,7.925828,,,-0.64146614,,,,,-0.39085373,-0.45922431,,,76.692307,24.528419,0.0,,7.925828,
27,Poland,1905,0.14238222,-11.03231,,,-0.51866782,,,,,0.22302382,0.088751465,,,54.05724,15.696815,0.0,,-11.03231,
27,Poland,1906,-0.3679058,-2.9813876,,,-0.65557897,,,,,-0.11077122,-0.62360674,,,40.733101,9.1076155,0.0,,-2.9813876,
27,Poland,1907,-0.68183541,4.9897904,,,-0.66238493,,,,,-0.40578496,-0.78160018,,,34.413788,7.2849722,0.0,,4.9897904,
27,Poland,1908,-0.74226612,26.941885,,,-0.72510135,,,,,-0.48743483,-0.805821,,,32.829559,7.7935281,0.0,,26.941885,
27,Poland,1909,-0.75695217,-2.5146251,,,-0.68537539,,,,,-0.52657425,-0.78557265,,,30.923229,6.9437265,0.0,,-2.5146251,
27,Poland,1910,-0.75460535,-4.4886794,,,-0.70005614,,,,,-0.50467747,-0.81564778,,,30.885345,6.0722818,0.0,,-4.4886794,
27,Poland,1911,-0.77536929,1.7237269,,,-0.70044613,,,,,-0.51972216,-0.83281553,,,52.696037,13.350391,0.0,,1.7237269,
27,Poland,1912,-0.67896879,-9.2564211,,,-0.68704247,,,,,-0.48582557,-0.68513161,,,53.76284,13.071464,0.0,,-9.2564211,
27,Poland,1913,-0.76919168,3.4098902,,,-0.66388077,,,,,-0.51900452,-0.82348788,,,49.213394,11.649903,0.0,,3.4098902,
27,Poland,1914,1.7326896,22.576172,,,-0.5762943,,,,,2.6883249,0.20894796,,,199.27412,66.858208,0.0,,22.576172,
27,Poland,1915,2.4933326,,,,-0.056732889,,,,,3.7922263,0.18134812,,,269.59604,87.819031,0.0,,,
27,Poland,1916,0.19389002,,,,-0.072499469,,,,,0.57628125,-0.29392624,,,260.30356,76.590652,0.0,,,
27,Poland,1917,0.20901011,,,,-0.06136857,,,,,0.53437334,-0.19998412,,,296.97101,90.787895,0.0,,,
27,Poland,1918,0.79649729,,,,0.15911745,,,,,1.0316739,0.30486575,,,331.62021,104.18581,0.0,,,
27,Poland,1919,1.5407714,,,,0.55649126,,,,,1.2131011,1.4490949,,,166.6438,49.244274,0.0,,,
27,Poland,1920,2.0505519,,,,0.4910588,,,,,1.8539662,1.691628,,,102.06319,25.374878,0.0,,,
27,Poland,1921,0.29266635,113.65642,,,-0.033746634,,,,,0.28413212,0.21119653,,,72.843681,18.777971,0.0,,,
27,Poland,1922,-0.40139586,119.07805,,,-0.10564173,,,,,-0.30921745,-0.41467437,,,64.923538,14.803066,0.0,,,
27,Poland,1923,-0.1342909,21.428572,,,-0.30221587,,,,,-0.040792871,-0.1945321,,,58.87146,15.458514,0.0,,21.428572,
27,Poland,1924,-0.57994097,101.96078,,,-0.47225347,,,,,-0.41779962,-0.58962929,,,49.706013,11.463979,0.0,,101.96078,
27,Poland,1925,-0.27837241,15.53398,,,-0.53502601,,,,,-0.25592089,-0.21113057,12.0,,45.767529,11.385863,0.0,,15.53398,
27,Poland,1926,-0.26091278,21.84874,,,-0.48770198,,,,,-0.22515453,-0.27159792,9.5,,37.680462,9.2607603,0.0,,21.84874,
27,Poland,1927,-0.33402818,-14.187557,,,-0.60140604,,,,,-0.33088437,-0.24560745,8.0,,45.88192,11.653264,0.0,,,
27,Poland,1928,-0.46870402,7.5268817,,,-0.53665924,,,,,-0.34614956,-0.44094676,8.0,,37.190571,8.8677893,0.0,,7.5268817,
27,Poland,1929,-0.58630133,0.0,0.20580511,,-0.41072387,,,,,-0.43716362,-0.57965529,8.5,,40.538773,10.59831,0.0,,0.0,
27,Poland,1930,-0.49173054,-8.0,0.12904213,,-0.6075263,,,,,-0.35526595,-0.50396812,7.5,,42.976971,10.661875,0.0,,-8.0,
27,Poland,1931,-0.50199854,-9.782609,0.022481475,,-0.59549743,,,,,-0.36678073,-0.46872163,7.5,,44.57341,11.198413,0.0,,-9.782609,
27,Poland,1932,-0.5072329,-9.6385546,-0.089638039,,-0.58784509,,,,,-0.40036249,-0.47764629,6.0,,59.718971,16.068916,0.0,,-9.6385546,
27,Poland,1933,-0.32532799,-10.666667,-0.14918041,,-0.60467541,,,,,-0.32962862,-0.21210636,5.0,,52.87656,13.598334,0.0,,-10.666667,
27,Poland,1934,-0.40948728,-5.970149,-0.16480646,,-0.25621992,,,,,-0.38659108,-0.3367416,5.0,,52.097977,11.830228,0.0,,-5.970149,
27,Poland,1935,-0.10791844,-4.7619047,-0.17982109,,-0.46380082,,,,,-0.29938611,0.14861089,5.0,,82.748703,24.345181,0.0,,-4.7619047,
27,Poland,1936,-0.15712459,-3.3333333,-0.18062466,,-0.28098699,,,,,-0.28926039,0.025204642,5.0,,91.402847,28.005726,0.0,,-3.3333333,
27,Poland,1937,-0.47474781,6.8965516,-0.034593742,,-0.27033022,,,,,-0.37932557,-0.43797249,,,87.478371,28.255762,0.0,,6.8965516,
27,Poland,1938,0.5399487,-1.6129032,0.077787846,,-0.28677112,,,,,0.062476158,0.97614247,,,102.05727,34.632477,0.0,,-1.6129032,
27,Poland,1939,6.1970673,0.0,,,2.0546291,,,,,5.0501628,6.5952268,,,191.01532,66.333923,5.3766961,,0.0,
27,Poland,1940,1.7477908,,,,1.1655009,,,,,2.1173475,1.058332,,,200.07191,74.734138,0.0,,,
27,Poland,1941,0.90625793,,,,0.75792968,,,,,1.3130548,0.26328343,,,241.92404,81.498055,0.0,,,
27,Poland,1942,0.27020279,,,,1.6235073,,,,,0.68832135,-0.37445423,,,306.14059,90.005135,0.0,,,
27,Poland,1943,0.80682397,,,,1.294158,,,,,1.4165702,-0.11051155,,,344.39383,102.53663,0.0,,,
27,Poland,1944,4.2979355,,,,1.3994344,,,,,6.1599641,0.60608721,,,376.73724,113.47929,2.0736506,,,
27,Poland,1945,1.9960085,,,,2.3372362,,,,,2.3589983,0.96696466,,,240.73561,74.708031,0.0,,,
27,Poland,1946,1.3600811,19.906124,,,3.1568444,,,,,0.38027304,1.9257715,,,122.23141,35.951797,0.0,,19.906124,
27,Poland,1947,0.31186426,33.220642,,,2.2681439,,,,,0.067996092,0.4348461,,,99.266258,25.821732,0.0,,33.220642,
27,Poland,1948,-0.067820594,3.9935889,-0.12550275,,0.55525631,,,,,-0.23634505,0.13799317,,,114.34803,31.983444,0.0,,3.9935889,
27,Poland,1949,-0.23484446,4.5454545,-0.09167359,8.4751635,0.0089344718,72.036591,,,,-0.33226088,-0.099037118,,,83.723862,22.746296,0.0,,4.5454545,
27,Poland,1950,-0.22203125,21.73913,-0.040325329,3.5045347,-0.21229894,10.841763,,,21.6394,-0.19613022,-0.17534102,,,142.74683,42.643692,0.0,,21.73913,
27,Poland,1951,-0.30540732,8.9285717,-0.035250895,5.6428604,0.0088063981,3.2612002,,,22.2335,-0.30773792,-0.21610178,,0.0,154.43521,48.542141,0.0,,8.9285717,
27,Poland,1952,-0.40072089,14.754098,-0.051674552,2.3197052,-0.055940859,4.8584642,,,25.1675,-0.3059614,-0.37381133,,0.0,105.07939,31.385855,0.0,,14.754098,
27,Poland,1953,-0.24704859,42.857143,-0.034657747,-4.8903837,-0.14618774,5.0113215,,,35.757599,-0.24852516,-0.21229886,,0.0,101.92927,31.599569,0.0,,42.857143,
27,Poland,1954,-0.26768741,-6.0,-0.019191736,-4.842967,-0.48343557,4.9882336,,,39.215698,-0.22806039,-0.25408021,,0.0,91.05645,27.782034,0.0,,-6.0,
27,Poland,1955,-0.2504485,-2.1276596,-0.011669484,-0.59034038,-0.3375248,6.9288201,,,47.085201,-0.36583331,-0.091442123,,0.0,89.117783,26.032438,0.0,,-2.1276596,
27,Poland,1956,0.36025795,-1.0869565,-0.0083985981,-1.8980063,0.43660954,6.2183809,,,44.0476,0.048713345,0.51318371,,0.0,101.25542,33.748917,0.0,,-1.0869565,
27,Poland,1957,0.17154206,6.5934067,0.0036879284,-5.5822148,-0.13740844,4.176703,,,39.8671,-0.18520539,0.44858348,,0.0,99.325577,31.108091,0.0,,6.5934067,
27,Poland,1958,0.99108183,3.0927835,0.013691267,-5.643796,-0.48218858,4.317606,,,39.875401,-0.12094799,1.8134499,,0.0,115.22129,31.28091,0.0,,3.0927835,
27,Poland,1959,0.025004514,1.0,0.0044779424,-5.5792437,-0.16075136,5.1370716,,,39.4203,-0.2370535,0.29075754,,0.0,82.10849,21.880476,0.0,,1.0,
27,Poland,1960,-0.19701812,1.980198,0.020229302,-5.2355485,-0.30435795,4.8467226,,,39.200001,-0.41484138,0.060785886,,0.0,86.417786,23.102171,0.0,,1.980198,
27,Poland,1961,0.36478424,0.97087377,0.061533764,-4.8860068,-0.1821862,5.0652704,,,42.822399,-0.024193376,0.68403023,,0.0,126.08382,33.947445,0.0,,0.97087377,
27,Poland,1962,0.063554995,1.9230769,0.01394731,-4.1916871,0.1347287,5.2739625,,,42.957699,-0.35070637,0.46796757,,0.0,124.72618,32.62022,0.0,,1.9230769,
27,Poland,1963,0.044215832,0.94339621,0.0385441,-4.6898026,0.0509606,5.5094767,,,33.306,-0.30217686,0.33993542,,0.0,117.54991,29.771694,0.0,,0.94339621,
27,Poland,1964,-0.21132663,2.3779082,0.049480814,-3.2118001,-0.26127619,5.4113722,,,33.548801,-0.3572644,-0.072103359,,0.0,90.5354,25.007656,0.0,,2.3779082,
27,Poland,1965,-0.35419682,2.9726765,0.071152195,-3.8188248,-0.28595015,5.4473667,,,31.750401,-0.32954285,-0.29234824,,0.0,99.786484,27.659988,0.0,,2.9726765,
27,Poland,1966,-0.16792722,3.4784241,0.10070486,-5.2916861,-0.31659964,5.5410395,,,31.732201,-0.32396209,0.037578918,,0.0,90.635468,26.102827,0.0,,3.4784241,
27,Poland,1967,-0.23620342,3.040066,0.10508016,-4.9774685,-0.40926498,5.5155048,,,29.6043,-0.25950244,-0.11435615,,0.0,112.60692,34.154396,0.0,,3.040066,
27,Poland,1968,0.29177287,3.92518,0.13251756,-5.0379505,-0.53741115,5.9364634,,,27.3325,-0.011267313,0.41450241,,0.0,104.20105,26.717995,0.0,,3.92518,
27,Poland,1969,-0.20722102,4.7393713,0.091216847,-4.4372196,-0.44894233,6.477294,,,26.256001,-0.2615118,-0.1117029,,0.0,95.787491,25.760944,0.0,,4.7393713,
27,Poland,1970,-0.35889259,5.6609592,0.11062549,-3.9794383,-0.066403463,6.8085089,,,25.8288,-0.31007573,-0.33634162,,0.0,102.82236,28.293085,0.0,,5.6609592,
27,Poland,1971,-0.24305235,1.1,0.14786628,-5.6706834,-0.26694974,8.7513037,,,24.1264,-0.35829562,-0.088976569,,-2.7499993,87.422432,23.751869,0.0,,1.1,
27,Poland,1972,-0.32730034,-0.098911971,0.18618247,-3.2009153,-0.20294981,8.7690201,,,24.1224,-0.30284551,-0.26893041,,-5.3984537,87.485275,23.21995,0.0,,-0.098911971,
27,Poland,1973,-0.32070252,2.4752476,0.22572827,-2.2616436,0.082153067,7.9021206,,,24.457001,-0.2200774,-0.31890774,,-8.9673958,76.668312,23.414778,0.0,,2.4752476,
27,Poland,1974,-0.61404198,7.0531402,0.24903218,13.947753,0.069229595,11.925488,,,28.6266,-0.48871839,-0.58463937,,-0.89552057,70.567474,19.835932,0.0,,7.0531402,
27,Poland,1975,-0.37058777,2.2563176,0.26074594,16.853315,-0.2435766,11.800462,,,34.1231,-0.3319442,-0.33597526,,0.0,79.141571,24.508114,0.0,,2.2563176,
27,Poland,1976,-0.37486029,4.4130626,0.2508963,12.490557,-0.0096472139,10.965381,,,34.7644,-0.38910073,-0.27306643,,0.0,69.23243,20.117746,0.0,,4.4130626,
27,Poland,1977,-0.39578357,4.9027896,0.2350837,12.430849,-0.036712945,11.537392,,,35.626701,-0.34614506,-0.35123575,,0.0,68.475105,20.023813,0.0,,4.9027896,
27,Poland,1978,-0.087273277,8.1012659,0.23683383,13.409968,-0.12991256,10.931799,,,35.811001,-0.17770994,0.093532473,,75.0,81.370934,24.277763,0.0,,8.1012659,
27,Poland,1979,-0.36850917,7.0257611,0.18346144,17.841496,0.13802734,11.51915,,,35.5741,-0.28429371,-0.37525603,,78.861542,86.351082,24.531624,0.0,,7.0257611,
27,Poland,1980,0.35536522,9.3999996,0.12343802,29.612402,2.0264666,2.6523297,,12.988,,-0.16611832,0.77222162,,33.19278,102.05772,28.459488,0.0,,9.3999996,12.988
27,Poland,1981,1.9222518,21.207001,0.034089223,19.28421,6.8006668,2.9131856,,25.565001,,0.22386846,3.0403008,,15.671639,101.66919,29.397892,0.0,,21.207001,25.565001
27,Poland,1982,2.4861145,100.83,-0.0099070044,3.7818286,1.8790877,3.2455823,,39.477001,,0.063135765,4.0773802,,65.825996,124.11795,35.191559,0.0,,100.83,39.477001
27,Poland,1983,0.62634951,22.118,0.0031225544,-1.1418757,0.2328341,2.9029462,,14.248,,-0.21364903,1.2806356,,7.9344468,103.87984,28.668552,0.0,,22.118,14.248
27,Poland,1984,0.00070574007,75.649002,0.0042460798,-1.103698,-0.10906916,3.0550373,,17.676001,,-0.28688464,0.24681087,,24.205355,88.389366,21.906382,0.0,,75.649002,17.676001
27,Poland,1985,-0.34428546,15.107,-0.020264331,0.26740584,-0.075737834,3.0157971,,22.093,,-0.33661494,-0.27909049,,29.399351,92.283493,22.4314,0.0,,15.107,22.093
27,Poland,1986,-0.32720098,17.792999,-0.022844173,-1.4528462,-0.095319107,2.9414036,,26.702,,-0.33789167,-0.22872929,,19.138237,91.707932,24.259768,0.0,,17.792999,26.702
27,Poland,1987,-0.16065562,25.23,-0.069253817,4.9436684,-0.11097424,2.7626917,,34.055,,-0.42456582,0.10753942,,51.397606,85.342255,19.739239,0.0,,25.23,34.055
27,Poland,1988,-0.26984525,60.200001,-0.077566691,7.0298209,0.12500349,2.5920551,,63.287998,,-0.39975813,-0.084588259,,62.520729,72.833328,15.495609,0.0,,60.200001,63.287998
27,Poland,1989,0.15539196,115.59003,-0.12290656,-1.5813314,1.6969277,1.8171215,,89.545776,,-0.095554747,0.3420037,,78.861542,81.248924,16.768473,0.0,,,83.488998
27,Poland,1990,0.35466495,116.80376,-0.25589496,9.8615961,1.1778117,2.6124856,89.97216,87.900368,,-0.12027737,0.71105903,,78.861542,100.47716,25.784319,0.0,,,83.488998
27,Poland,1991,-0.31055313,70.300003,-0.34967768,-5.6928124,0.30035949,2.2516503,77.177742,37.900002,,-0.34234244,-0.17050408,,11.390097,115.19403,27.305931,0.0,,70.300003,37.900002
27,Poland,1992,-0.47414154,43.0,-0.34514171,-9.1141996,-0.10027318,2.2309995,82.203461,55.673,,-0.41511399,-0.39862201,34.759167,28.865141,75.940979,17.921062,0.0,,43.0,55.673
27,Poland,1993,-0.53100336,35.299999,-0.32861796,-12.78444,-0.40063241,2.4691873,84.179344,35.993,,-0.41376957,-0.47826728,33.846233,33.3251,86.624359,19.465088,0.0,,35.299999,35.993
27,Poland,1994,-0.50676239,32.200001,-0.2983366,-12.907193,-0.30593655,2.2732322,60.453999,38.077,,-0.44620997,-0.43462193,29.404106,25.010706,88.633369,20.023561,0.0,,32.200001,38.077
27,Poland,1995,-0.57107157,27.875,-0.25056499,-13.419527,-0.51528823,1.9037995,48.576,35.618999,47.444649,-0.43166533,-0.52577829,26.144165,6.7089329,75.088799,15.416162,0.0,,27.875,35.618999
27,Poland,1996,-0.5681138,19.9,-0.21113317,-13.087937,-0.49174821,1.9173924,43.023998,31.216999,50.717278,-0.47838324,-0.51126546,20.733326,11.124303,61.413044,12.301681,0.0,,19.9,31.216999
27,Poland,1997,-0.52053785,14.9,-0.16805412,-9.6120472,-0.43886742,1.9964947,42.563999,29.056999,46.087456,-0.45299083,-0.45774129,22.021824,21.778177,39.673115,10.043614,0.0,,14.9,29.056999
27,Poland,1998,-0.66116935,11.8,-0.14236784,-4.9978557,-0.4590309,1.9916576,38.562,25.177,44.0182,-0.46664938,-0.69496536,18.903334,6.4391313,51.792046,13.617885,0.0,,11.8,25.177
27,Poland,1999,-0.6161443,7.3000002,-0.11605083,-9.2343702,-0.49485135,1.8901422,39.233002,19.589001,42.475964,-0.43137297,-0.64571637,12.98725,13.697619,58.142807,15.409879,0.0,9.5299997,7.3000002,19.589001
27,Poland,2000,-0.71787697,10.1,-0.090523116,-4.1425824,-0.52937555,1.8190453,36.275002,11.557,43.033958,-0.49151912,-0.7567814,17.423166,9.4802704,45.607391,10.603453,0.0,11.79,10.1,11.557
27,Poland,2001,-0.57183057,5.5,-0.097364657,-8.5284948,-0.53562182,1.8927041,37.036999,14.613,44.701942,-0.39421079,-0.5906617,14.727083,-5.7247181,111.46019,23.424097,0.0,10.681666,5.5,14.613
27,Poland,2002,-0.61670923,1.9,-0.096431494,-7.2971115,-0.51321602,1.890974,41.425999,-1.997,45.041416,-0.42042539,-0.62988889,8.2157497,-0.44537368,111.12048,23.962622,0.0,7.3558335,1.9,-1.997
27,Poland,2003,-0.43150052,0.73500001,-0.080599681,-0.60043144,-0.50991118,1.8989036,46.237,5.369,45.422871,-0.21963577,-0.53491575,5.375,-4.6547866,135.32417,31.224493,0.0,5.7775002,0.73500001,5.369
27,Poland,2004,-0.40149039,3.5380001,-0.049951229,-0.58344424,-0.57158107,1.8646935,45.012001,3.7880001,43.479702,-0.10685398,-0.61104506,6.6016665,-6.283761,110.70305,22.998802,0.0,6.8966665,3.5380001,3.7880001
27,Poland,2005,-0.61670864,2.21,-0.035365637,-3.0391684,-0.52838969,1.9206518,46.473999,15.043,44.235928,-0.40087155,-0.67694557,4.9041667,-11.222096,83.537979,17.753405,0.0,5.2183332,2.21,15.043
27,Poland,2006,-0.6592592,1.197,-0.0044213226,2.5334113,-0.47319913,1.9136928,47.098,15.964,44.451424,-0.41817653,-0.73631549,4.1900001,-4.0838208,86.026413,20.471674,0.0,5.2316666,1.197,15.964
27,Poland,2007,-0.53291655,2.4719999,0.031505339,3.7272966,-0.38983563,1.9987978,44.428001,13.389,42.900349,-0.42608801,-0.49640727,4.6953335,-10.88611,84.868973,17.328085,0.0,5.4843335,2.4719999,13.389
27,Poland,2008,-0.47312891,4.342,0.044069242,1.6744688,-0.43980902,1.7455571,46.558998,18.625999,44.171921,-0.36050954,-0.4253003,6.2687502,-12.999122,71.192848,15.628695,0.0,6.0716667,4.342,18.625999
27,Poland,2009,-0.44925648,3.7850001,0.038833164,-5.8470497,-0.57100534,1.7926877,49.701,8.1049995,45.01368,-0.41317672,-0.38274527,4.3391666,29.467573,69.581642,16.292347,0.0,6.1205983,3.7850001,8.1049995
27,Poland,2010,-0.56184679,2.5899999,0.042342629,-0.53827769,-0.52319837,1.8385184,53.748001,8.8050003,46.24461,-0.42438892,-0.56737012,3.9316666,-3.0888908,73.838913,18.259821,0.0,5.7816668,2.5899999,8.8050003
27,Poland,2011,-0.68895018,4.2259998,0.062310006,2.1788025,-0.51773012,1.7913148,54.779999,12.486,44.415222,-0.46099943,-0.72622401,4.5783334,-1.8059148,75.721146,18.645287,0.0,5.9555831,4.2259998,12.486
27,Poland,2012,-0.6662299,3.727,0.046432935,2.0711744,-0.49996614,1.8040465,54.472,4.5279999,43.431587,-0.48189297,-0.67331535,4.8745584,9.8950424,69.216782,17.824097,0.0,4.9992833,3.727,4.5279999
27,Poland,2013,-0.68993616,1.117,0.022799501,1.6128441,-0.6065706,1.7900581,56.859001,6.2389998,43.414986,-0.46175095,-0.75776607,2.9758334,-3.0028756,70.025406,17.339624,0.0,4.0332918,1.117,6.2389998
27,Poland,2014,-0.19623302,0.105,0.030778339,1.1498128,-0.45607531,1.9082273,51.130001,8.184,42.907482,-0.30455726,0.02532216,2.4891667,-0.20915624,80.853844,22.356647,0.0,3.5162113,0.105,8.184
27,Poland,2015,-0.51258761,-0.92400002,0.043411937,-0.74091637,-0.46495911,2.1274238,51.056,9.0620003,41.736717,-0.35097629,-0.52216262,1.7383333,19.585472,94.918381,24.820892,0.0,2.7005565,-0.92400002,9.0620003
27,Poland,2016,-0.25879323,-0.67699999,0.0421375,1.7256528,-0.60632104,1.9358935,54.129002,9.566,41.334145,-0.2003793,-0.2031834,1.7016667,4.5404091,84.358536,23.171579,0.0,3.0356891,-0.67699999,9.566
27,Poland,2017,-0.43788746,1.969,0.060517214,3.2485254,-0.48327616,1.8882873,50.444,4.6539998,41.419064,-0.40607014,-0.35249162,1.7291666,-4.2421341,86.290787,26.737387,0.0,3.4200001,1.969,4.6539998
27,Poland,2018,-0.52727842,1.767,0.089197434,2.9146917,-0.33420569,2.0247283,48.234001,9.165,41.447006,-0.41480893,-0.43793428,1.7108333,-4.3364401,67.708572,22.178616,0.0,3.1983333,1.767,9.165
27,Poland,2019,-0.50567323,2.2679999,0.10215049,-0.18884261,-0.36630744,1.9533832,45.210999,8.2639999,41.875877,-0.45459989,-0.43369296,1.7175,6.2651443,69.926216,23.500334,0.0,2.3475001,2.2679999,8.2639999
27,Poland,2020,-0.55668032,3.4349999,0.06125325,-4.7860765,-0.2614831,2.2630537,56.584999,16.429001,48.24741,-0.47304788,-0.51664895,0.59500003,1.4460398,66.154915,18.780884,0.0,1.4991666,3.4349999,16.429001
27,Poland,2021,-0.32957846,5.1290002,0.11015385,4.5209851,0.074459828,2.2171633,53.014,8.9139996,44.091743,-0.39950651,-0.1457836,0.60500002,-0.8293311,58.633369,17.593925,0.0,1.9441667,5.1290002,8.9139996
27,Poland,2022,2.4743979,14.212,0.1331163,14.327351,3.4624653,2.2045891,48.785999,5.2470002,43.61795,1.8051791,3.5290928,6.1891665,15.534568,112.93623,48.8181,2.4725404,6.0533333,14.212,5.2470002
27,Poland,2023,0.47273672,11.472,0.10650711,-1.0419903,0.3335388,3.2698045,49.717999,8.5360003,46.746899,0.48953161,0.57827181,6.5183334,-5.8425255,99.392548,38.869469,0.0,5.8058333,11.472,8.5360003
28,Portugal,1900,0.56451708,-3.1914895,0.34208867,1.7251291,-0.23993064,0.94396859,65.260056,0.0,5.5937195,0.87139785,0.037328843,5.0,,72.415619,21.605967,0.0,12.28,-3.1914895,0.0
28,Portugal,1901,-0.46215919,-1.0989012,0.29753444,1.143183,-0.59540194,0.96693081,69.919518,3.7037036,5.1307845,-0.3256174,-0.53860426,5.0,-10.412315,43.076683,12.11862,0.0,11.54,-1.0989012,3.7037036
28,Portugal,1902,-0.53980386,-3.3333333,0.27577773,0.596852,-0.81838697,0.99303645,68.436874,0.89285713,5.2104211,-0.4724946,-0.52516174,5.0,-2.4201653,43.4799,11.142119,0.0,9.8299999,-3.3333333,0.89285713
28,Portugal,1903,-0.66369867,3.4482758,0.26255637,0.5550589,-0.1052167,0.91143727,57.502419,0.0,5.2274928,-0.5377115,-0.69886774,5.0,-2.8468492,49.491287,13.474015,0.0,8.3000002,3.4482758,0.0
28,Portugal,1904,-0.5873943,6.6666665,0.24805827,0.33734637,-0.94903582,0.94380516,57.929726,0.0,5.2231717,-0.59040785,-0.44342029,5.0,-11.517524,76.692307,24.641645,0.0,4.8200002,6.6666665,0.0
28,Portugal,1905,-0.88397115,-1.0416666,0.19182424,-0.32278439,-0.73469734,0.90383577,61.000946,0.0,5.1935787,-0.7976175,-0.80494004,5.0,-4.296165,54.05724,16.147074,0.0,4.3299999,-1.0416666,0.0
28,Portugal,1906,-0.81149513,0.0,0.17050132,-0.64707315,-0.61836797,1.096591,60.767792,1.7699115,5.3370786,-0.79800743,-0.6867283,5.0,1.497183,40.733101,9.3012695,0.0,4.23,0.0,1.7699115
28,Portugal,1907,-0.59652525,-1.110223e-14,0.16626488,-1.2083389,-0.71692193,1.0575798,57.299271,0.86956519,5.2007298,-0.55666828,-0.46867999,5.5,11.78281,34.413788,7.3002024,0.0,4.4899998,-1.110223e-14,0.86956519
28,Portugal,1908,-0.27452475,1.0526316,0.12201723,-1.3941132,-0.70141071,1.0857555,55.982143,2.5862069,6.25,-0.47075897,-0.024000401,4.0,6.4077368,32.829559,7.7405472,0.0,4.8200002,1.0526316,2.5862069
28,Portugal,1909,-0.70391649,1.0416666,0.093009979,-1.7960668,-0.76331151,1.0534168,55.23307,-5.042017,5.9806509,-0.56985575,-0.69582653,5.0,-7.0899439,30.923229,6.9354305,0.0,4.75,1.0416666,-5.042017
28,Portugal,1910,0.04356657,-4.1237111,0.089544952,-1.4210027,-0.71741408,1.0726434,58.260868,11.504425,6.0,-0.12689717,0.052622423,5.5,-3.7965095,30.885345,5.9749203,0.0,4.48,-4.1237111,11.504425
28,Portugal,1911,-0.0055965781,6.4516129,0.08075171,-2.0054145,-0.83937901,1.1003486,57.899384,3.9682539,5.5604587,0.17371359,-0.24870093,5.5,-0.94711721,52.696037,13.248878,0.0,4.5,6.4516129,3.9682539
28,Portugal,1912,-0.50395495,-1.010101,0.072642222,-2.2450025,-0.65314919,1.242456,55.49958,2.2900763,5.3736353,-0.34655192,-0.5878166,5.5,1.8525898,53.76284,13.076915,0.0,4.6100001,-1.010101,2.2900763
28,Portugal,1913,-0.71078336,3.0612245,0.047451194,-1.5673782,-0.95710212,1.1491886,54.34243,19.402985,6.2861867,-0.54064929,-0.70029223,5.5,5.2415447,49.213394,11.636491,0.0,4.7199998,3.0612245,19.402985
28,Portugal,1914,0.7348811,-0.99009901,0.032838527,-3.6565797,-0.30724618,0.50645232,57.395927,11.875,5.4915857,1.1222606,0.35256588,5.5,6.5787005,199.27412,67.885551,0.0,4.7619047,-0.99009901,11.875
28,Portugal,1915,0.49504605,12.0,-0.01159986,-3.4783833,-0.4152666,0.65905052,61.589405,11.173184,7.8642383,1.3015038,-0.2467932,5.5,23.714029,269.59604,89.244774,0.0,5.1391864,12.0,11.173184
28,Portugal,1916,1.6885178,22.321428,-0.027422093,0.26027855,-0.1458254,0.68545002,58.279102,16.080402,9.6890812,2.854542,0.22966605,5.5,4.2424273,260.30356,76.755486,0.0,5.5045872,22.321428,16.080402
28,Portugal,1917,1.15856,18.248175,-0.065470457,-0.11557397,0.49806899,0.90441763,61.705101,27.705627,10.062893,2.1399336,0.03273112,5.5,9.8566761,296.97101,91.024025,0.0,5.1724138,18.248175,27.705627
28,Portugal,1918,2.0230601,80.864197,-0.13957562,1.0375212,0.36420396,0.85975891,57.225101,34.237289,10.305123,3.6774898,0.04661468,5.5,3.3969262,331.62021,104.60297,0.0,5.2631578,80.864197,34.237289
28,Portugal,1919,0.020006036,14.334471,-0.14022762,0.66988337,0.099440902,0.84238333,52.267624,65.909088,12.168838,0.2264352,-0.010487347,5.5,14.974405,166.6438,50.264668,0.0,6.9767442,14.334471,65.909088
28,Portugal,1920,-0.47173712,73.134331,-0.11461832,14.31953,-0.67493898,1.8668476,49.791599,41.70472,11.12536,-0.39100721,-0.45009151,7.0,78.861542,102.06319,26.702225,0.0,13.953488,73.134331,41.70472
28,Portugal,1921,-0.41207218,56.724136,-0.087305799,14.530937,-0.6498211,3.235683,73.90181,33.404942,10.801034,-0.43844506,-0.38603345,7.0,78.861542,72.843681,19.244276,0.0,13.043478,56.724136,33.404942
28,Portugal,1922,-0.6107384,20.90209,-0.0043967268,11.819271,-0.52406847,2.1524782,65.274834,43.880836,8.9708042,-0.53480899,-0.58282536,7.0,48.195309,64.923538,14.956226,0.0,10.714286,20.90209,43.880836
28,Portugal,1923,-0.42417976,57.051865,0.0045250673,15.796231,-0.59171158,1.3480284,74.879021,27.084499,12.764813,-0.46338919,-0.31533921,9.0,50.836037,58.87146,15.718899,0.0,9.090909,57.051865,27.084499
28,Portugal,1924,-0.64211202,38.99189,-0.067868449,15.459762,-0.64514732,1.1954267,66.33149,21.003963,9.6513643,-0.53390902,-0.66745907,9.0,27.689978,49.706013,11.534203,0.0,10.169492,38.99189,21.003963
28,Portugal,1925,-0.64525157,-3.8766153,-0.057697415,7.6494832,-0.60422987,1.3615735,62.460968,-0.036390103,10.617101,-0.50704157,-0.69861901,9.0,-19.706533,45.767529,11.602943,0.0,9.8360653,-3.8766153,-0.036390103
28,Portugal,1926,-0.56234455,-4.249783,-0.098570161,3.9943697,-0.53741688,1.613276,62.662819,4.477612,10.617476,-0.38676548,-0.6256752,8.0,-3.3588293,37.680462,9.4763155,0.0,9.5238094,-4.249783,4.477612
28,Portugal,1927,-0.48664841,7.3822465,0.03055785,3.9019458,-0.67901146,2.3042269,61.03363,4.8083625,11.867831,-0.24520382,-0.59457421,8.0,-0.054341312,45.88192,11.824171,0.0,10.135135,7.3822465,4.8083625
28,Portugal,1928,-0.72764134,-4.3019824,-0.10682156,1.688804,-0.80186027,2.0943983,52.457668,13.031915,9.1347475,-0.64197618,-0.65400153,8.0,4.0047188,37.190571,9.0023651,0.0,9.6153851,-4.3019824,13.031915
28,Portugal,1929,-0.78698528,4.0546498,-0.037113015,-1.3515913,-0.69190514,1.8056769,47.02029,21.235294,8.6534672,-0.78978938,-0.65484929,8.0,0.27517965,40.538773,10.682926,0.0,7.8947368,4.0546498,21.235294
28,Portugal,1930,-0.57801026,-4.9978824,-0.084418669,-2.7084551,-0.49890697,1.9197495,47.451828,8.491024,9.3676109,-0.4171395,-0.5802725,7.5,0.042291872,42.976971,10.767208,0.0,8.1081085,-4.9978824,8.491024
28,Portugal,1931,-0.20396921,-11.279536,-0.068661459,-7.045825,-0.80978751,2.0742514,49.934864,-2.7504473,9.0146427,-0.11975997,-0.077836208,7.0,17.016846,44.57341,11.25362,0.0,6.6599998,-11.279536,-2.7504473
28,Portugal,1932,-0.56979167,-2.0603015,-0.084126145,-7.6270084,-0.71056187,2.1287317,50.57925,4.736721,9.4576578,-0.45813161,-0.5741483,6.5,32.438519,59.718971,16.165728,0.0,6.0300002,-2.0603015,4.736721
28,Portugal,1933,-0.69769669,-0.051308364,-0.053017944,-7.3755884,-0.88312179,1.9192622,37.170723,0.21953897,9.7074203,-0.61681259,-0.60568166,5.5,-15.822162,52.87656,13.798936,0.0,4.7800002,-0.051308364,0.21953897
28,Portugal,1934,-0.68252397,1.0266941,-0.045945231,-7.6345668,-0.80487281,2.2322736,35.175152,14.479737,9.5461588,-0.60542125,-0.64118087,5.0,-17.797525,52.097977,11.988121,0.0,4.0,1.0266941,14.479737
28,Portugal,1935,-0.31849653,0.20325203,-0.13648875,-6.7239962,-0.80098158,1.923854,34.504547,7.8262534,13.781714,-0.52727926,-0.05479851,5.0,2.8009012,82.748703,24.605621,0.0,4.0500002,0.20325203,7.8262534
28,Portugal,1936,3.40466,2.535497,-0.25214589,-8.4536085,0.75987792,1.9220421,33.702278,3.5137534,9.3049431,3.1257119,3.4093361,4.5,-1.3680916,91.402847,27.792961,3.580533,3.6500001,2.535497,3.5137534
28,Portugal,1937,1.2807518,3.9564788,-0.13037629,-7.2319641,-0.48538417,2.6151388,32.474873,-0.25715756,9.1304731,1.0657789,1.5941392,4.0,0.5352968,87.478371,28.145031,0.0,3.6099999,3.9564788,-0.25715756
28,Portugal,1938,0.15859111,-3.092293,-0.15938337,-8.8694592,-0.39909002,2.4881999,31.102856,2.5266414,9.7498808,0.33775082,-0.0081366431,4.0,1.1764191,102.05727,35.150024,0.0,3.74,-3.092293,2.5266414
28,Portugal,1939,1.0961512,-5.8419242,-0.18179415,-9.715415,-0.17402458,3.0290971,30.554369,14.836547,10.066627,1.3098288,0.84193701,4.0,10.604214,191.01532,69.486099,0.0,3.97,-5.8419242,14.836547
28,Portugal,1940,2.3804412,4.7445254,-0.28593439,-8.2681389,2.1784704,3.3994172,26.134783,10.131387,9.7407379,3.056972,1.4639465,4.0,10.483676,200.07191,75.570229,0.0,3.8299999,4.7445254,10.131387
28,Portugal,1941,2.5327737,12.394226,-0.23027602,-6.7604718,3.1168292,3.0990813,22.779711,43.120361,9.5939941,3.0864937,1.359006,3.5,-8.5686607,241.92404,81.907013,0.0,3.6099999,12.394226,43.120361
28,Portugal,1942,2.1235902,22.14349,-0.27658194,-7.1943216,3.600898,2.8709302,24.165226,48.494953,8.5837412,3.5682423,0.04967846,3.5,-0.57285297,306.14059,90.154533,0.0,2.9200001,22.14349,48.494953
28,Portugal,1943,1.4411873,13.052937,-0.24411818,-6.3404031,2.457751,2.8219304,24.144203,20.856983,9.9746428,2.4634838,0.012956942,2.5,-0.014404285,344.39383,103.02902,0.0,2.8199999,13.052937,20.856983
28,Portugal,1944,0.94394511,2.8864658,-0.22099334,-7.0896463,2.0107358,3.0777256,26.711706,23.316303,9.8103781,1.1575725,0.53333575,2.0,-0.29212233,376.73724,115.72739,0.0,2.76,2.8864658,23.316303
28,Portugal,1945,-0.014251007,9.008728,-0.29375595,-7.7143393,1.6036732,3.1457555,27.190449,8.9725885,10.549916,0.43941456,-0.36809349,2.0,-0.22795366,240.73561,75.953674,0.0,2.8299999,9.008728,8.9725885
28,Portugal,1946,-0.14229651,13.811839,-0.25073442,-1.3348645,1.7817825,2.8531191,24.677259,10.507316,10.38918,-0.14709482,-0.11817563,2.0,0.080445886,122.23141,36.904011,0.0,2.8299999,13.811839,10.507316
28,Portugal,1947,-0.37738338,3.0904522,-0.20306186,0.32837015,2.2085438,2.6449745,21.941189,-5.4178977,11.977413,-0.33062935,-0.43419337,2.0,0.31350535,99.266258,26.293177,0.0,3.04,3.0904522,-5.4178977
28,Portugal,1948,-0.36945358,-14.187557,-0.23939471,1.0385377,0.65610355,2.5131483,21.449688,-5.5041151,11.806765,-0.47749001,-0.22497581,2.0,0.18752131,114.34803,32.269512,0.0,3.24,,-5.5041151
28,Portugal,1949,-0.28906935,15.942029,-0.25890929,-3.280623,-0.36666316,3.050334,21.10743,-6.8745627,11.483775,-0.57544059,0.023415627,2.0,4.3767509,83.723862,22.941536,0.0,3.76,15.942029,-6.8745627
28,Portugal,1950,-0.26988736,-2.5765307,-0.26899111,-4.8652077,0.10714757,2.3426092,20.73267,3.7870564,9.9163113,-0.45093015,-0.067533575,2.0,9.8915005,142.74683,42.842838,0.0,3.9200001,-2.5765307,3.7870564
28,Portugal,1951,-0.078643069,-1.3875124,-0.25538442,-1.8813331,0.5811649,2.6887453,19.208508,14.639739,9.5763597,-0.36129475,0.15842022,2.0,0.0,154.43521,48.677715,0.0,3.79,-1.3875124,14.639739
28,Portugal,1952,0.91620618,-0.30150753,-0.2832323,-3.584166,0.87531346,2.8670363,18.97304,4.1479506,9.7157364,-0.1438805,1.6692865,2.0,0.0,105.07939,31.355074,0.0,3.48,-0.30150753,4.1479506
28,Portugal,1953,-0.35998684,0.90725803,-0.24664308,0.7490201,-0.72020513,2.4872689,18.849693,5.2126155,10.574136,-0.62526804,-0.09429241,2.0,0.0,101.92927,31.79744,0.0,3.3800001,0.90725803,5.2126155
28,Portugal,1954,-0.55628049,1.0989012,-0.23087405,1.5075954,-0.81536692,2.5755076,18.624128,10.85028,10.421329,-0.78384107,-0.25889757,2.0,0.0,91.05645,27.993567,0.0,3.27,1.0989012,10.85028
28,Portugal,1955,-0.29778859,-0.098814227,-0.22250912,3.137624,-0.56674355,2.6031332,17.855669,5.581718,10.934038,-0.6203016,0.08206661,2.0,0.0,89.117783,26.221149,0.0,3.1800001,-0.098814227,5.581718
28,Portugal,1956,-0.211768,3.1994727,-0.21221089,3.400027,-0.25285971,2.4801633,16.752213,6.7204814,10.564317,-0.41816351,0.047425538,2.0,0.0,101.25542,34.223881,0.0,3.03,3.1994727,6.7204814
28,Portugal,1957,-0.47172716,1.4222766,-0.20118743,3.0891716,-0.32847646,2.465889,15.803367,6.6126509,10.786531,-0.59874099,-0.24997783,2.0,0.0,99.325577,31.522764,0.0,3.05,1.4222766,6.6126509
28,Portugal,1958,-0.7003966,1.5993037,-0.22175805,0.80427045,-0.76407677,2.440196,18.676365,9.2328043,10.674192,-0.72732252,-0.57465047,2.0,-0.65758628,115.22129,32.121246,0.0,3.03,1.5993037,9.2328043
28,Portugal,1959,-0.63537079,1.0468506,-0.2026282,-3.2682467,-0.56777638,2.5970874,18.240879,8.9632092,11.296733,-0.6446833,-0.52218312,2.0,-0.020354806,82.10849,22.243721,0.0,3.45,1.0468506,8.9632092
28,Portugal,1960,-0.25650594,3.0465927,-0.17177413,-0.97530365,-0.31693512,2.5556707,18.174259,9.5837545,12.424433,-0.47787499,-0.019873355,2.0,0.11092803,86.417786,23.311853,0.0,3.46,3.0465927,9.5837545
28,Portugal,1961,2.9549696,1.5489969,-0.14333504,3.5177326,0.3720926,3.8875017,18.944824,1.1819372,14.202142,2.2048655,2.8643274,2.0,0.12272897,126.08382,34.04245,2.949707,3.8199999,1.5489969,1.1819372
28,Portugal,1962,0.92315507,2.6620641,-0.1140861,-1.6428025,0.37848628,4.2266736,20.698742,11.262164,13.98444,0.12880316,1.3868703,2.0,-0.21854132,124.72618,32.81411,0.0,3.9583299,2.6620641,11.262164
28,Portugal,1963,1.6907347,2.0215828,-0.089757659,-0.6224342,-0.4682548,3.9557893,23.018858,14.935958,14.291965,0.24734372,2.5520275,2.0,0.30887485,117.54991,29.863558,0.0,4.1816702,2.0215828,14.935958
28,Portugal,1964,0.17931709,3.4448984,-0.059183408,2.892066,-0.12400469,4.1114974,24.245022,15.651319,14.395589,0.020061376,0.24979423,2.0,0.27992404,90.5354,25.157793,0.0,3.94333,3.4448984,15.651319
28,Portugal,1965,0.30620781,3.4249277,-0.014301214,1.7247833,0.50842267,3.8136132,22.530788,15.217606,12.707011,-0.26742381,0.69146878,2.5,-0.16888115,99.786484,27.725418,0.0,3.8699999,3.4249277,15.217606
28,Portugal,1966,0.34690252,5.0392671,0.0011641445,1.5116659,0.75951523,3.8528957,22.382814,11.27949,12.876696,-0.45299944,0.88542527,2.98,0.083885506,90.635468,26.25382,0.0,3.96333,5.0392671,11.27949
28,Portugal,1967,0.040269908,5.5264759,0.047752392,0.042405814,-0.070651986,4.4637904,20.436823,11.085697,13.550985,-0.097051494,0.18615679,3.1199999,0.12782,112.60692,34.309231,0.0,5.0041699,5.5264759,11.085697
28,Portugal,1968,0.16984437,6.0813618,0.10470752,0.42143792,-0.3774012,4.5028157,18.983994,13.316261,13.709585,-0.10423159,0.3342019,3.4000001,-0.39622366,104.20105,27.11364,0.0,5.1075001,6.0813618,13.316261
28,Portugal,1969,-0.26145563,8.7827711,0.10063557,0.35302404,-0.42188242,4.1390166,18.584278,17.323256,14.260289,-0.21324651,-0.31102097,3.4000001,-0.54206723,95.787491,25.966269,0.0,5.145,8.7827711,17.323256
28,Portugal,1970,0.022897186,6.3801446,0.1660831,3.1358817,-0.156596,4.1378808,18.204165,12.098653,14.508989,-0.16264969,0.077974446,4.1533332,0.27461988,102.82236,28.390425,0.0,5.2783298,6.3801446,12.098653
28,Portugal,1971,0.038055528,11.946898,0.24373309,3.8382366,-0.57043177,4.3317657,17.383467,17.902962,14.505957,-0.11814958,0.19047813,4.6516666,-2.0322745,87.422432,23.903643,0.0,5.6925001,11.946898,17.902962
28,Portugal,1972,-0.303161,10.663356,0.29489213,4.6312351,-0.62304038,4.0610442,16.036627,20.681234,13.077972,-0.3784517,-0.21462454,4.6700001,-3.7467384,87.485275,23.371983,0.0,6.0050001,10.663356,20.681234
28,Portugal,1973,-0.057919472,12.974608,0.37338844,4.8648801,2.4419341,3.4795625,14.2698,23.476374,12.865862,-0.33284989,0.25907448,4.6700001,-9.4272394,76.668312,23.540419,0.0,5.4958301,12.974608,23.476374
28,Portugal,1974,0.77833736,25.082777,0.34321615,10.79117,4.0961528,4.3422799,14.1872,10.579947,13.906086,0.39445654,1.0101141,5.4483333,3.8964939,70.567474,19.718174,0.0,7.5,25.082777,10.579947
28,Portugal,1975,6.0513954,15.271686,0.22973894,-2.4009001,2.5098798,3.095108,20.1366,6.7413077,17.155218,3.1413777,7.497479,7.1100001,0.29835105,79.141571,23.872259,5.8259797,8.474,15.271686,6.7413077
28,Portugal,1976,1.8114851,21.141905,0.2413182,-7.0103259,1.4842124,2.3583469,25.766399,29.002684,19.907553,1.2711701,1.9902278,8.4499998,18.435675,69.23243,19.991484,0.0,9.7383299,21.141905,29.002684
28,Portugal,1977,0.38753933,31.016748,0.25771517,-4.9931087,0.58053678,2.0702088,28.2349,23.134745,18.959206,0.31741539,0.37182653,10.745,26.912855,68.475105,20.059229,0.0,10.8017,31.016748,23.134745
28,Portugal,1978,0.1234147,21.038773,0.24677095,-5.1942453,0.010827655,2.0938849,31.4037,28.042217,20.396402,0.26821187,0.013977779,15.713333,14.709706,81.370934,24.494902,0.0,16.1667,21.038773,28.042217
28,Portugal,1979,-0.071140215,21.899225,0.26319191,3.5992606,0.52959239,2.028621,35.2141,52.981739,20.984407,-0.01661323,-0.095856607,16.9,11.567258,86.351082,24.635639,0.0,16.371666,21.899225,52.981739
28,Portugal,1980,0.030545413,5.862,0.2693134,6.2854085,0.21918745,2.0267248,31.046801,21.222754,22.146074,-0.30869114,0.25671136,16.9,2.2838476,102.05772,28.902832,0.0,16.371666,5.862,21.222754
28,Portugal,1981,0.3500177,21.152,0.24833857,6.8042006,0.12153854,2.0026739,39.304298,28.872438,24.472925,0.3000305,0.33316737,17.083334,23.299799,101.66919,30.563753,0.0,16.371666,21.152,28.872438
28,Portugal,1982,0.10534867,22.73,0.23489274,6.1616383,-0.32476729,2.0351336,42.9874,26.602678,23.992834,0.17043789,0.084929004,18.526667,29.842033,124.11795,36.660824,0.0,16.371666,22.73,26.602678
28,Portugal,1983,0.09504839,25.106001,0.2001401,8.4927187,-0.47696388,1.9092767,46.693699,20.537973,24.420139,0.12376856,0.066897184,22.713333,39.375885,103.87984,29.235735,0.0,16.371666,25.106001,20.537973
28,Portugal,1984,-0.072810598,29.299999,0.14883763,13.135443,-0.33362687,1.8613234,51.262798,27.742159,24.746189,0.23750028,-0.36472368,24.9,32.035042,88.389366,22.189936,0.0,16.371666,29.299999,27.742159
28,Portugal,1985,0.20527689,19.334999,0.14543602,9.3918066,-0.38899651,1.8435434,59.392899,24.104841,26.032505,0.40169758,-0.058281202,22.393333,16.293531,92.283493,22.513824,0.0,16.371666,19.334999,24.104841
28,Portugal,1986,0.5569486,11.666,0.15705213,1.0418191,-0.18727213,1.9158255,59.769798,17.17474,25.132883,0.7340346,0.43369532,15.5625,-12.656137,91.707932,24.30805,0.0,15.7558,11.666,17.17474
28,Portugal,1987,-0.075045094,9.4020004,0.19133298,5.7374735,-0.16940403,1.859302,57.216599,12.108412,24.119186,-0.016794859,-0.11413889,13.865833,-5.7564216,85.342255,19.944685,0.0,15.1175,9.4020004,12.108412
28,Portugal,1988,-0.40611735,9.5799999,0.23670241,8.4937725,-0.10425128,1.8854265,56.810299,12.836596,23.563826,-0.30871856,-0.39506799,12.968333,2.2043586,72.833328,15.687973,0.0,14.1475,9.5799999,12.836596
28,Portugal,1989,-0.48218182,12.611,0.27264929,9.2907162,-0.048935037,1.8875027,55.355598,9.961628,24.06802,-0.34965956,-0.56456184,14.827272,9.3316431,81.248924,17.176561,0.0,14.9433,12.611,9.961628
28,Portugal,1990,-0.30465016,13.37,0.28584787,8.5982981,0.11654601,1.8408282,56.0191,17.594351,24.107283,-0.42174855,-0.12114947,16.9025,-9.5003471,100.47716,26.267775,0.0,15.4025,13.37,17.594351
28,Portugal,1991,-0.31218609,11.428,0.29519144,3.0235279,0.21362294,1.8299547,58.510799,20.847254,25.27948,-0.43146366,-0.098740287,17.737499,1.424482,115.19403,27.467188,0.0,14.5367,11.428,20.847254
28,Portugal,1992,0.73264408,8.8629999,0.27348691,-1.9286009,0.52636546,1.8052441,52.553398,21.598402,27.717495,0.13151774,1.1977423,16.70575,-6.7105947,75.940979,17.87677,0.0,13.8317,8.8629999,21.598402
28,Portugal,1993,-0.15126906,5.9299998,0.22184484,-4.9590845,-0.61097723,1.786507,57.3899,11.791118,27.122021,-0.28690949,-0.019771913,13.245084,19.451769,86.624359,19.499847,0.0,11.1808,5.9299998,11.791118
28,Portugal,1994,-0.48298499,4.9710002,0.19907212,-2.8619258,-0.75192189,1.6812128,60.230598,10.564127,25.76368,-0.43791434,-0.31890243,11.106667,2.9156764,88.633369,20.110126,0.0,10.478333,4.9710002,10.564127
28,Portugal,1995,-0.65248102,3.9690001,0.20811227,-1.036119,-0.78496116,1.7071579,62.214802,8.089324,25.744263,-0.61477256,-0.58417428,9.7866669,-9.5399923,75.088799,15.491944,0.0,11.465,3.9690001,8.089324
28,Portugal,1996,-0.67203826,2.9360001,0.2107778,-1.6576742,-0.85673237,1.6016403,63.312199,7.5054851,27.241785,-0.63148236,-0.59915298,7.3666668,2.7816043,61.413044,12.381261,0.0,8.5591669,2.9360001,7.5054851
28,Portugal,1997,-0.59293884,1.89,0.21821763,-0.48658222,-0.78835291,1.5415477,58.7155,8.7793598,28.414654,-0.64138722,-0.39820674,5.7416668,13.716656,39.673115,10.136757,0.0,6.3583331,1.89,8.7793598
28,Portugal,1998,-0.20103562,2.2149999,0.23046416,0.10915314,-0.31195781,1.4230187,55.6157,5.9918227,25.987534,-0.13154972,-0.11865392,4.3083334,2.7289343,51.792046,13.595426,0.0,4.8775001,2.2149999,5.9918227
28,Portugal,1999,-0.18127434,2.1700001,0.23419461,-1.344471,-0.13175419,1.4262699,55.405602,9.5995255,25.095463,-0.15693332,-0.18361473,2.9635,4.5680079,58.142807,15.406904,0.0,4.7775002,2.1700001,9.5995255
28,Portugal,2000,-0.58252376,2.8050001,0.23706932,1.8515544,-0.31682378,1.4070359,54.1931,6.0224428,25.900522,-0.54493165,-0.47083968,4.3917665,15.573078,45.607391,10.599487,0.0,5.5949998,2.8050001,6.0224428
28,Portugal,2001,-0.77611065,4.4099998,0.21974017,-1.4587803,-0.077633046,1.4450618,57.380199,7.0469413,24.610569,-0.59588033,-0.80558985,4.2617831,2.9115925,111.46019,23.514431,0.0,5.1583333,4.4099998,7.0469413
28,Portugal,2002,-0.61895484,3.701,0.1890884,-5.1984758,-0.29516101,1.4648125,60.043701,-1.4460804,26.271395,-0.4944545,-0.62878823,3.3185916,-5.0621185,111.12048,24.01219,0.0,5.0058331,3.701,-1.4460804
28,Portugal,2003,-0.28473672,3.237,0.13963658,-7.3295217,-0.4150824,1.4335803,63.897301,3.3619337,24.995909,-0.17885937,-0.16723295,2.3334668,-16.512545,135.32417,31.32369,0.0,4.1783333,3.237,3.3619337
28,Portugal,2004,-0.60305762,2.51,0.11441018,-6.2319236,-0.68662012,1.5060915,67.099503,5.0944767,27.407843,-0.58190292,-0.51909584,2.1063249,-9.1334419,110.70305,23.15099,0.0,4.1433334,2.51,5.0944767
28,Portugal,2005,-0.75481725,2.1300001,0.082311817,-7.4666862,-0.52860439,1.5937918,72.2491,6.2051954,26.792353,-0.65947253,-0.67096925,2.184675,0.031681277,83.537979,17.81937,0.0,3.4375,2.1300001,6.2051954
28,Portugal,2006,-0.83464468,3.046,0.065193497,-2.8458054,-0.70602161,1.5120852,73.679398,3.628866,25.902122,-0.77689475,-0.74484032,3.0792251,-0.98656887,86.026413,20.526606,0.0,3.915,3.046,3.628866
28,Portugal,2007,-0.69106084,2.4219999,0.056431949,-2.4342761,-0.40174675,1.3779081,72.727997,7.9055576,26.130108,-0.59083265,-0.64812058,4.2776084,-8.3312426,84.868973,17.427055,0.0,4.4233332,2.4219999,7.9055576
28,Portugal,2008,-0.77021843,2.652,0.026501421,-1.2981083,-0.48984194,1.4159467,75.642502,8.1900816,25.754482,-0.68985575,-0.67636544,4.6342335,-6.4666138,71.192848,15.766259,0.0,4.5191665,2.652,8.1900816
28,Portugal,2009,-0.71129531,-0.903,-0.037966222,-12.88129,-0.37984964,1.5340638,87.799103,-5.5793428,27.804127,-0.66717303,-0.62296671,1.2283584,5.1878705,69.581642,16.434397,0.0,4.2108335,-0.903,-5.5793428
28,Portugal,2010,-0.096498489,1.391,-0.053115342,-7.6918297,-0.05458067,1.486153,100.2145,0.62446958,28.152538,-0.38143581,0.19001888,0.81094998,5.1338181,73.838913,18.272989,0.0,5.3958335,1.391,0.62446958
28,Portugal,2011,-0.51783371,3.5539999,-0.1009648,-3.3857276,-0.13243389,1.4899216,114.4031,-1.9121349,27.670103,-0.6489163,-0.32318571,1.3906,-4.8501892,75.721146,18.647564,0.0,10.239166,3.5539999,-1.9121349
28,Portugal,2012,-0.65151864,2.776,-0.17042097,-1.4719838,-0.55622149,1.4038315,129.0351,-8.6931934,28.96986,-0.71290076,-0.44813675,0.57318336,8.2926064,69.216782,17.853542,0.0,10.5475,2.776,-8.6931934
28,Portugal,2013,-0.76474983,0.44,-0.20710012,-0.40759867,-0.55387455,1.4395727,131.42979,1.3047609,28.670502,-0.65065187,-0.69282061,0.22066666,-3.2886987,70.025406,17.37122,0.0,6.2941666,0.44,1.3047609
28,Portugal,2014,-0.81703621,-0.16,-0.22671974,0.75043619,-0.53529179,1.3066826,132.9407,0.34734523,28.001135,-0.77392954,-0.6876474,0.20993334,0.093858041,80.853844,22.634356,0.0,3.7541666,-0.16,0.34734523
28,Portugal,2015,-0.55174851,0.50800002,-0.23932487,0.12611374,-0.48482731,1.328928,131.1792,4.1287928,26.983551,-0.41258967,-0.56931347,-0.019366667,19.624214,94.918381,24.912926,0.0,2.4233334,0.50800002,4.1287928
28,Portugal,2016,-0.51840454,0.63599998,-0.24896625,-2.0315654,-0.50665641,1.5420047,131.50571,9.7571354,27.00491,-0.4525637,-0.28304443,-0.26369166,0.22109132,84.358536,23.382862,0.0,3.1716666,0.63599998,9.7571354
28,Portugal,2017,-0.53301895,1.556,-0.24667697,2.2033932,0.19596189,1.2398398,126.1434,8.6686573,25.722542,-0.35439706,-0.59191328,-0.32905,-1.8642764,86.290787,26.863443,0.0,3.0525,1.556,8.6686573
28,Portugal,2018,-0.86231488,1.168,-0.24891934,3.0740016,-0.18863961,1.3414788,121.4814,8.5275917,25.135136,-0.79923254,-0.7681644,-0.32209167,-4.4481721,67.708572,22.300993,0.0,1.8391666,1.168,8.5275917
28,Portugal,2019,-0.59129584,0.30000001,-0.25507015,2.0452559,-0.30396059,1.3739575,116.6078,7.5116653,25.132641,-0.67506379,-0.40826151,-0.35633335,5.4067965,69.926216,23.600498,0.0,0.75749999,0.30000001,7.5116653
28,Portugal,2020,-0.71560645,-0.121,-0.37485105,-9.2868509,-0.13288774,1.4261361,135.1861,11.709047,29.466593,-0.75775486,-0.56986624,-0.35633335,-1.8559247,66.154915,18.871275,0.0,0.41666666,-0.121,11.709047
28,Portugal,2021,-0.75985622,0.94099998,-0.36026332,-0.99831522,1.6247236,1.516441,123.878,50.411045,27.720592,-0.71432054,-0.5632425,-0.35633335,-3.5179076,58.633369,17.799965,0.0,0.29499999,0.94099998,50.411045
28,Portugal,2022,-0.55544633,8.1029997,-0.33307114,13.408864,2.6366274,1.3899986,111.232,-8.6931934,24.165592,-0.62774581,-0.35369536,0.34156665,12.505229,112.93623,50.361416,0.0,2.1700001,8.1029997,-8.6931934
28,Portugal,2023,-0.46853861,5.2639999,-0.35444894,4.8196893,1.5476751,1.4664285,97.733002,-0.93874896,22.320593,-0.25469217,-0.56163388,3.4305999,-2.8074944,99.392548,39.430054,0.0,3.2375,5.2639999,-0.93874896
29,Russia,1900,-0.79988527,-7.3995328,0.49253342,,-0.71370065,3.6899099,56.659401,,15.9433,-0.23881125,-1.0548546,,,72.415619,20.670904,0.0,3.97,-7.3995328,
29,Russia,1901,-1.1959902,-1.2004409,0.48391402,,-0.64619219,3.6438212,56.4618,,15.7138,-0.68728513,-1.2286123,,0.0,43.076683,11.692408,0.0,3.9400001,-1.2004409,
29,Russia,1902,-1.3003156,4.9302392,0.53360248,,-0.75694191,3.4172983,52.405701,,16.6327,-0.74639624,-1.3286303,,0.0,43.4799,10.87319,0.0,3.9100001,4.9302392,
29,Russia,1903,-0.87771994,-3.2493567,0.42844683,,-0.75064713,3.7846291,55.522099,,17.0674,-0.49711907,-0.88380486,,0.0,49.491287,12.515069,0.0,3.9200001,-3.2493567,
29,Russia,1904,1.0216117,-0.12150668,0.49614394,,-0.62019783,3.563287,53.308201,,20.371901,1.383675,0.17349289,,0.0,76.692307,20.657864,1.5933998,4.2800002,-0.12150668,
29,Russia,1905,0.00366381,5.7712059,0.34178913,,-0.42051944,12.7029,62.215401,,23.8197,0.37230521,-0.38096693,,0.0,54.05724,13.753598,0.0,4.6199999,5.7712059,
29,Russia,1906,-0.98407239,12.852869,0.26345214,,-0.64952946,6.8514719,68.006897,,21.1511,-0.47266737,-1.1163644,,0.0,40.733101,8.4943771,0.0,5.0799999,12.852869,
29,Russia,1907,-1.2091777,26.875824,0.19168763,,-0.73965061,4.8826976,64.773598,,18.3111,-0.61467797,-1.2971171,,0.0,34.413788,6.8788414,0.0,5.0900002,26.875824,
29,Russia,1908,-1.218119,8.6570559,0.23790284,,-0.86133564,3.7090757,58.763802,,16.9659,-0.72083473,-1.2171326,,0.0,32.829559,7.3723278,0.0,4.6100001,8.6570559,
29,Russia,1909,-1.3062232,-8.950882,0.25329289,,-0.81446564,3.4841383,56.038399,,15.8946,-0.77053332,-1.2973853,,0.0,30.923229,6.6561327,0.0,4.4299998,-8.950882,
29,Russia,1910,-1.4117647,-11.724401,0.28680128,,-0.79507864,3.3940766,52.487801,,14.7867,-0.81814098,-1.4285091,,0.0,30.885345,5.9544234,0.0,4.21,-11.724401,
29,Russia,1911,-1.1513042,67.7771,0.17642093,,-0.78996134,3.5449717,52.827702,,16.166201,-0.69692361,-1.1180282,,0.0,52.696037,12.80638,0.0,4.1700001,67.7771,
29,Russia,1912,-1.107662,67.7771,0.22247699,,-0.7523573,3.510036,45.187,,15.1604,-0.66025299,-1.0749587,,0.0,53.76284,12.504561,0.0,4.25,67.7771,
29,Russia,1913,-1.2414535,3.4126163,0.24076226,,-0.84121126,3.9716549,48.7911,,,-0.72568905,-1.2410311,,0.0,49.213394,11.252899,0.0,4.3699999,3.4126163,
29,Russia,1914,1.2344844,28.700001,0.13170312,,-0.58537787,10.326885,,,,2.0335324,0.10716575,,,199.27412,63.721287,1.1193149,,28.700001,
29,Russia,1915,2.5801036,20.0,0.092543043,,-0.068917446,52.859562,,,,3.9084458,-0.13708761,,,269.59604,82.902039,0.0,,20.0,
29,Russia,1916,1.6204852,93.5,-0.11531109,,-0.11916763,96.724442,,,,2.9470992,-0.74208194,,,260.30356,72.089699,0.0,,93.5,
29,Russia,1917,2.0424814,116.99004,-0.30989248,,0.54982108,127.72157,,,,2.9644589,-0.0029195235,,,296.97101,85.620178,0.0,,,
29,Russia,1918,1.3165692,116.82803,-0.71413851,,0.6298241,158.71869,,,,1.8641063,0.1159832,,,331.62021,100.46304,0.0,,,
29,Russia,1919,0.6228658,117.78159,-0.84007972,,-0.061722465,189.71581,,,,0.85604286,0.10709622,,,166.6438,46.991154,0.0,,,
29,Russia,1920,-0.15385103,116.82124,-0.94282824,,-0.20477924,32.183701,,,,0.13318974,-0.37671229,,,102.06319,24.610117,0.0,,,
29,Russia,1921,-0.9473545,117.95432,-0.97637838,,-0.42766553,51.873283,,,,-0.47169504,-1.0304461,,,72.843681,18.426931,0.0,,,
29,Russia,1922,-0.97484457,119.50405,-0.7627542,,-0.45308435,48.339283,,,,-0.56150222,-1.0142251,,,64.923538,14.15882,0.0,,,
29,Russia,1923,-1.0585767,119.50332,-0.56257254,,-0.48043165,21.703045,,,,-0.63379234,-1.0639634,,,58.87146,15.077763,0.0,,,
29,Russia,1924,-1.1590575,116.15067,-0.50700778,,-0.65710413,17.200268,,,,-0.6377089,-1.2159246,,,49.706013,11.027277,0.0,,,
29,Russia,1925,-1.139617,5.4545455,-0.28607166,,-0.6851337,20.734747,,,,-0.60878128,-1.1846648,,0.0,45.767529,11.064584,0.0,,5.4545455,
29,Russia,1926,-1.2055836,11.0,-0.19502024,,-0.7247408,21.276604,,,,-0.70603549,-1.2175157,,0.0,37.680462,9.0533381,0.0,,11.0,
29,Russia,1927,-0.99831921,-3.0,-0.1787751,,-0.79881418,23.74194,,,,-0.5877741,-1.0189675,,0.0,45.88192,11.079239,0.0,,-3.0,
29,Russia,1928,-1.2910897,4.9945397,-0.14550021,,-0.66510683,25.549881,,,5.7077498,-0.71207905,-1.3438421,,-19.706533,37.190571,8.6960297,0.0,,4.9945397,
29,Russia,1929,-1.0536412,4.7846889,-0.16634566,,-0.6169107,34.323776,,,7.7539601,-0.56508678,-1.082566,,0.0,40.538773,9.9901228,0.0,,4.7846889,
29,Russia,1930,-1.2133843,-0.8733626,-0.15095581,,-0.52502143,36.317348,,,12.6511,-0.72747689,-1.1933734,,0.0,42.976971,10.354801,0.0,,-0.8733626,
29,Russia,1931,-1.1160563,57.619289,-0.17312287,,-0.31499881,25.231665,,,8.5439997,-0.64266646,-1.1154078,,0.0,44.57341,10.730878,0.0,,57.619289,
29,Russia,1932,-0.9803772,84.771576,-0.220631,,-0.34843016,9.6581049,,,6.2227502,-0.50520623,-1.0642473,,0.0,59.718971,15.3821,0.0,,84.771576,
29,Russia,1933,-1.11164,49.725273,-0.191155,,-0.47440758,6.7223229,,,4.63203,-0.6812827,-1.082966,,0.0,52.87656,13.209557,0.0,,49.725273,
29,Russia,1934,-1.1229864,17.981651,-0.11114191,,-0.50792658,4.9851632,,,4.8402801,-0.70930427,-1.0739454,,78.861542,52.097977,11.418698,0.0,,17.981651,
29,Russia,1935,-0.96499485,29.393469,-0.0065219235,,-0.68516183,5.4954958,,,4.4677701,-0.64567858,-0.85601377,,-0.027717384,82.748703,23.827749,0.0,,29.393469,
29,Russia,1936,-0.50577271,13.221154,0.031354662,,-0.48277554,7.8095713,,,4.3134999,-0.32281119,-0.43658045,,-0.21380338,91.402847,26.73082,0.0,,13.221154,
29,Russia,1937,-0.63024598,6.1571126,0.086794324,,-0.55523711,8.2284985,,,4.4239802,-0.24585533,-0.64958966,,5.1483035,87.478371,27.025417,0.0,,6.1571126,
29,Russia,1938,-0.51109391,0.0,0.060758457,,-0.56566101,12.515832,,,5.73808,-0.22983918,-0.51985162,,0.0,102.05727,33.704651,0.0,,0.0,
29,Russia,1939,0.91060132,2.0,0.040590275,,-0.0088111162,12.725237,,,6.5399399,0.92441684,0.76543003,,,191.01532,65.88282,0.0,,2.0,
29,Russia,1940,0.36982191,23.529411,-0.013952173,,0.1035078,11.153723,,,5.48983,0.663849,0.049792822,,,200.07191,72.985794,0.0,,23.529411,
29,Russia,1941,1.5574628,24.719101,-0.13164291,,1.3276223,,,,,2.2517071,0.12247743,,,241.92404,77.443779,0.0,,24.719101,
29,Russia,1942,1.9665368,116.66444,-0.39677197,,2.5024354,,,,,3.3597171,-0.68494517,,,306.14059,84.988457,0.0,,,
29,Russia,1943,2.4609313,113.39656,-0.30488878,,2.1240537,,,,,3.9137506,-0.46623629,,,344.39383,96.990837,0.0,,,
29,Russia,1944,2.6656671,-14.187557,-0.15261064,,0.99837792,,,,,3.9716663,-0.17412685,,,376.73724,109.30215,0.0,,,
29,Russia,1945,1.7137939,12.751678,-0.23690026,,1.9300946,13.622218,,,,2.0236359,0.64983404,,,240.73561,70.93335,0.0,,12.751678,
29,Russia,1946,1.0496268,41.07143,-0.26070979,,2.5326076,20.32296,,,,0.17394164,1.4237206,,,122.23141,32.929192,0.0,,41.07143,
29,Russia,1947,0.27111459,45.991562,-0.17950051,,2.3108265,12.900574,,,,-0.028397987,0.41849616,,,99.266258,23.533602,0.0,,45.991562,
29,Russia,1948,0.86347038,-13.294798,-0.080473267,,0.95060468,13.472839,,,,-0.16656525,1.4514043,,,114.34803,28.56465,0.0,,-13.294798,
29,Russia,1949,0.33612421,-10.666667,-0.01403407,,-0.066473216,14.070441,,,,-0.23650053,0.71590745,,,83.723862,20.08877,0.0,,-10.666667,
29,Russia,1950,1.3351959,-14.187557,0.038673855,,0.36291331,16.726439,,,,0.63680333,1.5815974,,,142.74683,38.396446,0.0,,,
29,Russia,1951,1.237736,-7.2072072,0.0068029934,,0.73932779,21.768183,,,,0.63371909,1.5177357,,,154.43521,44.410084,0.0,,-7.2072072,
29,Russia,1952,0.2599735,-3.8834951,0.028695252,,0.053713005,22.946987,,,,0.17459685,0.23439009,,,105.07939,28.769405,0.0,,-3.8834951,
29,Russia,1953,0.36685342,-9.090909,0.029833619,,-0.06658262,27.487848,,,,-0.022444643,0.5994004,,,101.92927,28.887028,0.0,,-9.090909,
29,Russia,1954,0.051076006,-5.5555558,0.037867498,,-0.43160191,29.674959,,,,-0.32544488,0.42532226,,,91.05645,25.5639,0.0,,-5.5555558,
29,Russia,1955,0.28472388,0.0,0.082648322,,-0.14423056,28.728203,,,,-0.30169708,0.76313615,,,89.117783,23.449442,0.0,,0.0,
29,Russia,1956,0.96792614,2.5,0.13267671,,0.3501004,19.832771,,,,-0.011041573,1.5187646,,,101.25542,30.371189,0.0,,2.5,
29,Russia,1957,1.0566379,5.4634147,0.11610903,,-0.1081952,17.88493,,,,-0.19212537,1.7961142,,,99.325577,27.496988,0.0,,5.4634147,
29,Russia,1958,1.1130668,-0.27752081,0.15073122,,-0.42592621,17.187403,,,,-0.16130945,1.863107,,,115.22129,27.977734,0.0,,-0.27752081,
29,Russia,1959,0.53691864,-0.46382189,0.1587504,,-0.29935849,18.415806,,,,-0.33207497,1.144326,,,82.10849,19.02841,0.0,,-0.46382189,
29,Russia,1960,0.63783437,0.65237647,0.15211514,,-0.26211056,18.532383,,,,-0.34848011,1.2587014,,,86.417786,19.981058,0.0,,0.65237647,
29,Russia,1961,1.5298982,-2.1296296,0.16929477,,0.092581272,20.800936,,,,0.033599664,2.3744118,,,126.08382,29.674206,0.0,,-2.1296296,
29,Russia,1962,1.3557057,2.1759696,0.15804748,,0.27491483,22.07292,,,,-0.26028377,2.3246837,,,124.72618,28.478926,0.0,,2.1759696,
29,Russia,1963,0.98300493,0.83333331,0.098828673,,0.23558214,20.296082,,,,-0.32338902,1.794008,,,117.54991,26.21637,0.0,,0.83333331,
29,Russia,1964,-0.084144674,0.0,0.18922584,,-0.051687341,18.949493,,,,-0.47080833,0.28797707,,,90.5354,23.032902,0.0,,0.0,
29,Russia,1965,-0.022664119,2.4793389,0.21035355,,-0.12840575,17.353783,,,,-0.33491436,0.27225924,,,99.786484,25.51763,0.0,,2.4793389,
29,Russia,1966,-0.16744789,-1.0752687,0.2268223,,-0.086822636,16.91268,,,,-0.4349215,0.11830113,,,90.635468,24.282225,0.0,,-1.0752687,
29,Russia,1967,0.42123443,1.4492754,0.24038446,,-0.32471392,16.83209,,,,0.0010865743,0.67171907,,,112.60692,31.360254,0.0,,1.4492754,
29,Russia,1968,0.051604483,1.3392857,0.26925948,,-0.51145071,18.751354,,,,-0.27669141,0.27263656,,,104.20105,24.770756,0.0,,1.3392857,
29,Russia,1969,0.091387659,1.585903,0.2563304,,-0.45793635,19.019056,,,,-0.21473394,0.33310339,,,95.787491,23.507786,0.0,,1.585903,
29,Russia,1970,0.18522429,1.7346054,0.3035121,,-0.27445519,17.842552,,,,-0.090860635,0.34632385,,,102.82236,25.816359,0.0,,1.7346054,
29,Russia,1971,-0.070786171,2.7280476,0.30271751,,-0.31926101,18.091772,,,,-0.24254666,0.12494992,,,87.422432,21.740366,0.0,,2.7280476,
29,Russia,1972,-0.11592785,1.7427386,0.28094515,,-0.0010673282,17.192099,,,,-0.13657731,-0.036141917,,,87.485275,21.239637,0.0,,1.7427386,
29,Russia,1973,-0.1282323,14.311435,0.33530149,,2.0006633,15.618785,,,,-0.173143,0.0031505718,,,76.668312,21.457325,0.0,,14.311435,
29,Russia,1974,-0.23610641,14.311435,0.33590084,,1.6750002,17.660259,,,,-0.44321883,0.056133978,,,70.567474,17.908319,0.0,,14.311435,
29,Russia,1975,-0.038092099,14.311435,0.3108933,,0.41386119,18.516088,,,,-0.36319023,0.25926253,,,79.141571,22.382439,0.0,,14.311435,
29,Russia,1976,-0.16842821,60.515663,0.33253112,,0.070729658,19.956537,,,,-0.34804377,0.078531109,,,69.23243,18.198198,0.0,,60.515663,
29,Russia,1977,-0.057312373,60.515663,0.33023524,,0.22386058,20.166887,,,,-0.33196816,0.18227474,,,68.475105,17.916603,0.0,,60.515663,
29,Russia,1978,0.29615709,60.515663,0.32936677,,0.010461233,19.380743,,,,0.070661463,0.37899309,,,81.370934,21.75576,0.0,,60.515663,
29,Russia,1979,0.38770366,60.515663,0.29888454,,1.0949326,19.925058,,,,-0.13323438,0.75165159,,,86.351082,21.72678,0.0,,60.515663,
29,Russia,1980,1.2280833,60.515663,0.27396718,,1.5278369,21.351622,,,,0.081733823,1.8156351,,,102.05772,24.663799,0.0,,60.515663,
29,Russia,1981,1.2236847,84.215042,0.25815475,,1.3868792,24.156324,,,,0.034356531,1.9188811,,,101.66919,26.3703,0.0,,84.215042,
29,Russia,1982,1.6361191,84.215042,0.25830421,,0.23519918,24.649313,,,,-0.019667089,2.5613041,,,124.11795,31.779011,0.0,,84.215042,
29,Russia,1983,1.2361959,84.215042,0.26456022,,-0.2383291,25.16931,,,,-0.024562974,1.9182411,,,103.87984,24.991526,0.0,,84.215042,
29,Russia,1984,0.31936127,84.215042,0.25332129,,-0.176515,27.989294,,,,-0.13034402,0.65904731,,,88.389366,19.390045,0.0,,84.215042,
29,Russia,1985,0.31293157,1.0,0.23687838,,-0.21269165,29.785791,,,,-0.19294125,0.69445068,,,92.283493,19.757765,0.0,,1.0,
29,Russia,1986,0.26304373,2.0,0.23535828,,-0.15300213,30.393316,,,,-0.091440193,0.57218009,,,91.707932,21.674124,0.0,,2.0,
29,Russia,1987,0.29599693,1.3,0.22506793,,-0.22213058,34.009827,,,,-0.2393302,0.73186719,,,85.342255,17.181849,0.0,,1.3,
29,Russia,1988,-0.21654038,0.60000002,0.25328526,,0.03745826,36.64373,,,,-0.26171035,-0.10875814,,,72.833328,13.703924,0.0,,0.60000002,
29,Russia,1989,-0.20401202,2.0,0.24038081,-10.191964,0.83672518,13.782345,,,,-0.25348318,-0.080220878,,,81.248924,15.163321,0.0,,2.0,
29,Russia,1990,0.16321315,5.3000002,0.18268058,-17.651283,1.7400315,16.484407,88.035805,,,-0.33311385,0.62508702,,,100.47716,23.689342,0.0,,5.3000002,
29,Russia,1991,0.35435829,114.56515,0.054329515,-28.092037,1.2776089,10.45572,90.481552,,,0.01540619,0.63325626,,78.861542,115.19403,24.582506,0.0,,,
29,Russia,1992,-0.4415575,116.23739,-0.11726762,55.698772,0.15761903,4.4270325,116.0,,,-0.55243331,-0.16144899,,78.861542,75.940979,16.389595,0.0,,,
29,Russia,1993,-0.29642773,117.27737,-0.22073452,13.35213,-0.29635531,4.1813245,92.400002,89.279068,,-0.45560908,-0.011748333,,78.861542,86.624359,17.674168,0.0,,,83.488998
29,Russia,1994,-0.31150994,115.9258,-0.36753953,-4.7979465,-0.2928974,4.5237007,63.5,88.212189,,-0.49411288,0.059128657,,78.861542,88.633369,18.268509,0.0,,,83.488998
29,Russia,1995,-0.52231228,115.11149,-0.42204487,-0.913463,-0.54509044,3.78443,53.700001,87.271141,,-0.43215156,-0.37354839,,78.861542,75.088799,13.966614,0.0,,,83.488998
29,Russia,1996,-0.78432757,47.751999,-0.46928108,-8.456418,-0.51044297,3.7565589,51.900002,30.503731,,-0.45916399,-0.74991566,,12.450459,61.413044,11.27212,0.0,,47.751999,30.503731
29,Russia,1997,-0.96471101,14.761,-0.46550506,-9.3438158,-0.49944934,4.0398092,51.519001,29.521086,,-0.71967208,-0.80751675,25.375,12.983459,39.673115,9.3253107,0.0,,14.761,29.521086
29,Russia,1998,-0.74008799,27.686001,-0.53007054,-0.9886539,-0.38673049,2.7326491,143.94901,20.722958,39.682793,-0.642232,-0.51341021,29.875,70.345184,51.792046,12.472455,0.0,,27.686001,20.722958
29,Russia,1999,-0.50214493,85.746002,-0.47666013,12.534067,-0.47774374,3.073288,100.744,56.754284,34.286743,-0.30294919,-0.44952071,22.966667,78.861542,58.142807,13.906222,0.0,16.371666,85.746002,56.754284
29,Russia,2000,-0.90584582,20.799,-0.39374474,11.198353,-0.5495466,3.3070297,62.148998,60.090405,30.650715,-0.57417494,-0.84812999,12.825,13.017925,45.607391,9.6952648,0.0,16.371666,20.799,60.090405
29,Russia,2001,-0.46133235,21.476999,-0.35388276,4.2401929,-0.51295716,3.5463192,48.984001,39.511795,31.464268,-0.15649436,-0.43023056,9.9833336,3.713088,111.46019,21.87677,0.0,16.371666,21.476999,39.511795
29,Russia,2002,-0.52820075,15.789,-0.31508297,2.8605945,-0.65348816,3.7562773,41.353001,32.297447,33.817928,-0.2532793,-0.47287059,12.391666,7.4990129,111.12048,22.500313,0.0,15.824166,15.789,32.297447
29,Russia,2003,-0.3797456,13.663,-0.25114363,2.4915535,-0.57179266,3.6708381,28.334,50.493484,32.59869,-0.18151049,-0.31828082,8.125,-2.2797556,135.32417,29.614998,0.0,9.1149998,13.663,50.493484
29,Russia,2004,-0.78073221,10.889,-0.18852493,0.15507673,-0.58418947,3.3003538,20.827999,35.732555,29.628395,-0.3744576,-0.7831642,7.105,-6.101553,110.70305,22.04443,0.0,8.2891665,10.889,35.732555
29,Russia,2005,-0.89331442,12.685,-0.13298373,0.55715781,-0.65398711,3.3312373,16.660999,38.559658,29.457867,-0.57999027,-0.8412208,5.8375001,-1.7548509,83.537979,16.874338,0.0,8.1075001,12.685,38.559658
29,Russia,2006,-0.62939376,9.6689997,-0.062053341,-1.0902014,-0.51141131,3.2463572,9.8909998,49.119503,29.039755,-0.58458132,-0.40037441,6.0349998,-3.9373319,86.026413,19.150345,0.0,6.9766665,9.6689997,49.119503
29,Russia,2007,-0.84630787,9.007,0.010294886,-3.7230017,-0.50980622,3.118542,7.158,43.929333,31.941519,-0.63469976,-0.69351399,6.6608334,-5.9196925,84.868973,16.414629,0.0,6.7175002,9.007,43.929333
29,Russia,2008,-0.79602808,14.111,0.050697617,-1.5912434,-0.40178743,3.1494861,6.4949999,0.8895424,32.01041,-0.48443964,-0.73191464,10.771667,-2.7847455,71.192848,14.663961,0.0,7.5233335,14.111,0.8895424
29,Russia,2009,-0.75219375,11.647,-0.041328572,-6.0209227,-0.548226,3.9240634,8.698,17.294994,38.596138,-0.59822935,-0.59462881,13.05,27.667627,69.581642,15.269187,0.0,9.8741665,11.647,17.294994
29,Russia,2010,-0.66992038,6.849,-0.0080632037,-3.5210457,-0.5787071,3.5850856,9.0979996,30.608013,35.504829,-0.60390145,-0.48213911,5.1583333,-4.2753487,73.838913,17.050547,0.0,7.8316665,6.849,30.608013
29,Russia,2011,-0.91377467,8.4399996,0.022768592,-5.2016058,-0.5371424,3.433044,8.6409998,20.7124,33.261211,-0.55833197,-0.86900103,5.4911666,-3.2061441,75.721146,17.763815,0.0,8.060833,8.4399996,20.7124
29,Russia,2012,-0.62065321,5.0749998,0.04982977,-5.383606,-0.61332816,3.6892405,8.5509996,12.314894,34.028698,-0.4187102,-0.51274723,7.2904167,5.7428579,69.216782,16.48542,0.0,8.1541662,5.0749998,12.314894
29,Russia,2013,-0.61253637,6.7540002,0.054594722,-5.4840498,-0.64648151,3.8540425,9.0670004,14.935956,34.651871,-0.39529929,-0.55194438,7.4894166,2.4787719,70.025406,15.976467,0.0,7.3308334,6.7540002,14.935956
29,Russia,2014,0.080855019,7.823,0.033862446,-3.144932,-0.53306884,4.1129928,11.2,1.8396155,34.93819,-0.27097645,0.49011233,9.4359169,21.00041,80.853844,20.12565,0.0,8.4641666,7.823,1.8396155
29,Russia,2015,-0.19887166,15.534,0.0016014068,-0.70025164,-0.50577521,4.8715148,13.541,11.700102,35.273453,-0.12521733,-0.063480414,14.756667,59.050537,94.918381,22.883078,0.0,10.886666,15.534,11.700102
29,Russia,2016,-0.18617557,7.0419998,-0.0083253263,-2.5930138,-0.61388332,5.4251475,14.242,9.664794,36.586208,0.0027467338,-0.23003712,11.6025,9.2004728,84.358536,21.336758,0.0,10.438334,7.0419998,9.664794
29,Russia,2017,0.17221166,3.6830001,-0.0011248158,-1.2242191,-0.46796629,4.2489963,16.325001,10.837366,34.83017,-0.12705404,0.45768139,9.1208334,-12.869367,86.290787,24.243078,0.0,8.9925003,3.6830001,10.837366
29,Russia,2018,-0.069538176,2.878,0.017083688,4.5511403,-0.24713112,3.7198224,16.169001,11.296508,32.620975,-0.18315828,0.15942331,7.5591664,7.6141047,67.708572,20.027065,0.0,8.1875,2.878,11.296508
29,Russia,2019,-0.23323968,4.4699998,0.029895077,3.3320558,-0.18096575,3.8603375,17.275999,9.7858582,33.752262,-0.37275597,0.067107871,7.6883335,3.0438685,69.926216,21.620779,0.0,7.6991668,4.4699998,9.7858582
29,Russia,2020,-0.62404275,3.382,-0.0038655347,1.2645313,-0.23728548,4.1447172,22.992001,13.56793,39.152565,-0.56249869,-0.41195461,7.6883335,11.779377,66.154915,17.500834,0.0,6.5841665,3.382,13.56793
29,Russia,2021,-0.52260184,6.6939998,0.048507541,7.1395669,0.53877765,3.5759168,21.028999,12.861807,34.669888,-0.5420416,-0.22224526,6.4099998,1.8501937,58.633369,16.262138,0.0,7.5349998,6.6939998,12.861807
29,Russia,2022,3.1839211,13.75,0.029732903,0.65416521,6.9548154,4.6072888,19.288,24.316717,35.558132,2.1581438,3.8148041,,-6.7364268,112.93623,42.927361,3.3301713,10.148334,13.75,24.316717
29,Russia,2023,1.4121418,5.8590002,0.06504897,0.084319495,1.5483924,5.4023185,18.503,19.405933,36.528725,1.14684,1.5537286,,24.877817,99.392548,34.836773,0.0,11.575,5.8590002,19.405933
30,Saudi Arabia,1900,-0.73428047,,,,-0.52674049,,,,,-0.67952907,-0.69277811,,,72.415619,21.786692,0.0,,,
30,Saudi Arabia,1901,-0.73428047,,,,-0.52674049,,,,,-0.67952907,-0.69277811,,,43.076683,12.175447,0.0,,,
30,Saudi Arabia,1902,-0.72606719,,,,-0.52674049,,,,,-0.66322303,-0.69277811,,,43.4799,11.186941,0.0,,,
30,Saudi Arabia,1903,-0.73428047,,,,-0.52674049,,,,,-0.67952907,-0.69277811,,,49.491287,13.506522,0.0,,,
30,Saudi Arabia,1904,-0.72499841,,,,-0.52674049,,,,,-0.66110122,-0.69277811,,,76.692307,24.680382,0.0,,,
30,Saudi Arabia,1905,-0.72505271,,,,-0.52674049,,,,,-0.67952907,-0.68028337,,,54.05724,16.150036,0.0,,,
30,Saudi Arabia,1906,-0.72514015,,,,-0.52674049,,,,,-0.67952907,-0.68040174,,,40.733101,9.3130054,0.0,,,
30,Saudi Arabia,1907,-0.73428047,,,,-0.52674049,,,,,-0.67952907,-0.69277811,,,34.413788,7.3408155,0.0,,,
30,Saudi Arabia,1908,-0.73428047,,,,-0.52674049,,,,,-0.67952907,-0.69277811,,,32.829559,7.8200188,0.0,,,
30,Saudi Arabia,1909,-0.73428047,,,,-0.52674049,,,,,-0.67952907,-0.69277811,,,30.923229,6.9630837,0.0,,,
30,Saudi Arabia,1910,-0.73428047,,,,-0.52674049,,,,,-0.67952907,-0.69277811,,,30.885345,6.0927792,0.0,,,
30,Saudi Arabia,1911,-0.71806347,,,,-0.52674049,,,,,-0.66343105,-0.68179888,,,52.696037,13.355597,0.0,,,
30,Saudi Arabia,1912,-0.73428047,,,,-0.52674049,,,,,-0.67952907,-0.69277811,,,53.76284,13.128699,0.0,,,
30,Saudi Arabia,1913,-0.73428047,,,,-0.52674049,,,,,-0.67952907,-0.69277811,,,49.213394,11.663315,0.0,,,
30,Saudi Arabia,1914,-0.72613716,,,,-0.52674049,,,,,-0.67952907,-0.68175173,,,199.27412,68.084221,0.0,,,
30,Saudi Arabia,1915,-0.72614604,,,,-0.52674049,,,,,-0.67952907,-0.68176377,,,269.59604,89.414505,0.0,,,
30,Saudi Arabia,1916,-0.67630762,,,,-0.52674049,,,,,-0.56443411,-0.67035025,,,260.30356,77.053246,0.0,,,
30,Saudi Arabia,1917,-0.72582555,,,,-0.52674049,,,,,-0.66274327,-0.69277811,,,296.97101,91.273727,0.0,,,
30,Saudi Arabia,1918,-0.71635622,,,,-0.52674049,,,,,-0.64394361,-0.68064302,,,331.62021,104.95396,0.0,,,
30,Saudi Arabia,1919,-0.72509354,,,,-0.52674049,,,,,-0.66129005,-0.68033868,,,166.6438,50.376736,0.0,,,
30,Saudi Arabia,1920,-0.73428047,,,,-0.52674049,,,,,-0.67952907,-0.69277811,,,102.06319,26.757898,0.0,,,
30,Saudi Arabia,1921,-0.73428047,,,,-0.52674049,,,,,-0.67952907,-0.69277811,,,72.843681,19.307148,0.0,,,
30,Saudi Arabia,1922,-0.73428047,,,,-0.52674049,,,,,-0.67952907,-0.69277811,,,64.923538,14.995124,0.0,,,
30,Saudi Arabia,1923,-0.71897596,,,,-0.52674049,,,,,-0.67952907,-0.67205524,,,58.87146,15.775397,0.0,,,
30,Saudi Arabia,1924,-0.72060817,,,,-0.52674049,,,,,-0.66595709,-0.68352169,,,49.706013,11.564925,0.0,,,
30,Saudi Arabia,1925,-0.7207557,,,,-0.52674049,,,,,-0.65267801,-0.69277811,,,45.767529,11.633334,0.0,,,
30,Saudi Arabia,1926,-0.73428047,,,,-0.51504081,,,,,-0.67952907,-0.69277811,,,37.680462,9.5210533,0.0,,,
30,Saudi Arabia,1927,-0.73428047,,,,-0.52674049,,,,,-0.67952907,-0.69277811,,,45.88192,11.878044,0.0,,,
30,Saudi Arabia,1928,-0.72876441,,,,-0.52674049,,,,,-0.66857785,-0.69277811,,,37.190571,9.0253839,0.0,,,
30,Saudi Arabia,1929,-0.73428047,,,,-0.52674049,,,,,-0.67952907,-0.69277811,,,40.538773,10.700555,0.0,,,
30,Saudi Arabia,1930,-0.72871894,,,,-0.52674049,,,,,-0.66848767,-0.69277811,,,42.976971,10.80827,0.0,,,
30,Saudi Arabia,1931,-0.72890615,,,,-0.52674049,,,,,-0.67952907,-0.6855011,,,44.57341,11.339882,0.0,,,
30,Saudi Arabia,1932,-0.72859025,,,,-0.52674049,,,,,-0.66823208,-0.69277811,,,59.718971,16.207739,0.0,,,
30,Saudi Arabia,1933,-0.72322017,,,,-0.52674049,,,,,-0.66854995,-0.6852901,,,52.87656,13.82379,0.0,,,
30,Saudi Arabia,1934,-0.70288509,,,,-0.52674049,,,,,-0.62758738,-0.67152286,,,52.097977,12.008278,0.0,,,
30,Saudi Arabia,1935,-0.7181617,,,,-0.52674049,,,,,-0.67952907,-0.67095262,,,82.748703,24.674612,0.0,,,
30,Saudi Arabia,1936,-0.72375989,,,,-0.52674049,,,,,-0.65864229,-0.69277811,,,91.402847,28.313055,0.0,,,
30,Saudi Arabia,1937,-0.72332984,,,,-0.52674049,,,,,-0.66865879,-0.68536437,,,87.478371,28.408676,0.0,,,
30,Saudi Arabia,1938,-0.70496696,,,,-0.52674049,,,,,-0.66788971,-0.65308648,,,102.05727,35.272354,0.0,,,
30,Saudi Arabia,1939,-0.69986624,,,,-0.51415461,,,,,-0.63398015,-0.67724538,,,191.01532,69.71994,0.0,,,
30,Saudi Arabia,1940,-0.65878624,,,,-0.52674049,,,,,-0.55105996,-0.67087334,,,200.07191,75.945869,0.0,,,
30,Saudi Arabia,1941,-0.63004673,,,,-0.48923504,,,,,-0.49558425,-0.65357351,,,241.92404,82.291801,0.0,,,
30,Saudi Arabia,1942,-0.71129853,,,,-0.52674049,,,,,-0.64530909,-0.67721891,,,306.14059,90.516029,0.0,,,
30,Saudi Arabia,1943,-0.68799967,,,,-0.46439421,,,,,-0.5876466,-0.69277811,,,344.39383,103.30069,0.0,,,
30,Saudi Arabia,1944,-0.64323151,,,,-0.082288951,,,,,-0.5740847,-0.62086254,,,376.73724,115.92468,0.0,,,
30,Saudi Arabia,1945,-0.56524915,,,,-0.40016261,,,,,-0.46067113,-0.58331609,,,240.73561,76.010292,0.0,,,
30,Saudi Arabia,1946,-0.55979276,,,,-0.30706343,,,,,-0.53839707,-0.53526926,,,122.23141,36.943428,0.0,,,
30,Saudi Arabia,1947,-0.50006092,,,,0.057247974,,,,,-0.50358242,-0.46992123,,,99.266258,26.285048,0.0,,,
30,Saudi Arabia,1948,-0.27936253,,,,-0.076669499,,,,,-0.29599538,-0.26243809,,,114.34803,32.191494,0.0,,,
30,Saudi Arabia,1949,-0.56303996,,,-18.117258,-0.36550266,,,,,-0.59746778,-0.51687944,,,83.723862,22.964281,0.0,,,
30,Saudi Arabia,1950,-0.5951308,,-0.11065052,-15.948174,-0.44789121,,,,,-0.59895402,-0.54361695,,,142.74683,42.878204,0.0,,,
30,Saudi Arabia,1951,-0.57367808,,-0.10368922,9.1329479,-0.19088696,3.7161362,,,,-0.58505559,-0.52364099,,,154.43521,48.729267,0.0,,,
30,Saudi Arabia,1952,-0.63839066,,-0.11853446,16.76816,-0.39276764,2.8185728,,,,-0.65573251,-0.57916933,,,105.07939,31.547461,0.0,,,
30,Saudi Arabia,1953,-0.56073284,,-0.09675701,4.5113792,-0.43401688,4.9173946,,,,-0.53695726,-0.5388189,,0.0,101.92927,31.810886,0.0,,,
30,Saudi Arabia,1954,-0.60495222,,-0.060668554,3.5308506,-0.47288698,15.851934,,,,-0.6183961,-0.55101794,,0.0,91.05645,27.99752,0.0,,,
30,Saudi Arabia,1955,-0.42197633,,-0.10960548,2.0504351,-0.44620755,18.485138,,,,-0.5093261,-0.33623889,,0.0,89.117783,26.197561,0.0,,,
30,Saudi Arabia,1956,0.3090913,,-0.11042842,11.369807,-0.11610496,14.184402,,,,-0.070972718,0.47255483,,0.0,101.25542,33.975994,0.0,,,
30,Saudi Arabia,1957,0.49170148,,-0.14702018,18.416382,-0.15682705,9.8836679,,,,-0.14524236,0.72431916,,0.0,99.325577,31.184883,0.0,,,
30,Saudi Arabia,1958,-0.4656311,,-0.17050326,12.175609,-0.37787923,20.982588,,,,-0.5554927,-0.37977371,,0.0,115.22129,32.063084,0.0,,,
30,Saudi Arabia,1959,-0.64723736,,-0.14375927,2.5292399,-0.47317547,6.453311,,,,-0.61781162,-0.61701107,,0.0,82.10849,22.251703,0.0,,,
30,Saudi Arabia,1960,-0.65335399,,-0.11986968,2.1083188,-0.48912761,5.5455503,,,,-0.63362467,-0.61450839,,20.0,86.417786,23.367521,0.0,,,
30,Saudi Arabia,1961,-0.55912536,,-0.078850031,2.2909043,-0.47520995,4.8553882,,9.0190001,,-0.61957395,-0.48014566,,0.0,126.08382,34.455425,0.0,,,9.0190001
30,Saudi Arabia,1962,-0.47040138,,-0.037211519,-18.211788,-0.51463342,3.6857967,,11.182,,-0.38848138,-0.47839648,,0.0,124.72618,32.953407,0.0,,,11.182
30,Saudi Arabia,1963,-0.36895749,,-0.024922401,-11.805912,-0.4776341,5.9026976,,20.687,,-0.42567939,-0.33002618,,0.0,117.54991,30.062923,0.0,,,20.687
30,Saudi Arabia,1964,-0.6187306,2.8,-0.011332068,-13.1028,-0.46959427,5.9663053,,8.401,,-0.58121306,-0.59592247,,0.0,90.5354,25.254942,0.0,,2.8,8.401
30,Saudi Arabia,1965,-0.47222134,0.38910505,0.031893387,-12.866548,-0.38606429,7.6900892,,11.75,,-0.41361201,-0.48776039,,0.0,99.786484,27.790848,0.0,,0.38910505,11.75
30,Saudi Arabia,1966,-0.45854732,1.5503876,0.096760742,-10.50828,-0.34467715,11.324231,,18.455999,,-0.57219183,-0.3779898,,0.0,90.635468,26.319773,0.0,,1.5503876,18.455999
30,Saudi Arabia,1967,0.20266603,2.0992367,0.11033751,-8.8023796,-0.098919325,11.511831,,14.259,,0.17899862,0.13297866,,0.0,112.60692,34.125923,0.0,,2.0992367,14.259
30,Saudi Arabia,1968,-0.54117006,1.5887851,0.12497208,-8.6138306,-0.4580273,8.0874548,,15.711,,-0.56676823,-0.48513293,,0.0,104.20105,27.184748,0.0,,1.5887851,15.711
30,Saudi Arabia,1969,-0.31348118,3.4958601,0.12834081,-7.843915,-0.46966705,9.5705156,,5.9029999,,-0.42333257,-0.21416385,,0.0,95.787491,25.912237,0.0,,3.4958601,5.9029999
30,Saudi Arabia,1970,-0.28505909,0.17777778,0.14790908,-8.5160789,-0.36487365,9.4035273,,6.0089998,13.425756,-0.25590011,-0.32782,,0.0,102.82236,28.361584,0.0,,0.17777778,6.0089998
30,Saudi Arabia,1971,-0.42306846,4.4749999,0.21253693,-8.8733025,-0.32306978,8.6401939,,14.063,10.982051,-0.43000987,-0.41725168,,-0.29269326,87.422432,23.920935,0.0,,4.4749999,14.063
30,Saudi Arabia,1972,-0.61284399,4.3311796,0.28593829,-0.80359399,-0.20981883,10.081552,,40.605,10.872543,-0.53487456,-0.58589876,,-7.6240001,87.485275,23.409016,0.0,,4.3311796,40.605
30,Saudi Arabia,1973,0.88233507,16.513762,0.3967663,40.085045,4.0015116,10.840447,,35.070999,11.737566,0.58175105,0.90477991,,-10.571534,76.668312,23.127077,0.0,,16.513762,35.070999
30,Saudi Arabia,1974,0.67662281,21.437008,0.46846902,-4.2603884,3.3016238,4.4629188,,43.549,5.5303335,0.015144147,0.88140714,,-4.2246127,70.567474,19.471786,0.0,,21.437008,43.549
30,Saudi Arabia,1975,0.38854641,34.576107,0.38480598,14.814115,0.69539386,8.911397,,81.886002,10.606915,0.074961394,0.39875671,,-0.91233724,79.141571,24.354696,0.0,,34.576107,81.886002
30,Saudi Arabia,1976,0.34308848,31.558661,0.3738932,3.8835499,0.29716903,11.530221,,66.528999,11.649018,0.23715426,0.29519239,,0.35217047,69.23243,19.976845,0.0,,31.558661,66.528999
30,Saudi Arabia,1977,0.35241112,11.399012,0.41310713,10.049915,1.1808444,15.648818,,53.862999,13.784359,0.076121122,0.41265669,,-0.13980244,68.475105,19.869757,0.0,,11.399012,53.862999
30,Saudi Arabia,1978,0.91643631,-1.5836018,0.36571091,11.157212,0.93222851,16.736574,,27.384001,17.491465,0.6017859,0.85333091,,-3.5603049,81.370934,24.092497,0.0,,-1.5836018,27.384001
30,Saudi Arabia,1979,0.85232657,1.0815669,0.32427818,9.5284395,6.8193126,15.768812,,13.698,15.090574,0.052497044,1.0773237,,-1.1391144,86.351082,24.230335,0.0,,1.0815669,13.698
30,Saudi Arabia,1980,1.456214,4.402,0.31813776,11.379601,1.89089,12.613359,,17.360001,10.392852,0.92740804,1.4991615,,-1.0144809,102.05772,28.315945,0.0,,4.402,17.360001
30,Saudi Arabia,1981,1.995267,3.589,0.29930985,13.740701,1.1365691,13.265239,,32.999001,13.441721,1.3821845,2.0349765,,1.6762979,101.66919,29.842377,0.0,,3.589,32.999001
30,Saudi Arabia,1982,1.1949558,1.8660001,0.22494201,10.893723,0.25840482,17.720247,,20.195999,19.107216,1.0165248,1.130443,,1.3499711,124.11795,36.166832,0.0,,1.8660001,20.195999
30,Saudi Arabia,1983,0.52561271,0.57599998,0.021651395,7.4136796,0.082150511,16.972927,,10.742,22.045103,0.77540898,0.21116902,,0.77557284,103.87984,28.955366,0.0,,0.57599998,10.742
30,Saudi Arabia,1984,0.92132133,-0.676,-0.068153709,1.2475766,0.2534315,19.004349,,6.0229998,22.5084,1.1891211,0.66665059,,1.9987565,88.389366,21.762281,0.0,,-0.676,6.0229998
30,Saudi Arabia,1985,-0.10306948,-2.309,-0.22452846,-11.537607,0.035461847,16.995201,,1.142,26.187641,0.074490376,-0.22197726,,2.7903032,92.283493,22.448572,0.0,,-2.309,1.142
30,Saudi Arabia,1986,0.14742866,-3.1210001,-0.36691692,-15.507852,0.16343039,19.879555,,9.2189999,29.409138,0.35016459,-0.046684343,,2.3222163,91.707932,24.204824,0.0,,-3.1210001,9.2189999
30,Saudi Arabia,1987,0.6429885,-2.3940001,-0.39513919,-9.7381592,-0.15399392,16.896414,,4.1139998,29.785084,0.64189273,0.63135356,,1.1804397,85.342255,19.60611,0.0,,-2.3940001,4.1139998
30,Saudi Arabia,1988,0.038295839,-0.34999999,-0.43400884,-10.930544,-0.17346093,15.151882,,6.4159999,26.412088,0.087378509,-0.0087904288,,0.053335827,72.833328,15.503558,0.0,,-0.34999999,6.4159999
30,Saudi Arabia,1989,-0.081201755,1.212,-0.46542844,-5.3499956,-0.22796038,13.390317,,0.87300003,29.37018,0.052886453,-0.085247651,,-0.02318735,81.248924,17.021328,0.0,,1.212,0.87300003
30,Saudi Arabia,1990,5.0142584,-1.056,-0.37670472,-5.1705103,3.2045829,14.024293,,4.5819998,24.226295,2.2420485,6.4045615,,0.0039152429,100.47716,24.498262,5.0574102,,-1.056,4.5819998
30,Saudi Arabia,1991,4.2434053,3.8800001,-0.24334171,-1.8750982,1.6340107,12.469808,39.352001,14.554,30.52784,5.5460329,3.2302907,,0.0093301153,115.19403,25.94422,0.0,,3.8800001,14.554
30,Saudi Arabia,1992,0.15194358,-1.028,-0.20785223,-1.1677459,-0.032529891,11.284158,47.799,2.0550001,22.183857,-0.17382094,0.29163864,,-0.024467025,75.940979,17.793297,0.0,,-1.028,2.0550001
30,Saudi Arabia,1993,-0.2444433,1.2410001,-0.22269273,-8.1284704,-0.28916502,12.465372,58.598999,3.381,20.496429,-0.31100807,-0.17613435,,0.058042359,86.624359,19.436949,0.0,,1.2410001,3.381
30,Saudi Arabia,1994,-0.14208254,1.363,-0.21628472,-15.53026,-0.21259044,10.644782,67.870003,4.4729071,19.903423,-0.29112637,-0.034107905,,-0.021879524,88.633369,19.974339,0.0,,1.363,4.4729071
30,Saudi Arabia,1995,-0.30733645,5.1360002,-0.21187021,-10.215116,-0.30959788,9.2784681,74.248001,4.7261448,19.150782,-0.40031219,-0.20989533,,-0.042510465,75.088799,15.388751,0.0,,5.1360002,4.7261448
30,Saudi Arabia,1996,0.29348198,0.27000001,-0.18194759,-8.2490416,-0.25977069,8.4680777,75.206001,9.5880213,19.534081,0.33556548,0.25828624,,0.00042592114,61.413044,12.082837,0.0,,0.27000001,9.5880213
30,Saudi Arabia,1997,-0.011356212,-0.24600001,-0.1658407,-9.3510294,-0.33317018,11.000936,76.704002,6.6600857,21.641962,-0.015608727,-0.0069046086,,0.001201474,39.673115,9.945735,0.0,,-0.24600001,6.6600857
30,Saudi Arabia,1998,0.39914331,-0.42199999,-0.13165101,-18.077093,-0.22369307,14.311037,101.523,2.0768237,23.498373,0.32056639,0.43772152,,0.013254196,51.792046,13.319923,0.0,,-0.42199999,2.0768237
30,Saudi Arabia,1999,-0.20146789,-2.1229999,-0.16453354,-15.935222,-0.35543275,11.381936,102.992,7.5390825,20.34487,-0.10923358,-0.22854118,,-0.012718529,58.142807,15.326591,0.0,,-2.1229999,7.5390825
30,Saudi Arabia,2000,-0.19480817,-1.035,-0.1049734,-5.2214189,0.37790394,10.534403,86.702003,5.695003,21.429813,-0.082696669,-0.20208281,,0.0022694115,45.607391,10.468613,0.0,,-1.035,5.695003
30,Saudi Arabia,2001,1.4125514,-1.119,-0.11312301,-9.4226828,0.065664299,11.419004,93.148003,5.9078112,23.301796,2.4923108,0.78217942,,-0.004564147,111.46019,22.844213,1.5391446,,-1.119,5.9078112
30,Saudi Arabia,2002,1.5501883,0.111,-0.13824739,-7.9770141,0.016256373,9.7580643,96.351997,14.89959,20.907976,2.2689404,0.9860695,,-0.0041829329,111.12048,23.316755,0.0,,0.111,14.89959
30,Saudi Arabia,2003,1.6203007,0.479,-0.027907869,-2.3154156,0.26242667,8.6871185,81.564003,8.2164307,20.882467,2.5261641,1.1458858,,-0.00095995329,135.32417,30.646082,0.0,,0.479,8.2164307
30,Saudi Arabia,2004,1.1975132,0.294,0.053702373,3.3701148,0.24043867,8.0815554,62.928001,21.103025,19.469067,2.2584748,0.56708956,,-0.00053401885,110.70305,22.570686,0.0,,0.294,21.103025
30,Saudi Arabia,2005,0.27085045,0.57300001,0.11483835,10.684581,0.3504135,7.7305989,37.341999,9.9067001,18.345694,0.66854984,-0.021357886,,0.0062938277,83.537979,17.518223,0.0,,0.57300001,9.9067001
30,Saudi Arabia,2006,0.1999435,1.904,0.088031411,19.128973,-0.016549358,7.8483653,25.830999,20.171808,18.584337,0.23865815,0.19020034,,0.0014684673,86.026413,20.238585,0.0,,1.904,20.171808
30,Saudi Arabia,2007,0.43325567,4.9759998,0.052536678,24.510302,0.057063293,8.52705,17.115,23.84276,18.871864,0.27373588,0.38167968,,-0.092734575,84.868973,17.081469,0.0,,4.9759998,23.84276
30,Saudi Arabia,2008,-0.038610831,6.1209998,0.057567541,26.223558,0.44022,7.3534365,12.056,19.243362,17.16754,0.14914919,-0.15020673,,0.10351653,71.192848,15.562593,0.0,,6.1209998,19.243362
30,Saudi Arabia,2009,0.067354657,4.2620001,-0.0067969658,15.461755,-0.17132984,9.6171999,13.989,6.6748848,20.575106,0.26264268,-0.076244995,,-0.017034693,69.581642,16.203825,0.0,,4.2620001,6.6748848
30,Saudi Arabia,2010,0.22287022,3.698,0.03850361,13.64688,-0.11825473,8.5656776,8.4259996,9.5825539,19.259058,0.16201256,0.24220768,0.38291666,-0.0039733197,73.838913,18.066689,0.0,,3.698,9.5825539
30,Saudi Arabia,2011,1.0892353,3.744,0.091202006,15.958935,0.20047763,7.172399,5.3400002,16.863651,19.612314,0.96861011,1.0557761,0.33219168,0.0030134856,75.721146,18.112303,0.0,,3.744,16.863651
30,Saudi Arabia,2012,0.95213652,2.8659999,0.092805088,13.853919,-0.059683848,7.6158075,3.0120001,13.216991,22.743124,0.94548333,0.90278828,0.38571668,0.00010807534,69.216782,17.346159,0.0,,2.8659999,13.216991
30,Saudi Arabia,2013,0.71400827,3.53,0.05603677,12.88784,0.025546571,8.8901911,2.1270001,11.000392,25.926065,0.57668036,0.63996762,0.48988667,0.0014685516,70.025406,16.926615,0.0,,3.53,11.000392
30,Saudi Arabia,2014,0.69059312,2.2360001,0.06000625,11.168694,0.076511607,10.535061,1.541,14.375739,26.467396,0.72045666,0.58688307,0.51577502,0.015702464,80.853844,22.190956,0.0,,2.2360001,14.375739
30,Saudi Arabia,2015,2.6184919,1.206,0.043355551,0.81648117,1.0129371,13.022839,5.6680002,2.4418676,28.995455,3.1466823,2.2295074,0.46629417,0.0081614563,94.918381,23.882662,2.1007724,,1.206,2.4418676
30,Saudi Arabia,2016,1.4134551,2.069,0.013221974,-7.8138051,-0.054924469,9.560482,12.676,3.2895656,25.511333,2.1745687,0.71437615,1.1213075,-0.013703009,84.358536,22.743454,0.0,,2.069,3.2895656
30,Saudi Arabia,2017,1.8641245,-0.838,0.015346598,-5.6411562,0.22345121,9.8462267,16.532,-1.0674452,23.730309,1.8417546,1.807395,1.1468874,-0.015624588,86.290787,26.077602,0.0,,-0.838,-1.0674452
30,Saudi Arabia,2018,1.6151074,2.4579999,0.064467028,-5.4975767,0.80891991,8.8133354,17.639,1.9600432,23.500158,0.93977469,1.8281443,1.54803,-0.0032805321,67.708572,21.555349,0.0,,2.4579999,1.9600432
30,Saudi Arabia,2019,2.2391551,-2.0929999,0.077768579,-7.2240663,0.58429599,7.7945886,21.558001,7.4314127,22.526438,1.4339751,2.6126409,,0.0,69.926216,22.687235,0.0,,-2.0929999,7.4314127
30,Saudi Arabia,2020,0.70995814,3.4449999,-0.016126994,-15.892619,0.36434266,8.7921743,30.997,9.6217909,27.917439,0.31229845,0.93070257,,0.0,66.154915,18.433901,0.0,,3.4449999,9.6217909
30,Saudi Arabia,2021,0.24243575,3.063,0.065604836,-11.939245,0.95776039,7.2292199,28.615,4.994607,20.542439,-0.18090357,0.50378078,,0.0,58.633369,17.50733,0.0,,3.063,4.994607
30,Saudi Arabia,2022,1.1679676,2.474,0.12937866,-5.3869338,2.5516021,6.3974223,23.816,6.0871797,17.097439,0.99268842,1.3575455,,0.0,112.93623,49.796345,0.0,,2.474,6.0871797
30,Saudi Arabia,2023,1.6778002,2.3269999,0.083738565,-7.4196959,1.3057034,7.2842426,26.235001,9.5515203,21.152439,2.1590595,1.6570064,,0.0,99.392548,38.711807,0.0,,2.3269999,9.5515203
31,South Africa,1900,6.0574555,4.1095891,,,2.7279613,,190.27562,,,6.938026,3.5297782,,,72.415619,20.448269,0.0,,4.1095891,
31,South Africa,1901,1.7444134,9.2105265,,,0.34659457,,122.82564,,,2.2018051,0.75194836,,0.0,43.076683,11.666835,0.0,,9.2105265,
31,South Africa,1902,0.59455776,2.4096386,,,0.73151928,,90.823868,,,0.71093094,0.26318178,,0.0,43.4799,10.902192,0.0,,2.4096386,
31,South Africa,1903,-0.40637162,-8.2352943,,,0.094741642,,114.12118,,,-0.36623347,-0.41501063,,0.19479269,49.491287,13.411711,0.0,,-8.2352943,
31,South Africa,1904,-0.38809115,-5.1282053,,,-0.60650164,,96.781868,,,-0.087287374,-0.6518352,,-0.19441397,76.692307,24.585033,0.0,,-5.1282053,
31,South Africa,1905,-0.60663044,-6.7567568,,,-0.8806054,,80.068314,,,-0.50576168,-0.54977441,,0.0,54.05724,16.096716,0.0,,-6.7567568,
31,South Africa,1906,-0.59415168,-7.246377,,,-0.65631825,,65.902328,,,-0.45926401,-0.63016123,,0.41393083,40.733101,9.2572565,0.0,,-7.246377,
31,South Africa,1907,-0.70126599,-1.5625,,,-0.70840269,,58.977642,,,-0.5337013,-0.73479629,,-0.21823481,34.413788,7.3027406,0.0,,-1.5625,
31,South Africa,1908,-0.70640099,-1.5873016,,,-0.95885664,,64.14473,,,-0.57005239,-0.68073511,,-0.19441397,32.829559,7.7829318,0.0,,-1.5873016,
31,South Africa,1909,-0.71231389,4.8387098,,,-0.6356051,,58.751354,,,-0.5415222,-0.71892035,,0.0,30.923229,6.9271345,0.0,,4.8387098,
31,South Africa,1910,-0.84589607,15.384615,,,-1.0576751,,75.218224,,,-0.63767552,-0.86752045,,0.19479269,30.885345,6.0825305,0.0,,15.384615,
31,South Africa,1911,-0.73681611,4.0,0.38637877,3.8018019,-1.1025918,,86.176872,,,-0.57233298,-0.75303298,,0.0,52.696037,13.329568,0.0,,4.0,
31,South Africa,1912,-0.68667299,2.5641026,0.36149442,5.5704689,-0.61467099,,83.435364,,,-0.45400041,-0.76935875,,-0.19441397,53.76284,13.087816,0.0,,2.5641026,
31,South Africa,1913,-0.74579799,1.25,0.25811538,7.2425256,-1.0179898,,87.377403,,15.912,-0.52420121,-0.84196675,,0.0,49.213394,11.633808,0.0,,1.25,
31,South Africa,1914,0.6905275,1.2345679,0.17294773,4.7459888,-0.75699842,,100.343,,22.5082,1.2803988,-0.043917984,,-1.2174325,199.27412,67.780983,0.0,,1.2345679,
31,South Africa,1915,0.3087714,4.8780489,0.064620428,-3.9984829,-0.48648855,,108.065,,23.648199,0.91251123,-0.36445197,,3.5740676,269.59604,89.184715,0.0,,4.8780489,
31,South Africa,1916,0.054293778,5.8139534,0.0342439,6.0551877,-0.46192673,,99.160301,,15.3936,0.65700394,-0.61017972,,-0.21418381,260.30356,76.888412,0.0,,5.8139534,
31,South Africa,1917,-0.17970385,9.89011,-0.035578679,12.005637,-0.51495284,,94.101303,,15.84,0.23816635,-0.39032003,,0.21464354,296.97101,91.138023,0.0,,9.89011,
31,South Africa,1918,-0.2711257,7.0,-0.051181469,4.2585664,-0.38159505,,88.0,,16.394199,0.08118093,-0.58536136,,0.0,331.62021,104.83888,0.0,,7.0,
31,South Africa,1919,-0.3933278,10.280374,0.040780973,8.9459066,-0.22963557,,75.459602,,15.6213,-0.21506102,-0.44825366,,7.4488358,166.6438,50.282364,0.0,,10.280374,
31,South Africa,1920,-0.64025956,23.728813,-0.25840485,3.3884091,-0.69065678,0.54947573,70.415802,,18.5305,-0.38717413,-0.809856,,21.018829,102.06319,26.708086,0.0,,23.728813,
31,South Africa,1921,-0.61322433,-9.5890408,-0.17042387,0.84237957,-1.1438204,0.6897012,85.938904,,20.162901,-0.48517162,-0.63749897,,-4.9231319,72.843681,19.252134,0.0,,-9.5890408,
31,South Africa,1922,-0.57062757,-14.187557,-0.14452034,3.0912232,-0.74941397,0.42242762,100.077,,20.045601,-0.44061995,-0.57226992,,-13.089512,64.923538,14.931915,0.0,,,
31,South Africa,1923,-0.74595112,-2.7272727,-0.081029356,6.7669249,-0.60769111,0.39884537,96.025101,,18.448601,-0.59981114,-0.76199555,,-3.2779651,58.87146,15.750833,0.0,,-2.7272727,
31,South Africa,1924,-0.62541795,1.8691589,-0.056299195,-6.3784671,-0.85007209,0.42770472,91.902496,,17.5828,-0.42980462,-0.62455279,,3.6180444,49.706013,11.516646,0.0,,1.8691589,
31,South Africa,1925,-0.80890018,-0.91743118,-0.062108245,-3.641206,-0.76760381,0.42790425,90.949699,,17.6164,-0.62946326,-0.81743085,5.5,-8.486187,45.767529,11.62031,0.0,,-0.91743118,
31,South Africa,1926,-0.75118995,-1.8518518,-0.059310559,-5.8109417,-0.90250206,0.42721739,91.7658,,17.837799,-0.55021715,-0.82343048,5.5,-0.62786388,37.680462,9.4925842,0.0,,-1.8518518,
31,South Africa,1927,-0.78329766,0.94339621,-0.069426984,-3.0403762,-1.0039512,0.4081459,90.617203,,17.069,-0.60917199,-0.81487727,6.0,0.0,45.88192,11.855752,0.0,,0.94339621,
31,South Africa,1928,-0.75190729,0.0,-0.066279888,-2.7151644,-0.93864125,0.36384821,89.317802,,16.4725,-0.58429348,-0.75751948,5.5,-0.19441397,37.190571,8.9988232,0.0,,0.0,
31,South Africa,1929,-0.57847053,0.0,-0.096932366,-2.8103962,-0.98146409,0.35590771,91.709503,,16.8948,-0.39600259,-0.66574103,6.0,0.073050886,40.538773,10.638855,0.0,,0.0,
31,South Africa,1930,-0.75069433,-2.8037384,-0.14295492,-6.674376,-0.8108288,0.32274714,102.534,,18.7659,-0.55391461,-0.81867355,5.5,0.0,42.976971,10.78149,0.0,,-2.8037384,
31,South Africa,1931,-0.78259259,-3.8461537,-0.23434129,-10.51626,-0.73752534,0.3095611,116.817,,19.9195,-0.64414746,-0.77657938,6.0,0.0,44.57341,11.319179,0.0,,-3.8461537,
31,South Africa,1932,-0.72826934,-4.0,-0.28535071,-13.019517,-0.93371606,0.31661952,128.459,,20.3004,-0.56555915,-0.73666316,5.0,0.0,59.718971,16.176687,0.0,,-4.0,
31,South Africa,1933,-0.83457512,-2.0833333,-0.17986426,-7.5552969,-0.96279168,0.32610476,113.646,,21.1299,-0.68637651,-0.80368257,3.5,15.279802,52.87656,13.814914,0.0,,-2.0833333,
31,South Africa,1934,-0.80312854,1.0638298,-0.14750285,-8.3915329,-0.75752157,0.44521683,100.336,,19.767099,-0.63180834,-0.82421231,3.5,-15.787255,52.097977,11.999879,0.0,,1.0638298,
31,South Africa,1935,-0.46885744,-1.0526316,-0.014686822,-7.5122066,-0.81224257,0.44188488,80.293602,,18.2267,-0.50206208,-0.30919436,3.5,2.8320796,82.748703,24.596998,0.0,,-1.0526316,
31,South Africa,1936,-0.67096746,1.0638298,0.04306867,-8.6596546,-0.69399983,0.46911272,73.113403,,17.2099,-0.64535373,-0.55802935,0.75,-1.4379712,91.402847,28.272528,0.0,,1.0638298,
31,South Africa,1937,-0.57028508,1.0526316,0.016059034,-5.2019577,-0.34896344,0.52134824,70.973,,15.9459,-0.46931005,-0.57427937,0.75,0.56874239,87.478371,28.348917,0.0,3.2,1.0526316,
31,South Africa,1938,-0.54701573,4.1666665,0.011712102,-8.3960619,-0.77251697,0.78989768,72.699097,,17.2038,-0.56145436,-0.40228939,0.75,1.1556443,102.05727,35.214012,0.0,3.45,4.1666665,
31,South Africa,1939,0.44063744,0.0,0.040965565,-8.3860636,-0.71001297,0.42377818,71.870003,,17.7579,0.64907932,0.13393079,0.75,9.8444376,191.01532,69.473213,0.0,3.7,0.0,
31,South Africa,1940,0.93628299,3.5502958,0.032605466,-6.4423637,-0.26764542,1.4664223,74.8936,,28.308001,1.7519987,-0.12540942,0.75,9.8251839,200.07191,75.616966,0.0,3.4000001,3.5502958,
31,South Africa,1941,2.3762143,4.5714288,0.047952104,-5.7842045,1.2892047,5.0870428,75.194603,,26.2421,3.954783,-0.13228631,0.75,0.0,241.92404,81.695099,0.0,3.0,4.5714288,
31,South Africa,1942,1.1235515,8.7431698,0.012867318,-4.7003622,1.1915097,11.800399,76.537201,,29.013,2.2013044,-0.49310452,0.75,0.0,306.14059,90.134239,0.0,3.0,8.7431698,
31,South Africa,1943,-0.13800061,6.0301509,-0.026950011,-6.6240034,0.50418365,7.5448623,78.980301,,29.621799,0.22574727,-0.54123712,0.75,0.0,344.39383,103.1691,0.0,3.0,6.0301509,
31,South Africa,1944,-0.050972015,3.0805688,-0.037448466,-2.3047044,-0.53479654,7.2244482,84.736099,,29.6576,0.38260233,-0.57163596,0.75,0.0,376.73724,115.79072,0.0,3.05,3.0805688,
31,South Africa,1945,-0.18796183,2.9885058,-0.017020626,-3.0984955,0.08796984,6.8291759,84.645599,,28.462,0.1153397,-0.45858803,0.74000001,0.0,240.73561,75.927727,0.0,3.05,2.9885058,
31,South Africa,1946,-0.15515889,1.5625,0.0062868986,-0.62616056,2.9436097,2.9428072,79.936501,,24.997,-0.41044387,0.048878051,0.63,0.0,122.23141,36.856297,0.0,2.8900001,1.5625,
31,South Africa,1947,-0.45555919,3.956044,-0.01447051,-0.85551167,1.9823983,1.8537472,72.216301,,22.704201,-0.36616424,-0.45043704,0.63,0.0,99.266258,26.274887,0.0,2.6300001,3.956044,
31,South Africa,1948,-0.66001791,5.7082453,0.01628248,2.047226,0.42760763,1.6901954,66.822899,,24.249399,-0.56915122,-0.64999443,0.69,0.0,114.34803,32.291515,0.0,2.9000001,5.7082453,
31,South Africa,1949,-0.64300644,3.5999999,-0.000954071,2.6984613,-0.23996474,1.1349708,66.848099,-5.0223246,23.8274,-0.54483432,-0.63061386,0.87,14.641743,83.723862,22.969969,0.0,3.3299999,3.5999999,-5.0223246
31,South Africa,1950,-0.29938921,4.0540543,-0.060084276,7.0853467,-0.2251066,0.8241927,63.384899,20.446529,19.246799,-0.17964773,-0.31030232,1.0,25.543308,142.74683,42.807476,0.0,3.6300001,4.0540543,20.446529
31,South Africa,1951,1.8797312,7.2356215,-0.053290728,7.9296727,0.34339291,1.6205382,61.611099,2.4390292,18.412701,3.0431082,1.4914114,1.0,0.0,154.43521,48.246178,2.0242343,3.5999999,7.2356215,2.4390292
31,South Africa,1952,0.67075777,8.8235292,-0.063458927,6.1279044,0.084599689,1.7395424,59.361599,1.8095205,21.5121,1.201027,0.36588866,1.37,0.0,105.07939,31.276196,0.0,4.2800002,8.8235292,1.8095205
31,South Africa,1953,-0.40990102,3.4976153,-0.059409682,4.9387884,-0.25339386,1.3517711,57.696999,6.8288121,21.1978,-0.40028548,-0.39170179,1.6900001,0.0,101.92927,31.772465,0.0,4.5,3.4976153,6.8288121
31,South Africa,1954,-0.63200319,1.843318,-0.028488688,2.1538982,-0.38426536,1.2022891,56.693699,12.171636,18.6611,-0.60327661,-0.53210038,1.91,0.0,91.05645,27.987637,0.0,4.46,1.843318,12.171636
31,South Africa,1955,-0.73568857,3.1674209,-0.01942084,3.1703928,-0.71466589,1.2160519,55.584702,1.7174041,18.578199,-0.65241617,-0.65454662,2.51,0.0,89.117783,26.266363,0.0,4.3299999,3.1674209,1.7174041
31,South Africa,1956,-0.59426719,1.9005848,-0.0037782963,4.2317185,-0.038750228,1.2929434,53.898102,5.6791983,17.069599,-0.5606913,-0.53184038,3.21,0.0,101.25542,34.252266,0.0,4.73,1.9005848,5.6791983
31,South Africa,1957,-0.68962026,3.0129125,0.0013891549,4.0993805,-0.54278624,1.3002023,53.829601,6.8990607,17.865499,-0.57446933,-0.67735785,3.25,0.0,99.325577,31.538122,0.0,4.75,3.0129125,6.8990607
31,South Africa,1958,-0.69068009,3.4624417,-0.010561306,4.7169981,-0.85771221,0.98093957,55.4151,-1.4266299,18.7582,-0.6349085,-0.61425912,3.6300001,0.0,115.22129,32.109211,0.0,5.1458335,3.4624417,-1.4266299
31,South Africa,1959,-0.78505397,1.2195094,-0.004832963,4.7447572,-0.78846401,0.88067067,53.919899,8.9593391,18.2833,-0.68455893,-0.73783916,4.5999999,0.0,82.10849,22.257692,0.0,5.25,1.2195094,8.9593391
31,South Africa,1960,-0.23368056,1.288859,-0.035640772,4.6106176,-0.60973674,0.95097715,52.919899,-2.3402894,16.652599,-0.53283614,0.044764869,5.0999999,0.0,86.417786,23.265463,0.0,5.2933335,1.288859,-2.3402894
31,South Africa,1961,-0.03250346,2.1023741,-0.044421498,1.5710685,-0.73370647,1.4678491,52.8106,8.2253828,15.7159,-0.34957868,0.20635653,3.95,0.0,126.08382,34.344913,0.0,5.7733335,2.1023741,8.2253828
31,South Africa,1962,-0.17514516,1.2462853,-0.026671896,1.2312082,-0.82681358,2.2548373,45.652599,15.619389,15.9457,-0.49938893,0.1244175,3.95,0.0,124.72618,32.898815,0.0,5.3866668,1.2462853,15.619389
31,South Africa,1963,0.45198458,1.3379697,0.0052865669,2.9000387,-0.88840568,2.0646086,43.3876,9.1614971,15.9064,-0.52386832,1.2235309,4.1999998,0.0,117.54991,29.92024,0.0,4.75,1.3379697,9.1614971
31,South Africa,1964,-0.063720092,2.5349729,0.044625103,3.9055591,-0.071368404,2.6956089,30.0051,14.366997,11.2672,-0.27898368,0.060486853,5.0,0.0,90.5354,25.131298,0.0,4.7708335,2.5349729,14.366997
31,South Africa,1965,-0.005240656,4.0690289,0.068045452,3.4967661,0.020992087,2.6308289,42.7374,6.2136436,18.217501,-0.45457423,0.4114342,4.0441666,0.0,99.786484,27.702984,0.0,5.6041665,4.0690289,6.2136436
31,South Africa,1966,0.43591288,3.4892337,0.076107889,0.084670648,1.1902449,2.7048731,41.379501,8.8929996,18.252501,-0.44362235,1.0904359,4.2041669,0.0,90.635468,26.151423,0.0,6.25,3.4892337,8.8929996
31,South Africa,1967,-0.029639844,3.5389915,0.11140591,0.48226082,-0.08971186,2.7880185,41.0956,7.29,18.7976,-0.29044905,0.28567344,4.8641667,0.0,112.60692,34.259399,0.0,6.5,3.5389915,7.29
31,South Africa,1968,0.0011128623,1.9861355,0.11764315,-0.72845876,-0.4732917,2.7611752,42.672001,13.579,19.4405,-0.26538196,0.21935268,4.8966665,0.0,104.20105,27.073528,0.0,6.5,1.9861355,13.579
31,South Africa,1969,-0.55279344,3.2382245,0.12951571,-2.4224844,-0.50662148,2.6084793,44.360401,11.714,18.812599,-0.52293736,-0.48719668,4.6141667,0.0,95.787491,25.980679,0.0,6.5,3.2382245,11.714
31,South Africa,1970,0.075218506,4.9918771,0.14657299,-2.2928243,0.16131134,2.333745,43.2957,9.4169998,20.0499,-0.41883454,0.45864135,4.3933334,0.29987571,102.82236,28.318321,0.0,7.1458335,4.9918771,9.4169998
31,South Africa,1971,-0.20016477,5.9573979,0.15308414,-1.6264697,-0.24515106,2.4581931,41.091599,8.4329996,19.902,-0.46357661,0.045014594,5.3791666,-0.49634349,87.422432,23.886353,0.0,8.375,5.9573979,8.4329996
31,South Africa,1972,-0.41288444,6.4257083,0.1339334,-1.4084288,-0.35986072,2.3726687,41.1241,17.693001,22.9219,-0.36377564,-0.40113577,5.3041668,8.4647532,87.485275,23.354441,0.0,8.3533335,6.4257083,17.693001
31,South Africa,1973,-0.4354144,9.4339876,0.14425793,-1.0986931,1.5260949,2.6469097,38.1922,22.704,21.042101,-0.37096122,-0.38701349,3.1458333,-9.9384422,76.668312,23.556807,0.0,7.8325,9.4339876,22.704
31,South Africa,1974,-0.27768451,11.724126,0.1700974,6.4667311,1.3549502,3.0851994,33.698299,16.659,19.0578,-0.35770649,-0.13627031,5.4274998,-2.2678649,70.567474,19.805134,0.0,8.958333,11.724126,16.659
31,South Africa,1975,0.49390286,13.425941,0.15307403,7.3938432,-0.02874407,3.8749547,32.7985,19.438,21.2488,0.06043059,0.81668925,6.1183333,8.8483553,79.141571,24.447117,0.0,9.708333,13.425941,19.438
31,South Africa,1976,2.9813449,11.020391,0.14227583,6.3586488,0.7018137,4.7279906,34.9841,8.823,23.034599,1.7111573,3.6468153,7.4341664,17.534706,69.23243,19.576099,2.7853267,10.436666,11.020391,8.823
31,South Africa,1977,2.5614548,11.151964,0.10861859,5.5751419,0.3773275,5.2633348,45.2616,10.045,27.327,1.0496695,3.4376006,7.8724999,-0.11978979,68.475105,19.55279,0.0,11.008333,11.151964,10.045
31,South Africa,1978,2.2070975,11.135608,0.10648657,8.191328,0.5519616,4.5621991,44.736401,16.0,26.813999,1.4490331,2.8319259,7.8074999,-0.021500157,81.370934,24.024765,0.0,10.395833,11.135608,16.0
31,South Africa,1979,1.6641955,13.293658,0.1113808,11.210203,2.8607688,3.8630738,41.9282,16.891001,26.4758,0.89472312,2.2389247,5.2583332,-3.1174939,86.351082,24.246477,0.0,9.2600002,13.293658,16.891001
31,South Africa,1980,0.45133108,14.236,0.14271143,13.46277,0.86265641,3.3046336,33.284,22.851,21.8396,0.12233407,0.70787305,4.6416669,-7.4469328,102.05772,28.759291,0.0,10.085834,14.236,22.851
31,South Africa,1981,1.8087661,15.922,0.16114272,8.9900274,1.6649677,3.6381292,27.431801,17.205,23.2609,0.91988468,2.2567637,9.8024998,12.700686,101.66919,30.197599,0.0,12.9875,15.922,17.205
31,South Africa,1982,0.74333864,13.976,0.12159736,3.7689717,-0.1226228,3.6140933,31.322901,13.509,23.768499,0.22669461,1.1516796,15.590834,23.783634,124.11795,36.470127,0.0,13.508333,13.976,13.509
31,South Africa,1983,0.45758903,12.685,0.066520043,-3.2983892,0.38591188,3.6046481,28.705299,13.827,25.1192,0.3477442,0.46813312,13.445,2.4767327,103.87984,29.098774,0.0,12.665,12.685,13.827
31,South Africa,1984,0.67933255,11.257,0.081551202,-0.35406065,-0.26641816,3.6956069,23.1982,19.805,25.2297,0.65216351,0.49641916,19.333334,32.435036,88.389366,21.990053,0.0,15.226666,11.257,19.805
31,South Africa,1985,2.3139112,16.525999,0.033258937,3.9969573,0.0021063793,3.6983337,26.3431,14.621,26.8029,1.180599,2.915643,17.564167,51.373718,92.283493,22.033016,0.0,16.371666,16.525999,14.621
31,South Africa,1986,3.1940396,18.233999,-0.0017338014,2.482662,1.0600059,3.8205764,32.496201,8.7939997,27.7787,1.6308913,4.3856888,10.429167,2.5731063,91.707932,23.70035,0.0,16.365833,18.233999,8.7939997
31,South Africa,1987,1.0400159,16.400999,-0.014599322,0.57806283,-0.0077937604,4.1921706,33.492699,19.523001,27.9993,0.47706234,1.2860111,8.7183332,-11.055011,85.342255,19.67514,0.0,15.296667,16.400999,19.523001
31,South Africa,1988,0.91871607,12.618,-0.0052389205,1.2201527,0.17031585,4.6237588,30.6096,27.016001,23.8535,0.53019613,1.1723784,12.030833,11.698772,72.833328,15.401813,0.0,16.371666,12.618,27.016001
31,South Africa,1989,0.45667329,14.753,-0.011955972,-2.180069,0.14605176,4.3578849,33.328899,20.57,29.6015,0.30105188,0.43075731,16.835833,15.251047,81.248924,16.970118,0.0,16.371666,14.753,20.57
31,South Africa,1990,0.27512884,14.402,-0.043799415,-6.9285984,0.69213444,3.8963516,32.400002,11.854,28.7022,-0.050171595,0.44123605,17.795834,-1.3634125,100.47716,26.117682,0.0,16.150833,14.402,11.854
31,South Africa,1991,0.25222778,15.078,-0.082849711,-10.53044,0.31774825,3.2226338,33.91,17.111,27.8029,-0.17763513,0.69674027,16.683332,6.7515149,115.19403,27.320591,0.0,16.344166,15.078,17.111
31,South Africa,1992,0.012825879,14.03,-0.13352093,-11.374591,-0.061366752,2.8176506,36.900002,2.8610001,29.8207,-0.33609393,0.35352814,13.770833,3.2266359,75.940979,17.902323,0.0,15.44,14.03,2.8610001
31,South Africa,1993,-0.030253224,9.6479998,-0.14959708,-10.292048,-0.51652676,2.4955237,39.950001,6.3099999,29.0989,-0.23735209,0.17291835,11.311666,14.690936,86.624359,19.427019,0.0,13.9675,9.6479998,6.3099999
31,South Africa,1994,0.42415908,8.8979998,-0.14568129,-9.1808167,0.21469679,2.5619659,44.82,18.316,31.32,0.02616708,0.73473155,10.929167,8.4723234,88.633369,19.90984,0.0,14.831667,8.8979998,18.316
31,South Africa,1995,-0.16166683,8.7609997,-0.14293274,-7.1348968,-0.68308204,2.1178641,44.869999,16.031,27.184799,-0.34232891,0.15895598,13.5275,2.2225306,75.088799,15.383914,0.0,16.106667,8.7609997,16.031
31,South Africa,1996,-0.45107064,7.4289999,-0.12882298,-4.7422843,-0.60855269,1.7558788,44.23,14.279,28.4811,-0.49611536,-0.36156297,15.036667,18.461679,61.413044,12.32655,0.0,15.483334,7.4289999,14.279
31,South Africa,1997,-0.23452455,8.5860004,-0.1314926,-4.9799848,-0.41394466,1.5821335,43.18,17.813,27.8535,-0.12871839,-0.26367095,15.2575,7.2856588,39.673115,10.049929,0.0,14.6975,8.5860004,17.813
31,South Africa,1998,-0.15983912,6.9770002,-0.15601034,-3.5959918,-0.10856838,1.3831667,44.650002,13.653,27.0735,-0.14588858,-0.035325464,16.532499,20.382952,51.792046,13.541523,0.0,15.1225,6.9770002,13.653
31,South Africa,1999,-0.26527074,5.0500002,-0.16233049,-5.7363091,-0.64579028,1.2720529,42.18,10.907,26.6689,-0.051567007,-0.45724607,12.850833,10.221017,58.142807,15.375671,0.0,14.901667,5.0500002,10.907
31,South Africa,2000,-0.33573744,5.3169999,-0.15120453,-2.1469345,0.39215785,1.3872892,39.639999,7.2150002,22.646444,-0.24356607,-0.3460407,10.11,13.486481,45.607391,10.533389,0.0,13.786667,5.3169999,7.2150002
31,South Africa,2001,-0.44478974,5.744,-0.14729877,0.41812968,0.18259043,1.483161,38.044998,20.190001,22.620169,-0.25686011,-0.56841481,9.6766663,23.667692,111.46019,23.445951,0.0,11.406667,5.744,20.190001
31,South Africa,2002,-0.16411775,9.0909996,-0.12700453,4.3168817,1.2860187,1.5293095,31.801001,18.285999,22.213312,-0.12444577,-0.21132272,11.1625,22.458387,111.12048,23.908678,0.0,11.50888,9.0909996,18.285999
31,South Africa,2003,-0.26739067,5.8959999,-0.11180714,-3.8326747,0.050613359,1.4688113,31.514,13.351,22.618849,-0.252087,-0.14284745,10.665,-19.706533,135.32417,31.280378,0.0,9.6173182,5.8959999,13.351
31,South Africa,2004,-0.15989931,1.386,-0.079634756,-4.3315382,0.1734046,1.3557286,30.733,13.153,22.707678,-0.056506112,-0.07924296,7.5324998,-14.768271,110.70305,23.048584,0.0,9.5152931,1.386,13.153
31,South Africa,2005,-0.47430924,3.3929999,-0.044781048,-2.9777129,0.72758877,1.2348113,29.636999,20.697001,25.140368,-0.46470785,-0.38578612,6.9058332,-1.1152111,83.537979,17.759142,0.0,8.0670338,3.3929999,20.697001
31,South Africa,2006,-0.3975859,4.651,-0.0041174944,2.9208026,-0.11424574,1.153872,28.030001,22.622999,24.666601,-0.34628609,-0.34125042,7.3391666,6.4188495,86.026413,20.44198,0.0,7.9348693,4.651,22.622999
31,South Africa,2007,-0.33415055,7.1279998,0.034165755,5.8250065,0.45632663,1.0585196,24.326,23.931,24.428556,-0.39355576,-0.17475897,9.1149998,3.9997265,84.868973,17.347555,0.0,7.9876304,7.1279998,23.931
31,South Africa,2008,-0.15630104,10.865,0.05092464,14.210901,2.0769463,1.0394176,24.045,14.738,26.008532,-0.39190462,0.056003831,10.8075,17.0874,71.192848,15.642988,0.0,9.0910664,10.865,14.738
31,South Africa,2009,-0.54605716,7.198,0.020623578,-2.65151,-0.044832461,1.0895047,26.995001,1.761,28.457426,-0.41266617,-0.5703733,7.8488007,1.9071376,69.581642,16.393223,0.0,8.6911936,7.198,1.761
31,South Africa,2010,-0.52272749,4.2350001,0.03613805,-2.3202362,-0.41210264,1.003481,31.184999,6.934,28.340469,-0.50210524,-0.43266448,6.4190631,-13.031059,73.838913,18.301521,0.0,8.6154165,4.2350001,6.934
31,South Africa,2011,-0.23619986,4.98,0.052625813,1.4117341,0.10247289,1.0026534,34.742001,8.3409996,28.079521,-0.11927228,-0.33487439,5.487752,-0.74646652,75.721146,18.570122,0.0,8.5140848,4.98,8.3409996
31,South Africa,2012,-0.48710382,5.651,0.05947819,1.84939,0.079581857,1.0335227,37.408001,5.1719999,28.618683,-0.45840061,-0.39747396,5.2871861,13.069556,69.216782,17.808241,0.0,7.9027987,5.651,5.1719999
31,South Africa,2013,-0.39475602,5.7470002,0.065682612,4.6207376,-0.32624894,1.027794,40.355999,5.9169998,28.910084,-0.31052965,-0.43880221,5.0782371,17.549896,70.025406,17.294487,0.0,7.719594,5.7470002,5.9169998
31,South Africa,2014,-0.47462869,6.1160002,0.061547361,4.7137756,-0.33052701,1.021894,43.252998,7.2789998,29.32106,-0.43182918,-0.3614859,5.7980914,12.353934,80.853844,22.566679,0.0,8.2438536,6.1160002,7.2789998
31,South Africa,2015,-0.26135761,4.5890002,0.053279907,1.3975054,-0.19726311,1.0069286,52.650002,10.324,30.164091,-0.027009351,-0.44298986,6.0522027,17.808619,94.918381,24.836231,0.0,8.1591511,4.5890002,10.324
31,South Africa,2016,-0.639072,6.3200002,0.049460456,-0.023076957,-0.40331361,0.97104675,53.740002,6.079,29.908567,-0.49486572,-0.64498192,7.2280798,14.929737,84.358536,23.382862,0.0,9.0168409,6.3200002,6.079
31,South Africa,2017,-0.49489546,5.2940001,0.05365527,-2.9139686,-0.34716129,0.94356847,56.259998,6.4260001,29.859959,-0.45793724,-0.44338393,7.3318629,-9.3433046,86.290787,26.833941,0.0,9.0540018,5.2940001,6.4260001
31,South Africa,2018,-0.6624881,4.5960002,0.051761895,-2.5411682,-0.03005928,0.89475709,59.099998,5.5999999,30.152285,-0.6072132,-0.58888245,7.1554432,-0.48583132,67.708572,22.263994,0.0,9.1275768,4.5960002,5.5999999
31,South Africa,2019,-0.50104547,4.1149998,0.037604332,-3.7176797,-0.25230113,0.88243026,64.589996,6.1100001,31.393812,-0.45828712,-0.47449583,7.0842566,9.0428963,69.926216,23.565145,0.0,9.0725746,4.1149998,6.1100001
31,South Africa,2020,-0.55058992,3.2880001,-0.042289458,-7.4555001,0.53186446,0.95651072,75.730003,9.427,34.615746,-0.50881916,-0.42799988,4.5456185,13.778836,66.154915,18.830454,0.0,10.073242,3.2880001,9.427
31,South Africa,2021,-0.3249068,4.553,-0.0090688271,-2.7916279,5.0553594,0.80596513,73.809998,5.71,32.542152,-0.50418985,-0.024767524,3.7838104,-10.086141,58.633369,17.710382,0.0,9.789732,4.553,5.71
31,South Africa,2022,-0.34649545,6.8639998,-0.0037512099,5.3339305,3.7445369,0.79845703,76.239998,8.6379995,31.879801,-0.20040964,-0.22179268,5.0637479,10.818233,112.93623,50.300655,0.0,10.736487,6.8639998,8.6379995
31,South Africa,2023,0.24810657,5.9029999,-0.0092877718,5.0971851,0.94361985,0.75456107,73.362999,7.5939999,32.620838,0.020641616,0.61913764,7.9359713,12.643247,99.392548,39.265381,0.0,11.623917,5.9029999,7.5939999
32,South Korea,1900,-0.47786739,12.102727,,,-0.5766533,,,,,-0.30417195,-0.59831023,,,72.415619,21.72645,0.0,,12.102727,
32,South Korea,1901,-0.48469132,-3.7022471,,,-0.56543171,,,,,-0.32422656,-0.58111954,,0.0,43.076683,12.121461,0.0,,-3.7022471,
32,South Korea,1902,-0.52345192,23.894913,,,-0.58803642,,,,,-0.36450252,-0.63803256,,-1.1292275,43.4799,11.171123,0.0,,23.894913,
32,South Korea,1903,-0.35445744,6.3613057,,,-0.58803642,,,,,-0.2589094,-0.40979847,,0.6313045,49.491287,13.333154,0.0,,6.3613057,
32,South Korea,1904,0.27228767,4.5725474,,,-0.49163783,,,,,0.46964508,0.025596045,,1.4084527,76.692307,23.935471,0.0,,4.5725474,
32,South Korea,1905,-0.33353889,-7.3857207,,,-0.55404544,,,,,-0.12831779,-0.54331398,,-1.3888909,54.05724,15.960454,0.0,,-7.3857207,
32,South Korea,1906,-0.50197423,-14.187557,,,-0.58803642,,,,,-0.32811078,-0.6228711,,0.25317049,40.733101,9.2777958,0.0,,,
32,South Korea,1907,-0.50758785,-9.5703535,,,-0.56875974,,,16.633522,,-0.33751774,-0.62966394,,-0.12641862,34.413788,7.307817,0.0,,-9.5703535,16.633522
32,South Korea,1908,-0.52046663,0.72878253,,,-0.58803642,,,-8.6931934,,-0.34103414,-0.64796805,,0.12657864,32.829559,7.7988262,0.0,,0.72878253,-8.6931934
32,South Korea,1909,-0.52246869,-8.8993578,,,-0.55751079,,,16.316578,,-0.35960284,-0.63631397,,-0.25253117,30.923229,6.9437265,0.0,,-8.8993578,16.316578
32,South Korea,1910,-0.5379954,-4.2414913,,,-0.56879157,,,13.775194,,-0.35996282,-0.6634528,,0.12643182,30.885345,6.0876546,0.0,,-4.2414913,13.775194
32,South Korea,1911,-0.51802975,8.9423971,-0.13760102,-25.462616,-0.58803642,,,13.363766,5.7062302,-0.32760704,-0.6583342,,0.0,52.696037,13.337377,0.0,,8.9423971,13.363766
32,South Korea,1912,-0.52871931,15.976044,-0.11556586,-23.239849,-0.58803642,,,3.2675755,5.0059276,-0.34518608,-0.66282988,,0.0,53.76284,13.115071,0.0,,15.976044,3.2675755
32,South Korea,1913,-0.53480661,3.3830383,-0.053564392,-18.620455,-0.58803642,,22.503027,0.96588975,4.5744734,-0.3549968,-0.66810882,,0.12657864,49.213394,11.655268,0.0,,3.3830383,0.96588975
32,South Korea,1914,-0.48940283,-14.187557,-0.0080264751,-15.450633,-0.58803642,,22.772097,-5.7080092,5.1641431,-0.30428994,-0.62337905,,0.25380254,199.27412,68.03717,0.0,,,-5.7080092
32,South Korea,1915,-0.50940216,-14.187557,0.012871685,-9.1990242,-0.58803642,,18.795004,33.328323,5.8297024,-0.32748899,-0.63837039,,0.76726502,269.59604,89.38578,0.0,,,33.328323
32,South Korea,1916,-0.51458323,9.189517,0.058822956,-7.2480321,-0.57800716,,17.439184,28.59337,5.2802672,-0.33152884,-0.65294659,,-2.2499981,260.30356,77.045273,0.0,,9.189517,28.59337
32,South Korea,1917,-0.51989871,31.507996,0.085979775,-5.1424708,-0.57741106,,12.449,27.442881,3.9792075,-0.3356486,-0.66287321,,-0.99009871,296.97101,91.25473,0.0,,31.507996,27.442881
32,South Korea,1918,-0.5247547,44.477863,0.13897243,-0.18733373,-0.52120644,,7.0122061,48.705051,2.8518386,-0.34921014,-0.651281,,-1.7031618,331.62021,104.94245,0.0,,44.477863,48.705051
32,South Korea,1919,-0.47280744,43.676231,0.018558823,0.181703,-0.54568017,,4.9892626,43.825928,3.5652061,-0.29134801,-0.60574466,,1.4814807,166.6438,50.314804,0.0,,43.676231,43.825928
32,South Korea,1920,-0.50522786,5.5935044,0.12663338,-0.94481891,-0.56604809,,6.6318812,-7.643909,4.9432096,-0.33335245,-0.63970137,,2.0151129,102.06319,26.722736,0.0,,5.5935044,-7.643909
32,South Korea,1921,-0.49500251,-14.187557,0.11650462,2.8850925,-0.54868525,,7.7394595,21.431215,6.7165122,-0.34129426,-0.60828698,,3.3854125,72.843681,19.262613,0.0,,,21.431215
32,South Korea,1922,-0.52502078,8.7300129,0.11229518,4.2198839,-0.57040691,,9.5451841,-7.1567612,6.3747931,-0.35588747,-0.6454103,,0.26109695,64.923538,14.978106,0.0,,8.7300129,-7.1567612
32,South Korea,1923,-0.53018671,-1.0286316,0.10742218,7.5325093,-0.53672892,,8.6567678,1.5954345,6.191627,-0.35579765,-0.65917194,,-2.0460343,58.87146,15.768028,0.0,,-1.0286316,1.5954345
32,South Korea,1924,-0.53161567,6.6853981,0.037568994,11.898313,-0.57309103,,8.1114349,12.499192,5.5852838,-0.35283777,-0.66067058,,16.369049,49.706013,11.558342,0.0,,6.6853981,12.499192
32,South Korea,1925,-0.52937675,3.4230418,0.053688329,12.763423,-0.55484211,,8.2404289,1.9009557,4.9603615,-0.35296363,-0.65252763,,3.0674901,45.767529,11.624651,0.0,,3.4230418,1.9009557
32,South Korea,1926,-0.53249353,-5.7743697,0.075898744,14.500657,-0.5810203,,8.3708715,9.5303612,5.4124956,-0.35729632,-0.65771371,,-13.066666,37.680462,9.5108862,0.0,,-5.7743697,9.5303612
32,South Korea,1927,-0.53345275,-3.4634607,0.13017762,14.883985,-0.58803642,,9.0586214,7.0024791,5.4834967,-0.35791951,-0.66259712,,-1.0554156,45.88192,11.868755,0.0,,-3.4634607,7.0024791
32,South Korea,1928,-0.52426869,-3.5002954,0.060568571,16.069391,-0.56735069,,9.4103451,12.758332,5.9954772,-0.34881541,-0.65296555,,1.8817265,37.190571,9.0094481,0.0,,-3.5002954,12.758332
32,South Korea,1929,-0.53012377,1.5947894,0.051257096,16.507763,-0.5815075,,10.768439,10.799481,6.6467819,-0.34888509,-0.66313958,,0.8130036,40.538773,10.688215,0.0,,1.5947894,10.799481
32,South Korea,1930,-0.53384751,-11.272389,0.12137379,14.609122,-0.58108675,,15.161507,-8.6931934,7.8430266,-0.35501271,-0.66301113,,-6.5671344,42.976971,10.801129,0.0,,-11.272389,-8.6931934
32,South Korea,1931,-0.43630904,-14.187557,0.11937001,16.501638,-0.57475793,,15.923717,8.3034592,7.3217168,-0.26668501,-0.55479866,,1.0149162,44.57341,11.243269,0.0,,,8.3034592
32,South Korea,1932,-0.42801028,4.5452561,0.11205651,20.805687,-0.58803642,,15.593674,15.008281,6.8151269,-0.26093498,-0.57221794,,73.794449,59.718971,16.103621,0.0,,4.5452561,15.008281
32,South Korea,1933,-0.52034622,-0.66532528,0.12652561,21.713678,-0.58803642,,13.259552,8.3530588,6.8185925,-0.33619374,-0.64952892,,11.467871,52.87656,13.806037,0.0,,-0.66532528,8.3530588
32,South Korea,1934,-0.51793188,4.2123733,0.096480019,25.130445,-0.54724878,,10.618737,13.264771,6.0189676,-0.34069318,-0.65080392,,-14.516623,52.097977,11.99484,0.0,,4.2123733,13.264771
32,South Korea,1935,-0.52853304,12.671227,0.16425551,26.577227,-0.56726557,,9.2652044,13.183346,5.4358363,-0.34922248,-0.65677994,,3.2936645,82.748703,24.665989,0.0,,12.671227,13.183346
32,South Korea,1936,-0.52148014,7.3237348,0.14128195,25.09763,-0.56756079,,8.5391779,2.9641831,5.5025215,-0.34355891,-0.65390486,,-1.3160183,91.402847,28.296169,0.0,,7.3237348,2.9641831
32,South Korea,1937,-0.4649719,3.65711,0.28402966,27.148001,-0.55237842,,7.6422195,21.157837,5.7964253,-0.28041831,-0.59614164,,0.47895455,87.478371,28.340128,0.0,,3.65711,21.157837
32,South Korea,1938,-0.42040145,12.138612,0.26174113,,-0.57272661,,23.70953,31.232794,5.9057345,-0.21111219,-0.57274532,,1.112435,102.05727,35.168842,0.0,,12.138612,31.232794
32,South Korea,1939,-0.51747376,12.326066,0.1340495,,-0.55029863,,,39.583061,5.4204721,-0.33514145,-0.65566969,,,191.01532,69.707047,0.0,,12.326066,39.583061
32,South Korea,1940,-0.51714808,7.3003635,0.23607545,,-0.57350892,,,32.658047,5.5478864,-0.33996567,-0.64351755,,,200.07191,75.945869,0.0,,7.3003635,32.658047
32,South Korea,1941,-0.48680493,3.9618285,0.21540986,,-0.49807048,,,26.038944,,-0.32168496,-0.60942292,,,241.92404,82.273216,0.0,,3.9618285,26.038944
32,South Korea,1942,-0.47517684,8.7237253,0.11749589,,-0.46249327,,,29.343594,,-0.26973334,-0.64860624,,,306.14059,90.460693,0.0,,8.7237253,29.343594
32,South Korea,1943,-0.49959466,13.597133,0.16374372,,-0.49456599,,,47.533775,,-0.300574,-0.65703613,,,344.39383,103.27522,0.0,,13.597133,47.533775
32,South Korea,1944,-0.45324588,20.050419,-0.0047802264,,-0.4769817,,,55.285866,,-0.25229818,-0.62213749,,,376.73724,115.87109,0.0,,20.050419,55.285866
32,South Korea,1945,0.25938523,116.74554,-0.33433139,,0.062594548,,,-8.6931934,,0.56346965,0.055513907,,,240.73561,75.328491,0.0,,,-8.6931934
32,South Korea,1946,-0.31274769,117.33353,-0.3115449,,0.19297695,,,88.320778,,-0.21379754,-0.39237249,,,122.23141,36.787838,0.0,,,83.488998
32,South Korea,1947,-0.38397568,114.53082,-0.25671163,,0.13131292,,,86.833183,,-0.24208519,-0.4949874,,,99.266258,26.213924,0.0,,,83.488998
32,South Korea,1948,-0.29480249,67.798485,-0.17626531,,-0.28330931,,,40.589729,,-0.22272323,-0.36044234,,,114.34803,32.109474,0.0,,67.798485,40.589729
32,South Korea,1949,-0.33680278,32.47414,-0.12759475,,-0.46717137,,,72.404297,,-0.25367054,-0.41299337,,,83.723862,22.829699,0.0,,32.47414,72.404297
32,South Korea,1950,5.5211487,72.972336,-0.35686985,-16.588409,4.8654761,1.702127,,87.368942,,5.3900142,5.1078525,,,142.74683,37.363483,5.7323003,,72.972336,83.488998
32,South Korea,1951,6.6199293,116.35648,-0.46434098,-21.545509,6.6223187,1.8746033,,87.801857,,7.2139211,5.8730583,,78.861542,154.43521,42.214211,2.3192286,,,83.488998
32,South Korea,1952,3.9791951,113.30923,-0.43214214,-14.672586,3.8628886,2.0255847,,86.116463,,4.7963448,2.5255666,,0.0,105.07939,27.432323,0.0,,,83.488998
32,South Korea,1953,3.2810431,47.075981,-0.20901702,-15.330874,1.2945905,2.3628693,,87.217133,14.496,3.2673457,2.8725646,,78.861542,101.92927,28.360657,0.0,,47.075981,83.488998
32,South Korea,1954,0.95528644,45.60413,-0.19145632,-19.721455,0.25163788,5.8536587,,85.41938,20.7988,0.59877026,1.2040178,,0.0,91.05645,26.665058,0.0,,45.60413,83.488998
32,South Korea,1955,0.47073296,74.045639,-0.18927817,-19.689447,-0.080944702,6.2422633,,62.277401,21.4664,0.1579434,0.75109732,,78.861542,89.117783,25.368015,0.0,,74.045639,62.277401
32,South Korea,1956,0.18098155,23.001631,-0.25431406,-19.191322,0.019898878,8.3277817,,34.455246,22.133801,-0.049338795,0.36952683,,0.0,101.25542,33.646736,0.0,,23.001631,34.455246
32,South Korea,1957,0.076323025,23.209549,-0.23559865,-22.005472,-0.16021793,6.7961164,,18.617781,18.1922,-0.06516894,0.20530958,,0.0,99.325577,31.010183,0.0,,23.209549,18.617781
32,South Korea,1958,-0.029434213,-3.5522068,-0.23968625,-23.477262,-0.23095657,7.4274473,16.884399,30.196625,19.6124,-0.094434254,0.030418726,,0.0,115.22129,31.678013,0.0,,-3.5522068,30.196625
32,South Korea,1959,-0.25618598,3.2366071,-0.26294762,-23.397821,-0.30696741,7.6388888,15.2883,26.877579,18.422899,-0.21244167,-0.28124681,,0.0,82.10849,22.016193,0.0,,3.2366071,26.877579
32,South Korea,1960,-0.1083677,8.1081085,-0.3161912,-20.593788,-0.39255187,7.1575484,13.6921,4.2596579,17.875299,-0.17052245,-0.071733996,,26.25,86.417786,22.994547,0.0,,8.1081085,4.2596579
32,South Korea,1961,-0.06557332,8.195653,-0.31865299,-17.460726,-0.13995555,6.7261496,13.373,45.911999,21.2048,-0.14464192,-0.026260376,,78.861542,126.08382,34.073471,0.0,,8.195653,45.911999
32,South Korea,1962,-0.14520335,6.6183109,-0.35805503,-16.254965,-0.20323442,6.8671966,13.0442,25.311001,22.264,-0.14437264,-0.14559719,,4.173625,124.72618,32.672928,0.0,,6.6183109,25.311001
32,South Korea,1963,-0.26213288,20.691647,-0.32895097,-17.435509,-0.057965409,4.8238592,9.2146502,7.2940001,15.4409,-0.25714561,-0.27817705,,0.0,117.54991,29.922195,0.0,,20.691647,7.2940001
32,South Korea,1964,-0.21794191,29.462831,-0.2939648,-19.030355,-0.19050713,4.1344395,6.5664501,14.802,12.1183,-0.17985445,-0.25559658,,78.861542,90.5354,24.993526,0.0,,29.462831,14.802
32,South Korea,1965,-0.0031569216,13.548195,-0.29687041,-15.269503,0.023584398,4.4104748,6.1445999,52.611,13.0505,-0.013398996,0.0040389732,,4.225862,99.786484,27.379574,0.0,,13.548195,52.611
32,South Korea,1966,0.28000948,11.261385,-0.23857318,-10.444954,0.5174191,4.6888738,4.4433599,61.658001,15.9526,0.24437024,0.20704892,,1.7078172,90.635468,25.653316,0.0,,11.261385,61.658001
32,South Korea,1967,0.062157396,10.88244,-0.2391867,-8.7107096,-0.21360004,4.6851425,3.7367799,61.743999,16.7118,0.22517183,-0.09972614,,-0.22157875,112.60692,33.871422,0.0,,10.88244,61.743999
32,South Korea,1968,0.21024139,10.771821,-0.1889426,-5.1457677,-0.17597334,4.7306418,2.7566099,72.374001,18.5452,0.1879124,0.18199785,,2.2640371,104.20105,26.555723,0.0,,10.771821,72.374001
32,South Korea,1969,-0.046489872,12.389565,-0.11611109,-5.3051291,-0.30053693,4.6943951,2.63114,60.985001,19.8395,-0.0070862575,-0.089403056,,4.2201695,95.787491,25.591642,0.0,,12.389565,60.985001
32,South Korea,1970,-0.15030168,15.950342,-0.089272596,-6.2767911,-0.3314963,4.4033465,6.9509702,27.423,17.5028,-0.038730957,-0.27108759,,7.7182112,102.82236,28.145275,0.0,,15.950342,27.423
32,South Korea,1971,-0.11603363,13.511703,-0.068199694,-3.6407595,-0.31502116,4.7349887,14.168073,20.844,18.4743,-0.095582791,-0.14204846,,11.94512,87.422432,23.628912,0.0,,13.511703,20.844
32,South Korea,1972,-0.19699834,11.688987,-0.082704239,-1.8030283,-0.23608567,5.0100679,17.918573,33.814999,18.452499,-0.1193027,-0.28670597,,13.010046,87.485275,23.130291,0.0,,11.688987,33.814999
32,South Korea,1973,-0.31117624,3.221029,-0.026755767,11.195397,0.54228508,4.0347323,17.521206,36.416,14.22,-0.16124575,-0.43712819,,1.3778177,76.668312,23.432987,0.0,16.371666,3.221029,36.416
32,South Korea,1974,-0.33804554,24.304199,-0.015695704,14.585522,0.72286731,4.5414457,18.279482,24.037001,16.054399,-0.25536382,-0.39687076,,1.5570227,70.567474,19.73629,0.0,16.371666,24.304199,24.037001
32,South Korea,1975,-0.1080359,25.249256,-0.017407877,12.451344,-0.18956839,4.8787165,21.059435,28.232,18.841101,-0.17127331,-0.049390852,,19.643839,79.141571,24.315878,0.0,16.371666,25.249256,28.232
32,South Korea,1976,-0.16031133,15.32732,0.02764155,11.740865,-0.17745724,5.9081559,19.992308,33.485001,16.976,-0.16024138,-0.16380802,,0.0,69.23243,19.971355,0.0,16.371666,15.32732,33.485001
32,South Korea,1977,-0.1997381,10.096665,0.066940643,11.154078,0.069774143,6.0349393,19.692232,39.706001,17.697399,-0.20762791,-0.20052446,18.091669,0.0,68.475105,19.903402,0.0,16.371666,10.096665,39.706001
32,South Korea,1978,-0.24585922,14.460285,0.099547185,10.791991,-0.2102288,6.3714504,18.049887,34.971001,15.696,-0.1950786,-0.28957906,19.316669,0.0,81.370934,24.349478,0.0,16.371666,14.460285,34.971001
32,South Korea,1979,-0.2266494,18.323496,0.10810237,10.4406,0.26382169,5.5258765,15.450775,24.584,16.302999,-0.18020411,-0.26971787,18.85833,0.0,86.351082,24.449127,0.0,16.371666,18.323496,24.584
32,South Korea,1980,-0.15310164,28.697001,0.033488199,20.724907,0.19728196,6.3987722,18.220608,26.895,16.773399,-0.17133905,-0.15353982,22.85,25.504927,102.05772,28.661173,0.0,16.371666,28.697001,26.895
32,South Korea,1981,-0.31107792,21.353001,0.0347296,21.599909,-0.22699147,6.4158573,18.497566,25.025,16.3064,-0.27735561,-0.33977148,18.14167,12.037909,101.66919,30.505461,0.0,16.371666,21.353001,25.025
32,South Korea,1982,-0.31574312,7.1900001,0.045967743,13.949614,-0.29066348,6.2408943,20.21232,27.011,17.820299,-0.24222201,-0.37887183,14.175,7.5491176,124.11795,36.577282,0.0,16.371666,7.1900001,27.011
32,South Korea,1983,0.15777066,3.421,0.089835458,10.861011,-0.2576687,5.7268138,19.04528,15.243,16.045601,-0.093279704,0.37138999,13.0,6.0257549,103.87984,28.71689,0.0,13.075,3.421,15.243
32,South Korea,1984,-0.17171639,2.2739999,0.11036924,9.5221071,-0.11467418,5.2545352,16.731894,7.7049999,15.5508,-0.095454119,-0.20937298,11.39167,4.1079865,88.389366,21.952866,0.0,14.316667,2.2739999,7.7049999
32,South Korea,1985,-0.31317446,2.46,0.12046085,3.9929006,-0.31157774,5.2255316,16.050617,15.623,15.5194,-0.22150353,-0.37526864,9.3500004,7.9855013,92.283493,22.439987,0.0,13.575,2.46,15.623
32,South Korea,1986,-0.29657182,2.75,0.16582252,10.601387,-0.13594595,4.948256,14.41152,18.441,14.8622,-0.21110359,-0.34941134,9.6999998,1.3926592,91.707932,24.261433,0.0,11.566667,2.75,18.441
32,South Korea,1987,-0.26746869,3.0480001,0.21492912,12.629575,-0.047837012,4.4686055,15.157502,19.054001,14.3295,-0.23054507,-0.28775564,8.9250002,-6.6061792,85.342255,19.79512,0.0,12.425,3.0480001,19.054001
32,South Korea,1988,-0.35975045,7.1469998,0.25877631,7.445456,-0.0054305005,4.2812161,12.572207,21.499001,13.8765,-0.24337919,-0.44890505,9.6166668,-11.091769,72.833328,15.583047,0.0,13.0375,7.1469998,21.499001
32,South Korea,1989,-0.36551169,5.6999998,0.26578358,0.74403936,0.082421727,4.2902355,12.278856,19.816,15.0044,-0.27943611,-0.423002,13.275,-8.2222691,81.248924,17.067738,0.0,14.741667,5.6999998,19.816
32,South Korea,1990,-0.27299038,8.5740004,0.29381806,-2.3546848,0.23722489,4.0023041,7.4429998,17.174,15.1529,-0.23013371,-0.26653209,14.025,5.4166694,100.47716,26.095564,0.0,15.025,8.5740004,17.174
32,South Korea,1991,-0.16510484,9.3330002,0.32516688,-4.2377095,0.24079047,3.7111278,10.243,21.886999,15.3827,-0.19422667,-0.10796581,18.300833,3.6711843,115.19403,27.195171,0.0,16.371666,9.3330002,21.886999
32,South Korea,1992,-0.19792823,6.2129998,0.32329193,-6.2850399,0.04027022,3.6902728,9.9940004,14.942,15.4549,-0.2860254,-0.1145319,16.4125,6.5054493,75.940979,17.760931,0.0,15.083333,6.2129998,14.942
32,South Korea,1993,0.10825447,4.8010001,0.3228485,-9.1296721,-0.018153986,3.4178948,9.1999998,16.580999,15.0622,-0.25012642,0.40930393,12.961667,2.6878822,86.624359,18.996668,0.0,12.080833,4.8010001,16.580999
32,South Korea,1994,0.7136721,6.2659998,0.3443583,-8.4106045,0.050063148,3.1927526,8.1789999,18.677,15.4012,-0.14496221,1.4272164,13.2875,0.14648409,88.633369,19.011946,0.0,12.3,6.2659998,18.677
32,South Korea,1995,-0.1443,4.4809999,0.36677319,-5.6638417,0.075451821,2.892333,7.217,15.593,13.493565,-0.26451111,-0.027587194,14.054167,-4.2440562,75.088799,15.15979,0.0,12.4,4.4809999,15.593
32,South Korea,1996,-0.25420764,4.9250002,0.37251985,-6.5483832,0.60949636,2.7434797,6.8629999,15.828,14.01926,-0.2528764,-0.255941,12.634167,4.1817265,61.413044,12.147495,0.0,10.896667,4.9250002,15.828
32,South Korea,1997,-0.2955901,4.4390001,0.35589582,-2.7772269,1.0126643,2.6633878,8.6800003,14.144,13.847607,-0.26100743,-0.32103276,13.381667,18.539293,39.673115,9.9504709,0.0,11.7,4.4390001,14.144
32,South Korea,1998,-0.1826048,7.5139999,0.22247964,7.0756297,0.30359212,2.7944419,13.817,27.025999,16.03911,-0.23185515,-0.12792283,15.22,46.624546,51.792046,13.352863,0.0,12.796667,7.5139999,27.025999
32,South Korea,1999,-0.094155475,0.81300002,0.2520012,-2.8028207,0.06259197,2.4925773,15.759,27.377001,16.152452,-0.21692941,0.010232113,6.8091664,-15.036973,58.142807,15.085649,0.0,8.7166662,0.81300002,27.377001
32,South Korea,2000,-0.14988479,2.2590001,0.27052459,2.3614278,0.16394709,2.3098633,16.087,25.426001,16.020931,-0.21225375,-0.065744095,7.0783334,-4.9302554,45.607391,10.280894,0.0,8.5024996,2.2590001,25.426001
32,South Korea,2001,-0.05880801,4.0669999,0.24482763,-2.7006295,-0.011472243,2.2802339,16.625,84.487427,16.94128,-0.062461901,-0.014805133,5.3175001,14.110662,111.46019,23.088989,0.0,6.855,4.0669999,83.488998
32,South Korea,2002,0.23096889,2.7620001,0.25082755,-7.7859859,-0.082150914,2.1694477,16.444,14.0,15.88576,0.038478363,0.48044765,4.8049998,-3.3854585,111.12048,23.340082,0.0,6.5866666,2.7620001,14.0
32,South Korea,2003,0.915007,3.5150001,0.21949978,-6.2016482,0.1018856,2.1752412,19.101999,2.9809999,17.86875,0.31130272,1.5565387,4.3058333,-4.4096608,135.32417,30.064875,0.0,5.0483332,3.5150001,2.9809999
32,South Korea,2004,0.36099771,3.5910001,0.20309806,1.3783875,0.084368333,2.1657884,21.603001,6.3080001,18.500294,0.11683551,0.60413218,3.7874999,-3.885386,110.70305,22.361607,0.0,4.7283335,3.5910001,6.3080001
32,South Korea,2005,0.16664873,2.7539999,0.17980613,-1.5968814,0.03471902,2.2804017,24.917,6.9889998,18.153904,-0.15615107,0.42325762,3.6491666,-10.546074,83.537979,17.189827,0.0,4.9499998,2.7539999,6.9889998
32,South Korea,2006,0.36824414,2.2420001,0.16699995,-0.57744771,-0.069787219,2.2989237,27.042999,12.513,18.715471,-0.051470216,0.77333897,4.4758334,-6.7389221,86.026413,19.702631,0.0,5.1516666,2.2420001,12.513
32,South Korea,2007,0.18209913,2.5350001,0.15887065,1.3146791,-0.099219218,2.2709353,26.346001,10.82,18.809021,-0.059778407,0.42193836,5.1608334,-2.713361,84.868973,16.791044,0.0,5.3508334,2.5350001,10.82
32,South Korea,2008,-0.003728831,4.6739998,0.12091577,21.601501,0.31713027,2.3885076,25.856001,11.956,19.101807,-0.14608638,0.12730642,5.4875002,18.60515,71.192848,15.291039,0.0,5.5683331,4.6739998,11.956
32,South Korea,2009,0.31206688,2.756,0.063023932,10.842028,-0.082828224,2.4999015,28.791,9.8859997,19.538939,-0.11646453,0.70851552,2.6283333,15.793184,69.581642,15.676804,0.0,5.1658335,2.756,9.8859997
32,South Korea,2010,0.30395651,2.9389999,0.062639698,14.707245,0.048867583,2.361228,28.275,5.9790001,17.86059,-0.11174261,0.6575253,2.6716666,-9.3506508,73.838913,17.597025,0.0,4.7733335,2.9389999,5.9790001
32,South Korea,2011,-0.098815918,4.026,0.029314686,27.44916,0.61963159,2.3711429,31.700001,5.4759998,18.284893,-0.22728869,-0.013082659,3.4375,-4.1967521,75.721146,18.289965,0.0,4.2024999,4.026,5.4759998
32,South Korea,2012,-0.019733531,2.187,-0.014623681,25.89377,0.16160876,2.3920596,32.409,4.8060002,18.822615,-0.18390068,0.13011146,3.2974999,1.7106289,69.216782,17.407318,0.0,3.4475,2.187,4.8060002
32,South Korea,2013,0.24180247,1.301,-0.051036518,16.917084,-0.14091823,2.3912871,34.93,4.6389999,19.016281,-0.12457408,0.58334875,2.7225001,-2.8370371,70.025406,16.671587,0.0,3.2780833,1.301,4.6389999
32,South Korea,2014,-0.15662247,1.275,-0.089406684,8.0850859,-0.11430088,2.4132724,36.5,8.1440001,18.846498,-0.211512,-0.094754264,2.4916666,-3.8413041,80.853844,22.293638,0.0,3.1863334,1.275,8.1440001
32,South Korea,2015,-0.16987744,0.70599997,-0.1311809,-4.9142056,-0.16920961,2.3763711,37.493,8.191,18.799776,-0.16519795,-0.13701798,1.77,7.5659919,94.918381,24.616373,0.0,2.3057499,0.70599997,8.191
32,South Korea,2016,0.3632029,0.972,-0.17090607,-11.982812,-0.32334936,2.3357999,38.066002,7.1230001,18.50688,-0.12314115,0.80041361,1.4933333,2.4521387,84.358536,22.601673,0.0,1.7474166,0.972,7.1230001
32,South Korea,2017,1.6244695,1.944,-0.20800139,-10.029709,-0.059917282,2.298131,37.348999,5.105,18.637457,0.2342668,2.8963687,1.4433334,-2.557373,86.290787,24.924318,1.3511662,2.2825832,1.944,5.105
32,South Korea,2018,1.1732932,1.476,-0.24966425,-9.7489176,0.27968812,2.3615096,37.556,6.7189999,19.278122,0.22547741,2.0726218,1.6799999,-2.6610749,67.708572,20.735712,0.0,2.5027499,1.476,6.7189999
32,South Korea,2019,0.70658362,0.38299999,-0.29753256,-14.59142,0.11269867,2.51932,39.969002,7.8969998,21.267971,-0.014774174,1.3490164,1.6966667,5.9552631,69.926216,22.495743,0.0,1.70225,0.38299999,7.8969998
32,South Korea,2020,0.089409873,0.537,-0.37320614,-22.948238,1.549443,2.642977,46.431999,9.8240004,23.659943,-0.14234918,0.29418018,0.92333335,1.1214923,66.154915,18.317266,0.0,1.4996667,0.537,9.8240004
32,South Korea,2021,-0.012612562,2.4979999,-0.39754143,-13.440351,2.120281,2.6190493,48.955002,12.934,24.096937,-0.14757955,0.14097786,0.85000002,-2.8703506,58.633369,17.334139,0.0,2.0645001,2.4979999,12.934
32,South Korea,2022,0.60643673,5.0900002,-0.4382388,1.2162367,3.2835157,2.5764256,51.179001,4.0,26.68022,0.32988736,1.1630911,2.4749999,12.874387,112.93623,49.352791,0.0,3.3635001,5.0900002,4.0
32,South Korea,2023,0.48838902,3.5969999,-0.49449483,-9.0834837,1.252962,2.5992577,52.297001,3.8929999,23.155483,0.28111517,0.81655294,3.7091668,1.0726285,99.392548,38.540127,0.0,3.6423333,3.5969999,3.8929999
33,Spain,1900,1.0655181,4.9945707,0.11379363,-0.67832249,-0.27067083,1.7622141,124.09178,-3.6857142,9.0565853,1.1835406,0.60301656,3.5,,72.415619,20.979971,0.0,5.29,4.9945707,-3.6857142
33,Spain,1901,0.61221683,0.20682709,0.16317943,-2.0424712,0.042315651,1.6853833,123.88933,2.1655295,9.122735,0.68940663,0.32322529,4.0,6.7339211,43.076683,11.561703,0.0,5.5300002,0.20682709,2.1655295
33,Spain,1902,0.67549974,-2.2703838,0.1148547,-1.165967,-0.33371705,1.698544,127.96501,-4.9941926,9.1437836,0.76546139,0.326511,4.0,-1.7958578,43.4799,10.548893,0.0,4.7800002,-2.2703838,-4.9941926
33,Spain,1903,0.035921369,3.1678989,0.10133487,-0.71593559,-0.66014338,1.5667118,114.27024,3.9425428,9.0921278,-0.079156846,0.081059523,3.5,-0.27165937,49.491287,13.138113,0.0,4.4499998,3.1678989,3.9425428
33,Spain,1904,-0.22754239,1.8423759,0.077505663,-0.71370113,-0.73588586,1.6790901,107.4935,-0.70567483,8.3609858,-0.23624377,-0.29366758,3.0,1.8979003,76.692307,24.427113,0.0,4.5900002,1.8423759,-0.70567483
33,Spain,1905,-0.21018678,0.50251108,0.049743582,2.3075695,-0.89264977,1.4987338,110.44681,-3.4942257,8.5461092,-0.20930119,-0.17478026,4.0,-4.9436803,54.05724,15.88936,0.0,4.3400002,0.50251108,-3.4942257
33,Spain,1906,0.045854516,-2.7000005,0.08270441,0.66399449,-0.49970418,1.4671196,108.37064,-0.61368519,8.6641159,0.030551834,0.061013531,4.5,-13.513704,40.733101,8.9433022,0.0,4.1700001,-2.7000005,-0.61368519
33,Spain,1907,-0.20937099,4.2137733,0.092652202,0.81603837,-0.48944077,1.4233716,103.64394,0.092621177,8.5739956,-0.14318271,-0.2736297,4.5,-1.3173349,34.413788,7.0768304,0.0,4.27,4.2137733,0.092621177
33,Spain,1908,-0.31299335,-2.7613428,0.11057208,-0.93017703,-1.0672292,1.6886293,103.67724,-1.6656384,8.5602751,-0.24278045,-0.40848109,4.0,1.0327061,32.829559,7.6001468,0.0,4.1599998,-2.7613428,-1.6656384
33,Spain,1909,-0.23835926,-1.3184581,0.10972086,-1.7794189,-0.90242553,2.0650518,102.11802,4.7678795,9.1383018,-0.19537704,-0.32708445,4.5,-4.5167961,30.923229,6.7114391,0.0,4.0900002,-1.3184581,4.7678795
33,Spain,1910,-0.16743937,0.92497683,0.060943067,1.4832708,-1.0152013,1.9755819,89.670364,2.6047904,9.7028875,-0.17217316,-0.2141176,4.0,-0.011911173,30.885345,5.8109431,0.0,4.1799998,0.92497683,2.6047904
33,Spain,1911,0.032640278,-3.5641568,0.10574702,3.1088803,-0.65450525,1.9651761,82.574287,3.0930843,9.3113985,-0.025105208,0.026951462,4.0,0.54966038,52.696037,12.993791,0.0,4.1799998,-3.5641568,3.0930843
33,Spain,1912,-0.21486236,4.9630418,0.076973893,4.8874846,-0.54050344,2.0326254,80.602142,4.5004244,9.8046494,-0.1480515,-0.33616349,4.5,-1.0745435,53.76284,12.867052,0.0,4.2800002,4.9630418,4.5004244
33,Spain,1913,-0.12374984,0.60362107,0.10402203,5.4221306,-0.65813267,2.7657094,75.218719,3.6565547,10.457518,-0.067269266,-0.24869722,4.5,0.46968934,49.213394,11.36288,0.0,4.4000001,0.60362107,3.6565547
33,Spain,1914,0.87759554,-0.29999989,0.064306356,-0.2303548,-0.67057586,3.9293175,76.532394,1.8029789,10.693845,0.83143324,1.0739532,4.0,-4.9137402,199.27412,67.360115,0.94186115,4.2199998,-0.29999989,1.8029789
33,Spain,1915,0.53837472,9.5285845,0.050340217,-0.05882648,0.0034906361,3.8504136,69.989662,10.959959,14.171268,0.72535563,0.23301826,4.5,-1.0603606,269.59604,88.834808,0.0,4.4699998,9.5285845,10.959959
33,Spain,1916,0.61311924,17.948719,0.07370431,1.6151364,0.24777217,3.4842539,63.240047,13.162156,9.2710037,0.70675963,0.40609026,4.5,-4.0770717,260.30356,76.457726,0.0,4.3099999,17.948719,13.162156
33,Spain,1917,1.2553233,16.537268,0.03958242,2.5837131,0.82669097,3.0256958,59.723557,21.933769,12.285028,1.3419844,1.0532655,4.5,-11.503928,296.97101,90.388916,0.0,4.3099999,16.537268,21.933769
33,Spain,1918,0.75189155,45.303131,0.0083001778,-2.7338901,1.2614244,2.3863659,50.730335,28.181057,8.2820635,0.87925863,0.38395497,4.5,-6.2017837,331.62021,104.28651,0.0,4.1199999,45.303131,28.181057
33,Spain,1919,0.32048863,2.1091239,-0.00097094307,7.3239503,0.73428005,3.0320005,48.705379,13.863458,12.299215,0.53543174,-0.056019284,5.0,21.436434,166.6438,49.890133,0.0,4.1599998,2.1091239,13.863458
33,Spain,1920,-0.34767184,2.2002692,0.053409815,8.7344351,-0.19108513,3.2498786,44.423244,13.955893,10.15311,-0.31218222,-0.3654173,6.0,25.634434,102.06319,26.55279,0.0,4.4400001,2.2002692,13.955893
33,Spain,1921,-0.31256452,-14.187557,0.062801309,2.8678102,-0.79277605,4.2554483,51.066261,-0.78621107,13.771341,-0.17793405,-0.46885189,6.0,16.488861,72.843681,19.087095,0.0,4.7199998,,-0.78621107
33,Spain,1922,-0.5553596,-12.540894,0.081523873,0.85549498,-0.6205042,3.642704,57.196575,10.962105,12.272009,-0.51475286,-0.61737299,5.5,-12.825106,64.923538,14.87843,0.0,4.6199999,-12.540894,10.962105
33,Spain,1923,-0.35054329,0.74812913,0.074764811,4.8756304,-0.63752985,3.7694349,58.97784,4.1109686,12.407591,-0.34099656,-0.39748791,5.0,7.5485039,58.87146,15.576424,0.0,4.5300002,0.74812913,4.1109686
33,Spain,1924,-0.41193032,10.891089,0.084780484,3.4961426,-0.76757771,3.7544138,57.319576,-1.1872307,11.869407,-0.29809594,-0.58226013,5.0,8.036417,49.706013,11.391561,0.0,4.5700002,10.891089,-1.1872307
33,Spain,1925,0.30765486,1.562501,0.11708766,3.215111,-0.61364043,3.2662575,56.58429,0.90779638,10.917308,0.36314672,0.17841959,5.0,-7.0925336,45.767529,11.153587,0.0,4.5799999,1.562501,0.90779638
33,Spain,1926,-0.22281893,-8.4065943,0.089640066,0.21812269,-0.63755322,3.2311256,59.472031,-0.92608929,10.642769,-0.23218694,-0.28319147,5.0,-3.024543,37.680462,9.2627935,0.0,4.71,-8.4065943,-0.92608929
33,Spain,1927,-0.4672851,-1.8596288,0.14827216,0.76613528,-0.87476718,2.6747231,57.276649,6.3117599,10.978101,-0.34012932,-0.6494624,5.0,-13.235143,45.88192,11.723856,0.0,4.6100001,-1.8596288,6.3117599
33,Spain,1928,-0.35113752,2.5061133,0.13234344,2.1221645,-0.78630245,3.0131617,60.170078,6.6822977,11.595514,-0.20323221,-0.53545153,5.02,2.7662537,37.190571,8.8235216,0.0,4.29,2.5061133,6.6822977
33,Spain,1929,-0.52304196,2.802624,0.1704836,3.4775174,-0.34633842,3.1613648,57.050079,7.1271586,11.469667,-0.44625601,-0.62865216,5.5,13.308939,40.538773,10.570104,0.0,4.3400002,2.802624,7.1271586
33,Spain,1930,-0.33042252,0.34802771,0.10476467,3.6704147,-0.53052533,2.8335695,58.919922,6.4478312,10.772324,-0.27058801,-0.41173959,5.73,26.274214,42.976971,10.597604,0.0,4.48,0.34802771,6.4478312
33,Spain,1931,-0.24995801,0.6358366,0.051638603,2.013278,-0.70745122,2.4683061,62.517517,-2.5261564,11.143596,-0.21581747,-0.28710389,6.2399998,21.812967,44.57341,11.0949,0.0,5.5300002,0.6358366,-2.5261564
33,Spain,1932,-0.37465096,-0.74669707,0.052775972,2.2391951,-0.89191979,1.9161972,63.080204,0.88270605,12.394628,-0.30950579,-0.48427552,6.4099998,18.648609,59.718971,16.015944,0.0,5.0300002,-0.74669707,0.88270605
33,Spain,1933,-0.3332378,-4.456017,0.0062349504,-1.6763103,-0.78762221,1.6185688,67.583984,2.148957,13.472575,-0.27888641,-0.36883411,6.0,-19.706533,52.87656,13.616087,0.0,4.8299999,-4.456017,2.148957
33,Spain,1934,-0.22578759,2.0593565,0.015752416,-2.6873703,-0.81945264,1.6660657,63.070889,3.0973754,12.792852,-0.25639027,-0.12204585,5.9099998,-19.706533,52.097977,11.761359,0.0,4.5799999,2.0593565,3.0973754
33,Spain,1935,-0.14476936,2.2551937,0.011817669,-3.5374358,-0.72871953,1.9639499,65.856094,3.8019276,12.381265,-0.37686962,0.23097034,5.27,2.5563059,82.748703,24.3883,0.0,4.1900001,2.2551937,3.8019276
33,Spain,1936,5.5368781,1.8572251,-0.27301675,-2.4045625,1.9383508,3.457247,,,,5.5079274,5.0437055,5.0,7.2978964,91.402847,25.606199,5.6632233,4.3075576,1.8572251,
33,Spain,1937,5.9581075,12.307693,-0.38517144,-2.7891111,1.7619898,1.9892526,,,,5.9136562,6.1358051,5.0,78.861542,87.478371,25.522638,1.6441023,,12.307693,
33,Spain,1938,4.7893867,10.045662,-0.41432253,-4.9114513,0.24742468,1.9651386,,,,4.951232,4.0929751,5.0,8.0820532,102.05727,32.889748,0.0,,10.045662,
33,Spain,1939,2.8035734,13.231905,-0.3661277,-6.1593318,0.9283185,1.8540025,,,,2.2766016,3.6688008,4.0,-19.706533,191.01532,68.184357,0.0,,13.231905,
33,Spain,1940,1.6590537,18.933224,-0.30497876,-7.8916478,1.5526803,1.8037109,71.757347,,11.98965,1.6316525,1.7149692,4.0,14.037123,200.07191,74.910706,0.0,4.4883304,18.933224,
33,Spain,1941,0.8778578,19.821978,-0.32623532,-8.3970757,1.5651263,1.7137659,69.938591,,10.978258,0.89898139,0.80489719,4.0,2.0992393,241.92404,81.598434,0.0,4.4262476,19.821978,
33,Spain,1942,0.57856649,14.114285,-0.29308161,-8.9336319,2.3747685,1.4741132,61.029095,7.722127,11.223528,0.86194891,-0.11659721,4.0,-0.026484612,306.14059,89.923981,0.0,4.4145236,14.114285,7.722127
33,Spain,1943,0.79579753,14.496746,-0.27333573,-7.2522435,2.792294,1.4431554,66.026962,7.1268382,12.854324,1.2377838,-0.033832639,3.2,0.0,344.39383,102.62365,0.0,4.4198895,14.496746,7.1268382
33,Spain,1944,0.69812793,7.6754866,-0.25860158,-6.9537148,1.1196454,1.3022572,65.123253,14.252331,11.668353,0.86534619,0.3043786,3.2,0.0,376.73724,115.30359,0.0,4.3587227,7.6754866,14.252331
33,Spain,1945,0.17911939,8.793663,-0.3643305,-7.6734118,2.1162491,1.5328993,69.588593,12.231549,12.893579,0.30542523,-0.089672945,3.2,0.0,240.73561,75.635185,0.0,4.3492441,8.793663,12.231549
33,Spain,1946,0.88586128,19.077843,-0.34974614,-7.7658577,2.097014,1.342467,61.199306,23.11825,10.91161,-0.16759349,2.2560189,3.2,78.861542,122.23141,36.269203,0.0,4.4086852,19.077843,23.11825
33,Spain,1947,-0.43805593,20.37937,-0.35655764,-7.2020168,0.72114956,1.8504362,55.108051,15.722766,11.555227,-0.39503297,-0.50474942,3.5999999,3.6552637,99.266258,26.193604,0.0,4.3763676,20.37937,15.722766
33,Spain,1948,-0.35486379,7.258934,-0.38056216,-7.4887753,-0.39895427,4.747879,55.60952,7.1190643,11.461507,-0.4596644,-0.1697962,3.5999999,-6.5038037,114.34803,32.135479,0.0,4.5402951,7.258934,7.1190643
33,Spain,1949,-0.42428696,5.4083872,-0.40769389,-6.0386896,-0.55553073,6.5538621,53.878353,10.379999,11.658407,-0.45927081,-0.34859255,3.2,21.832275,83.723862,22.84676,0.0,4.6264167,5.4083872,10.379999
33,Spain,1950,-0.33544225,10.848169,-0.41436568,-5.8226876,-0.26711047,2.4829416,46.221947,14.826459,10.438255,-0.45109946,-0.13785191,3.2,16.235136,142.74683,42.712555,0.0,4.7761192,10.848169,14.826459
33,Spain,1951,-0.11630773,9.4275455,-0.35298699,-0.66683483,-0.067619704,1.3230022,39.961655,17.430346,9.0462608,-0.36847356,0.25929743,3.2,-0.37688529,154.43521,48.477222,0.0,4.7534165,9.4275455,17.430346
33,Spain,1952,-0.58995807,-1.9854972,-0.29858294,-0.48698199,-0.49249095,1.5034722,38.903828,14.555651,8.9127674,-0.53911829,-0.61855876,3.2,0.0,105.07939,31.476276,0.0,4.7511582,-1.9854972,14.555651
33,Spain,1953,-0.47297898,1.6205742,-0.32720375,1.3465248,-0.70887429,1.3711349,40.299847,10.899143,9.1155653,-0.51373583,-0.40010291,3.2,0.0,101.92927,31.714832,0.0,4.7858338,1.6205742,10.899143
33,Spain,1954,-0.48118404,1.2307159,-0.28658181,-0.12308903,-0.61947221,2.2908678,35.380939,16.287209,8.9538555,-0.46899515,-0.45558238,3.0,-1.7654434,91.05645,27.890766,0.0,4.8186965,1.2307159,16.287209
33,Spain,1955,-0.42774573,4.0239725,-0.28238773,1.2977912,-0.88126504,2.3106999,35.095795,16.365528,9.2440586,-0.37200704,-0.49915934,3.0,0.0,89.117783,26.126795,0.0,4.8443747,4.0239725,16.365528
33,Spain,1956,-0.33607957,5.8526416,-0.23195396,-0.37303862,-0.25774804,2.2600944,34.324837,17.198013,9.4620275,-0.44705889,-0.16337356,3.4000001,0.0,101.25542,34.100883,0.0,4.8667722,5.8526416,17.198013
33,Spain,1957,-0.3379302,10.772458,-0.22842945,-0.91635001,-0.58216763,2.2346427,32.966797,14.535363,8.539958,-0.31554091,-0.39053008,4.0,6.0376463,99.325577,31.369181,0.0,4.9900198,10.772458,14.535363
33,Spain,1958,-0.54680747,13.378965,-0.19633064,-1.5428133,-0.94426614,1.9334354,30.015644,14.590961,10.074003,-0.4590688,-0.65611613,4.0,1.6887739,115.22129,32.028988,0.0,5.0006251,13.378965,14.590961
33,Spain,1959,-0.58099586,7.3097687,-0.23077103,-4.2656465,-0.83332962,1.905453,29.387407,6.7121348,11.913973,-0.54666257,-0.60587901,5.0,21.430151,82.10849,22.173866,0.0,5.0012503,7.3097687,6.7121348
33,Spain,1960,-0.42410451,1.1777711,-0.24375844,-1.9881966,-0.61316121,2.250747,30.02771,15.911447,11.839357,-0.46419379,-0.36141744,4.5999999,17.647808,86.417786,23.220928,0.0,4.9001594,1.1777711,15.911447
33,Spain,1961,-0.3831436,0.80925286,-0.15145272,-1.1943904,-0.67528385,2.0312448,27.479916,16.826572,9.5869999,-0.36347663,-0.43511829,4.0,0.0,126.08382,34.321644,0.0,4.5693398,0.80925286,16.826572
33,Spain,1962,-0.24137618,5.7064772,-0.080445103,0.18513863,-0.41306868,2.267746,25.455936,20.530367,10.711947,-0.40443379,-0.030992039,4.0,-0.19577746,124.72618,32.787754,0.0,4.3516102,5.7064772,20.530367
33,Spain,1963,-0.27393246,8.7436981,-0.0098760901,-0.73389071,-0.47651535,1.9696329,22.144575,15.444537,11.68635,-0.38034913,-0.16762321,4.0,-0.0175054,117.54991,29.943695,0.0,4.1897979,8.7436981,15.444537
33,Spain,1964,-0.42286044,6.9792466,0.01761434,-0.31000844,-0.48424703,1.9305586,18.782482,20.816044,10.484075,-0.43988475,-0.39924082,4.0,-0.016398657,90.5354,25.118935,0.0,4.237288,6.9792466,20.816044
33,Spain,1965,-0.52208346,13.214138,0.060193408,0.41444415,-0.28156483,1.8848668,17.599157,18.777443,11.269087,-0.52478349,-0.52161574,4.0,0.046975773,99.786484,27.744112,0.0,4.1845384,13.214138,18.777443
33,Spain,1966,-0.30763772,6.2403669,0.099271379,0.96435422,-0.12910429,2.0796194,17.103868,14.157422,12.417329,-0.56574428,0.013622588,4.0,0.051946327,90.635468,26.186134,0.0,4.0596771,6.2403669,14.157422
33,Spain,1967,-0.38215494,6.3916311,0.11743201,-1.304842,-0.41999784,1.851957,16.963472,15.379198,12.480669,-0.37273178,-0.38579202,4.5,1.7568421,112.60692,34.236263,0.0,3.8628681,6.3916311,15.379198
33,Spain,1968,-0.45686647,4.9543662,0.14149097,0.69613862,-0.59376919,2.2976725,17.506086,18.812551,12.995045,-0.49855918,-0.39069587,4.5,14.274337,104.20105,27.088116,0.0,3.6032789,4.9543662,18.812551
33,Spain,1969,-0.46985859,2.1603472,0.20333816,1.4680895,-0.66483229,2.4341676,17.936815,18.765245,13.097322,-0.50692487,-0.40691751,5.0,0.23903231,95.787491,25.894226,0.0,3.5335689,2.1603472,18.765245
33,Spain,1970,-0.39758101,5.7311449,0.21329886,2.1952164,-0.51805449,2.2866163,17.982586,15.074767,13.347736,-0.47673872,-0.29440528,4.0,-0.26419136,102.82236,28.321926,0.0,3.62483,5.7311449,15.074767
33,Spain,1971,-0.4955171,8.236887,0.23084638,1.7131635,-0.47921035,2.1079717,14.8693,24.595781,14.842979,-0.46250644,-0.5095439,5.0,-0.75048232,87.422432,23.878668,0.0,3.369556,8.236887,24.595781
33,Spain,1972,-0.60054797,8.2722874,0.27887148,2.4274213,-0.62153608,2.3177822,13.5564,22.761959,13.518691,-0.52410746,-0.67469382,5.0,-7.0780892,87.485275,23.350542,0.0,3.1680441,8.2722874,22.761959
33,Spain,1973,-0.53434169,11.416708,0.32058096,2.7649882,1.81598,2.1107416,11.9614,24.109867,12.730253,-0.49274418,-0.57066387,6.0,-9.2778988,76.668312,23.52039,0.0,4.7868981,11.416708,24.109867
33,Spain,1974,-0.50179118,15.680373,0.34235874,5.7498641,1.8070705,2.2075639,11.4724,19.020247,12.67039,-0.51186907,-0.45061123,7.0,-1.0131691,70.567474,19.785206,0.0,4.4215641,15.680373,19.020247
33,Spain,1975,0.0041779196,16.953285,0.31343687,2.5150509,0.059927374,2.0042622,11.7128,18.524103,12.688631,-0.26181781,0.3544634,6.6951666,-0.50095278,79.141571,24.360241,0.0,4.7444787,16.953285,18.524103
33,Spain,1976,-0.13742967,17.62488,0.31032985,2.8675451,-0.23455341,2.3210468,11.5058,21.497166,12.419164,-0.16857684,-0.085280657,9.9658337,16.517294,69.23243,20.028082,0.0,5.6745515,17.62488,21.497166
33,Spain,1977,-0.059958894,24.538063,0.30239806,1.2983503,0.20666386,2.3142326,12.5257,19.240879,13.465014,-0.055703651,-0.15932533,15.522414,13.606417,68.475105,19.891006,0.0,6.1111112,24.538063,19.240879
33,Spain,1978,-0.17434868,19.77367,0.28131109,-0.81353396,-0.21305072,2.3579574,12.653,20.003107,14.378177,-0.16855644,-0.24533027,17.590496,0.82507932,81.370934,24.343502,0.0,9.8472404,19.77367,20.003107
33,Spain,1979,-0.11332182,15.660235,0.24813449,-1.3931088,0.82489461,2.4970648,14.2506,21.045055,14.856988,-0.047565453,-0.23274985,15.520081,-12.374173,86.351082,24.43478,0.0,13.308195,15.660235,21.045055
33,Spain,1980,0.0028092174,15.578,0.2288647,1.6286241,0.44445494,2.4898958,15.9872,16.635466,16.608534,-0.09356112,0.096833758,16.522663,6.8014317,102.05772,28.664806,0.0,15.960834,15.578,16.635466
33,Spain,1981,0.10336658,14.549,0.19259073,4.7306685,-0.26333639,2.5821087,19.5762,16.418644,17.509644,-0.049529109,0.3260358,16.177664,28.854576,101.66919,30.321472,0.0,15.811666,14.549,16.418644
33,Spain,1982,0.23279792,14.416,0.17771323,5.1410236,-0.35192457,2.6603067,24.3971,15.19599,19.863338,-0.13014889,0.79259181,16.281498,19.167233,124.11795,36.333916,0.0,15.9875,14.416,15.19599
33,Spain,1983,0.041074947,12.174,0.16975139,7.628686,-0.34743467,2.9362729,29.4779,15.009267,20.593908,-0.18825814,0.29470494,20.049574,30.545189,103.87984,28.989204,0.0,16.371666,12.174,15.009267
33,Spain,1984,-0.23256098,11.28,0.15488383,8.632659,-0.41207358,2.9660056,35.357201,13.877411,22.318594,-0.28508034,-0.17076753,14.897829,11.932239,88.389366,22.039637,0.0,16.371666,11.28,13.877411
33,Spain,1985,-0.13972029,8.8149996,0.15154842,7.1669388,-0.57737643,2.9547217,40.2425,12.018596,22.583498,-0.17226735,-0.13010538,12.224417,5.6485782,92.283493,22.357563,0.0,13.3675,8.8149996,12.018596
33,Spain,1986,0.10133092,8.7950001,0.15438265,0.83452952,-0.34148499,2.6250367,41.557098,11.839479,22.908411,0.12258299,0.31912023,11.65775,-17.63592,91.707932,24.09161,0.0,11.354167,8.7950001,11.839479
33,Spain,1987,-0.38162667,5.2480001,0.18100707,0.98443437,-0.11182435,2.6147008,41.871101,12.326769,22.995359,-0.33698449,-0.3954618,15.822079,-11.868694,85.342255,19.857574,0.0,12.813334,5.2480001,12.326769
33,Spain,1988,-0.3440004,4.8369999,0.20308852,0.53764313,-0.50085902,2.4893751,38.360699,12.777708,22.477406,-0.40690783,-0.28207594,11.650333,-5.508604,72.833328,15.544892,0.0,11.744166,4.8369999,12.777708
33,Spain,1989,-0.49490175,6.7909999,0.22107187,0.35216525,-0.12803349,2.3596752,39.725601,14.307835,22.895933,-0.44766876,-0.53459918,15.036333,1.6467968,81.248924,17.088543,0.0,13.600583,6.7909999,14.307835
33,Spain,1990,-0.3655678,6.7220001,0.22951593,-2.2970054,0.40921402,2.2933052,41.452599,14.156189,22.004179,-0.44553545,-0.19623099,15.151584,-13.995691,100.47716,26.14612,0.0,14.6775,6.7220001,14.156189
33,Spain,1991,-0.23259199,5.934,0.22257373,-3.3188655,0.40101588,2.1291921,42.209202,10.90691,21.747911,-0.25332919,-0.012332279,13.22675,2.0960145,115.19403,27.288015,0.0,12.360551,5.934,10.90691
33,Spain,1992,-0.36128795,7.145,0.19918478,-3.7254159,-0.041066457,2.0428038,44.578999,4.7510524,22.717152,-0.4432072,-0.1984573,13.342,-1.63097,75.940979,17.878473,0.0,11.69519,7.145,4.7510524
33,Spain,1993,-0.30069706,4.5689998,0.15719472,-3.6746578,-0.3030566,2.0118718,55.5737,9.261035,25.670675,-0.4116841,-0.11709075,11.688084,24.66613,86.624359,19.369087,0.0,10.210794,4.5689998,9.261035
33,Spain,1994,-0.37494749,4.7179999,0.14950532,0.086411126,-0.51515931,2.0013373,58.1744,7.4500937,23.777472,-0.41017702,-0.1748307,8.0085001,4.8866458,88.633369,19.970943,0.0,9.9977913,4.7179999,7.4500937
33,Spain,1995,-0.51510781,4.6739998,0.14652643,2.2647917,-0.61411077,1.9170223,61.5424,10.620956,25.636578,-0.49955148,-0.48129654,9.3551664,-6.8181429,75.088799,15.391975,0.0,11.270935,4.6739998,10.620956
33,Spain,1996,-0.48286858,3.599,0.14046845,2.7584786,-0.50472993,1.8144391,65.4076,1.6258734,23.98493,-0.42779672,-0.51080292,7.4949999,1.5399591,61.413044,12.265207,0.0,8.7364616,3.599,1.6258734
33,Spain,1997,-0.48459715,1.877,0.14802018,6.6974773,-0.54856998,1.7228156,64.249496,0.31517994,22.415207,-0.48781377,-0.44218042,5.3733335,15.664492,39.673115,10.030985,0.0,6.4015346,1.877,0.31517994
33,Spain,1998,-0.54106706,1.7640001,0.16033061,7.1937828,-0.43321502,1.7573199,62.306,0.33365309,21.901354,-0.47843409,-0.56958455,4.2420001,1.9488705,51.792046,13.560987,0.0,4.8329263,1.7640001,0.33365309
33,Spain,1999,-0.53251171,2.2349999,0.17353159,8.1373987,-0.48709083,1.7552346,60.803902,8.8726778,21.066336,-0.39561293,-0.65692961,2.9635,4.6989746,58.142807,15.371209,0.0,4.7273116,2.2349999,8.8726778
33,Spain,2000,-0.57483929,3.484,0.18632425,12.522328,-0.029561216,1.725518,57.8153,8.3044329,20.564451,-0.47712621,-0.64239466,4.3917665,15.573078,45.607391,10.533389,0.0,5.525866,3.484,8.3044329
33,Spain,2001,-0.29898778,2.825,0.18255001,9.3575621,0.3151736,1.6295841,54.0495,13.87667,19.922737,-0.14920519,-0.49699455,4.2617831,2.9115925,111.46019,23.307537,0.0,5.115284,2.825,13.87667
33,Spain,2002,-0.27124766,3.5899999,0.1661709,5.3721094,-0.2155394,1.4559737,51.249901,7.4370713,18.514393,-0.15371232,-0.37585029,3.3185916,-5.0621185,111.12048,23.812454,0.0,4.9576411,3.5899999,7.4370713
33,Spain,2003,0.4570199,3.1029999,0.15136851,2.6159642,-0.22295454,1.4225444,47.7117,9.4071503,17.995403,0.39178571,0.77244127,2.3334668,-16.512545,135.32417,30.854254,0.0,4.1230435,3.1029999,9.4071503
33,Spain,2004,0.48688921,3.0539999,0.13841324,2.5531278,-0.43974245,1.4302212,45.365501,8.4538841,18.585073,0.70044982,0.40572649,2.1063249,-9.1334419,110.70305,22.630423,0.0,4.1041431,3.0539999,8.4538841
33,Spain,2005,-0.17260295,3.3840001,0.12853245,1.6486042,-0.1767589,1.3871777,42.430199,11.572635,17.676903,-0.028749462,-0.2739453,2.184675,0.031681277,83.537979,17.561243,0.0,3.3863494,3.3840001,11.572635
33,Spain,2006,-0.36564618,3.5610001,0.12177051,1.8933866,-0.10578517,1.3700075,39.0639,12.937157,17.78989,-0.27741078,-0.3651984,3.0792251,-0.98656887,86.026413,20.341024,0.0,3.7843101,3.5610001,12.937157
33,Spain,2007,-0.394995,2.8429999,0.10830646,2.2794795,0.01037333,1.3631064,35.764599,14.83072,18.032167,-0.33614537,-0.4110772,4.2776084,-8.3312426,84.868973,17.271297,0.0,4.3066268,2.8429999,14.83072
33,Spain,2008,-0.46017227,4.131,0.070135407,-0.6931169,-0.04773638,1.3676205,39.712002,10.108667,18.73982,-0.34173533,-0.58721346,4.6342335,-6.4666138,71.192848,15.628695,0.0,4.3637323,4.131,10.108667
33,Spain,2009,-0.50547236,-0.23899999,-0.0071741221,-10.874401,-0.47279227,1.3583539,53.261299,-1.5031068,22.648441,-0.43915537,-0.54148716,1.2283584,5.1878705,69.581642,16.323227,0.0,3.9742982,-0.23899999,-1.5031068
33,Spain,2010,-0.30878413,2.043,-0.041061111,-6.2253795,-0.20079955,1.3816645,60.515301,-5.0035977,20.807787,-0.26880535,-0.36619946,0.81094998,5.1338181,73.838913,18.152281,0.0,4.250001,2.043,-5.0035977
33,Spain,2011,-0.48705173,3.05,-0.081439912,-1.6300472,0.11387762,1.3257362,69.850403,-4.7056971,20.409151,-0.45009997,-0.47363427,1.3906,-4.8501892,75.721146,18.551901,0.0,5.4368944,3.05,-4.7056971
33,Spain,2012,-0.52619129,2.4360001,-0.14174639,-0.82840556,-0.27519569,1.4169518,86.306801,0.86011153,26.073441,-0.51182741,-0.51151437,0.57318336,8.2926064,69.216782,17.758408,0.0,5.8465371,2.4360001,0.86011153
33,Spain,2013,-0.60681349,1.53,-0.18327516,-0.97045624,-0.27051929,1.2661887,95.782204,-5.2267294,22.81016,-0.51248491,-0.67681992,0.22066666,-3.2886987,70.025406,17.296743,0.0,4.5619621,1.53,-5.2267294
33,Spain,2014,-0.50604576,-0.19,-0.19605319,-0.51419568,-0.30306131,1.2462595,100.7005,3.9656291,21.875332,-0.521896,-0.42547554,0.20993334,0.093858041,80.853844,22.510672,0.0,2.7218311,-0.19,3.9656291
33,Spain,2015,-0.29501125,-0.62900001,-0.18655309,-1.6216226,-0.28670335,1.2596927,99.303001,5.8814197,20.709082,-0.25851324,-0.26873621,-0.019366667,19.624214,94.918381,24.731415,0.0,1.7350873,-0.62900001,5.8814197
33,Spain,2016,-0.33316949,-0.33700001,-0.18990485,-3.3217437,-0.28701293,1.128481,99.166298,6.1256557,19.762623,-0.2668409,-0.30932915,-0.26369166,0.22109132,84.358536,23.221621,0.0,1.3933022,-0.33700001,6.1256557
33,Spain,2017,-0.27505952,2.036,-0.1952838,-1.6675533,0.33052388,1.2221109,98.556602,1.3757298,18.783819,-0.22823565,-0.35996002,-0.32905,-1.8642764,86.290787,26.675699,0.0,1.5578659,2.036,1.3757298
33,Spain,2018,-0.65565854,1.7359999,-0.20780641,-2.1660509,0.47220686,1.2456248,97.514297,3.9973593,19.039873,-0.56969225,-0.75101417,-0.32209167,-4.4481721,67.708572,22.235535,0.0,1.4193523,1.7359999,3.9973593
33,Spain,2019,-0.35890004,0.77999997,-0.22741164,-4.1662474,0.64239401,1.2246453,95.537003,3.7550626,18.71558,-0.43773797,-0.17906323,-0.35633335,5.4067965,69.926216,23.441414,0.0,0.66101831,0.77999997,3.7550626
33,Spain,2020,-0.21988481,-0.33700001,-0.38041508,-12.460127,2.5984612,1.354296,119.9507,10.148842,25.7659,-0.47921813,0.11507724,-0.35633335,-1.8559247,66.154915,18.638008,0.0,0.37947765,-0.33700001,10.148842
33,Spain,2021,-0.57695884,3.0079999,-0.34972671,-6.7716961,2.3797741,1.337689,132.547,31.837219,23.8279,-0.56362301,-0.53974855,-0.35633335,-3.5179076,58.633369,17.713369,0.0,0.34875023,3.0079999,31.837219
33,Spain,2022,0.055433974,8.323,-0.32936156,3.9240389,5.1001925,1.4055469,109.218,-8.6931934,20.7689,-0.085563786,0.66366279,0.34156665,12.505229,112.93623,50.030273,0.0,2.1985586,8.323,-8.6931934
33,Spain,2023,-0.15460607,3.4000001,-0.34723315,-3.9359105,3.1036556,1.4715775,107.26,0.90774333,19.7829,-0.24932282,0.059023857,3.4305999,-2.8074944,99.392548,39.198814,0.0,3.4863932,3.4000001,0.90774333
34,Sweden,1900,-0.64614737,1.1764706,0.13361704,2.3812261,-0.59861565,2.5815203,15.493115,8.3702765,7.2477021,-0.47996569,-0.82918012,5.875,,72.415619,21.7605,0.0,3.79725,1.1764706,8.3702765
34,Sweden,1901,-0.62391478,-2.4418604,0.12000502,-3.6694043,-0.57053852,2.9462347,16.277559,6.8575382,7.9387093,-0.42454052,-0.84234089,5.4166665,0.0,43.076683,12.144192,0.0,3.7675834,-2.4418604,6.8575382
34,Sweden,1902,-0.63380891,0.83432657,0.085273638,2.696594,-0.47767463,3.3230946,16.161087,4.3304086,8.3784389,-0.44850823,-0.8549183,4.875,0.0,43.4799,11.160576,0.0,3.6688333,0.83432657,4.3304086
34,Sweden,1903,-0.57084292,1.6548463,0.10769431,2.6109726,-0.79080892,3.1799824,14.659344,5.5328889,7.6566377,-0.50975454,-0.62871337,4.5,0.0,49.491287,13.46318,0.0,3.6695001,1.6548463,5.5328889
34,Sweden,1904,-0.49948755,-1.1627907,0.11343071,4.3558211,-0.8458358,3.4250107,16.268274,4.6991186,8.4183407,-0.36620924,-0.65090644,4.625,0.0,76.692307,24.623768,0.0,3.7120833,-1.1627907,4.6991186
34,Sweden,1905,0.11030738,2.1176472,0.081802875,5.4765573,-0.7515862,3.1422832,16.647684,7.3507023,8.3504353,-0.088162504,0.37759387,4.75,0.0,54.05724,15.954529,0.0,3.7243333,2.1176472,7.3507023
34,Sweden,1906,-0.63231891,2.0737326,0.12928115,5.5664768,-0.73164469,2.9343178,15.350559,10.196743,7.6117249,-0.43799469,-0.83664656,5.1666665,0.0,40.733101,9.2865982,0.0,3.8054166,2.0737326,10.196743
34,Sweden,1907,-0.58282638,5.1918736,0.1619844,1.5915837,-0.69686341,2.8339677,14.96872,7.7763772,7.492003,-0.40714115,-0.80900043,6.125,0.0,34.413788,7.3002024,0.0,3.9138334,5.1918736,7.7763772
34,Sweden,1908,-0.60994184,1.5021459,0.11300045,-2.83499,-0.84889472,2.8201194,16.934553,5.5325103,8.7947798,-0.52605718,-0.69150162,5.8333335,0.0,32.829559,7.7855811,0.0,3.9955833,1.5021459,5.5325103
34,Sweden,1909,-0.5911628,-0.95137423,0.080155544,-1.8793097,-0.68537283,3.1007733,18.104126,2.9398298,9.0283298,-0.37882867,-0.84701264,4.6666665,0.0,30.923229,6.9243693,0.0,3.8831666,-0.95137423,2.9398298
34,Sweden,1910,-0.69365442,0.0,0.10025007,-1.3223426,-0.64571816,2.741214,16.621719,4.495955,8.2586279,-0.49639633,-0.93814421,4.625,0.0,30.885345,6.0774064,0.0,3.8801668,0.0,4.495955
34,Sweden,1911,-0.62400454,2.9882605,0.10216567,7.2079773,-0.77643591,2.5394545,18.298941,4.4225712,8.0848169,-0.48034957,-0.80371153,4.625,0.0,52.696037,13.329568,0.0,3.9553332,2.9882605,4.4225712
34,Sweden,1912,-0.60557872,2.0725389,0.10624493,11.615425,-0.66843206,2.4458458,16.861462,5.4680333,6.8611631,-0.36512581,-0.93312949,4.8333335,0.0,53.76284,13.093267,0.0,4.0354166,2.0725389,5.4680333
34,Sweden,1913,-0.61981392,0.30456853,0.1358369,12.227636,-0.60110211,2.3143468,16.709682,5.4251103,6.5137887,-0.39950281,-0.85210061,5.5,0.0,49.213394,11.631125,0.0,4.3379998,0.30456853,5.4251103
34,Sweden,1914,0.78841853,1.3157895,0.097301975,3.9243419,-0.62273437,2.2250752,18.718494,6.9084692,6.6036658,0.92060637,0.45447832,5.25,0.0,199.27412,67.733932,0.0,4.5738335,1.3157895,6.9084692
34,Sweden,1915,1.9791766,14.885115,0.093620285,30.865362,0.28935429,2.0381415,18.278202,9.9348898,8.689208,2.1182997,1.5484529,5.5,3.5388732,269.59604,88.79303,0.0,4.8917499,14.885115,9.9348898
34,Sweden,1916,1.0132285,13.043478,0.12271377,17.903259,0.70672148,2.5467534,16.737715,20.581842,7.2096238,1.2429074,0.3706834,5.25,-10.512685,260.30356,76.667755,0.0,5.1848335,13.043478,20.581842
34,Sweden,1917,3.4338343,26.153847,-0.039003886,-6.8239598,2.109988,2.234621,16.289436,25.276199,9.1108789,2.9422607,3.7603672,5.75,-11.516204,296.97101,90.321068,0.0,5.1883335,26.153847,25.276199
34,Sweden,1918,2.9527931,46.951218,-0.091764241,-9.6102591,2.7322373,3.0480354,17.733843,33.940575,16.600723,2.8802094,2.5749171,6.9583335,-1.0137389,331.62021,104.11389,0.0,5.4675002,46.951218,33.940575
34,Sweden,1919,0.61147481,10.373444,-0.10693479,3.1981995,0.45663473,1.6061029,13.758257,9.7784004,7.4057884,0.63915354,0.55249524,6.375,29.335978,166.6438,50.067078,0.0,5.4233332,10.373444,9.7784004
34,Sweden,1920,-0.27224863,1.8796992,-0.093498431,15.586521,-0.079594947,1.3523278,11.59739,3.3541873,7.022954,-0.17934154,-0.44709581,7.0,24.623249,102.06319,26.646553,0.0,6.0908332,1.8796992,3.3541873
34,Sweden,1921,-0.28953692,-14.187557,-0.23276654,-13.96949,-0.63995659,1.5993526,15.164336,-2.9481416,10.827951,-0.094325259,-0.48064509,6.4166665,-10.616932,72.843681,19.199741,0.0,5.8766665,,-2.9481416
34,Sweden,1922,-0.63305724,-14.187557,-0.15460975,-10.121513,-0.17210513,2.4397664,18.053749,-5.6276011,10.45387,-0.4557665,-0.86753261,4.8333335,-12.359551,64.923538,14.965951,0.0,4.7816668,,-5.6276011
34,Sweden,1923,-0.45914337,-5.4347825,-0.1518507,-5.9964538,0.1034437,2.209897,18.771177,-4.456943,9.8172884,-0.35362282,-0.56432766,4.6666665,-1.4652013,58.87146,15.71153,0.0,4.8516665,-5.4347825,-4.456943
34,Sweden,1924,-0.46244514,0.0,-0.12778653,-4.1262856,-0.6232639,2.0874515,18.469469,-2.1300268,8.3656502,-0.38659772,-0.50030082,5.5,0.10621212,49.706013,11.501285,0.0,4.8899999,0.0,-2.1300268
34,Sweden,1925,-0.52285945,1.7241379,-0.15518261,-3.2261465,-0.63673294,2.0721309,19.046679,-0.83754331,8.2191381,-0.439399,-0.63915938,5.125,-1.1936359,45.767529,11.583406,0.0,4.8141665,1.7241379,-0.83754331
34,Sweden,1926,-0.55578512,-3.3898306,-0.11519398,-2.1740274,-0.64036411,1.9559108,18.728411,1.8073682,8.0187664,-0.44586465,-0.66303748,4.5,0.29530621,37.680462,9.4742823,0.0,4.6824999,-3.3898306,1.8073682
34,Sweden,1927,-0.50013256,-1.1695906,-0.11160182,1.5042462,-0.84865677,1.8551677,19.109404,2.2410824,8.0678349,-0.34476501,-0.73165047,4.125,-0.18736535,45.88192,11.818598,0.0,4.5716667,-1.1695906,2.2410824
34,Sweden,1928,-0.62120324,1.183432,-0.11682565,1.1410624,-0.57110465,1.6755841,18.573441,1.1382239,7.2446985,-0.42696589,-0.83559948,4.0416665,0.053629793,37.190571,8.9952822,0.0,4.6183333,1.183432,1.1382239
34,Sweden,1929,-0.5753814,-1.7543859,-0.071069136,3.5048172,-0.34421209,1.6484801,17.790068,3.5607789,7.4356661,-0.40671536,-0.8003251,4.7916665,0.080407962,40.538773,10.658247,0.0,4.5566669,-1.7543859,3.5607789
34,Sweden,1930,-0.54949784,-3.5714285,-0.059843969,-2.4189122,-0.62426168,1.5383824,17.288506,4.3857589,7.3939881,-0.42602116,-0.7062211,3.7083333,-0.26780906,42.976971,10.761852,0.0,4.1766667,-3.5714285,4.3857589
34,Sweden,1931,-0.60964906,-3.0864198,-0.096586928,-8.8336573,-0.5479092,1.720443,18.939398,0.75790817,8.0722532,-0.45022988,-0.75198346,4.375,6.3372736,44.57341,11.307102,0.0,4.2191668,-3.0864198,0.75790817
34,Sweden,1932,-0.52053666,-1.2738854,-0.16804244,-12.813379,-0.6586085,1.7617792,23.603302,2.4326606,9.3665228,-0.36956698,-0.69903207,4.3333335,36.717171,59.718971,16.154768,0.0,4.3166666,-1.2738854,2.4326606
34,Sweden,1933,-0.49612722,-2.5806451,-0.16031004,-12.034244,-0.769844,1.4276528,25.583084,2.2784846,11.487555,-0.46848503,-0.50814354,3.1666667,-16.161802,52.87656,13.766982,0.0,4.0216665,-2.5806451,2.2784846
34,Sweden,1934,-0.45138422,0.66225165,-0.12612726,-8.8091555,-0.66672188,1.6105999,23.470215,1.8755065,9.4061937,-0.44275102,-0.44957021,2.5,-15.201588,52.097977,11.947808,0.0,3.4716666,0.66225165,1.8755065
34,Sweden,1935,-0.33704743,1.9736842,-0.090768807,-8.7088909,-0.44007972,1.4948822,23.415295,3.256377,10.379587,-0.32838476,-0.31080458,2.5,2.8059247,82.748703,24.5832,0.0,3.1900001,1.9736842,3.256377
34,Sweden,1936,-0.21988961,1.2903225,-0.059061956,-6.026093,-0.44666186,1.7058998,21.300114,4.9013853,9.4316492,-0.26325557,-0.049125493,2.5,-1.3899436,91.402847,28.193163,0.0,3.1241667,1.2903225,4.9013853
34,Sweden,1937,-0.40614331,3.1847134,-0.061223887,2.3513389,-0.50248504,1.8001243,18.356432,5.0405326,9.0387373,-0.39676592,-0.33332539,2.5,0.56381536,87.478371,28.331341,0.0,3.0391667,3.1847134,5.0405326
34,Sweden,1938,-0.091795228,1.8518518,-0.049836949,-1.974676,-0.61643928,2.7044144,19.172531,6.6411076,10.27244,-0.18704781,0.11946715,2.5,1.146791,102.05727,35.129322,0.0,2.3383334,1.8518518,6.6411076
34,Sweden,1939,2.8769605,3.030303,0.011136776,-1.0514169,0.51028585,3.4893401,18.98469,6.456872,11.375011,2.2988017,3.8066494,2.5416667,5.0138602,191.01532,68.902435,1.8112601,2.8966668,3.030303,6.456872
34,Sweden,1940,5.2739348,13.529411,-0.1097032,-13.330778,2.400394,3.5192039,24.634996,-0.075564742,19.604156,5.1356387,5.1299629,3.3333333,0.79174644,200.07191,74.595657,3.7432015,3.9133334,13.529411,-0.075564742
34,Sweden,1941,1.328397,13.471502,-0.13688615,-18.24507,1.0825025,4.5231967,31.735388,10.794616,23.837868,1.5598837,0.56206506,3.1666667,-0.095219873,241.92404,81.84938,0.0,3.3908334,13.471502,10.794616
34,Sweden,1942,1.9275424,6.8493152,-0.15482321,-19.525984,2.6234245,5.2208343,39.029007,10.678257,23.071724,2.4122443,0.45535007,3.0,-0.16678508,306.14059,89.911072,0.0,3.2325001,6.8493152,10.678257
34,Sweden,1943,3.9916568,0.42735043,-0.13379002,-21.533087,3.4979124,5.1277084,45.807617,12.799872,23.624331,4.7695403,1.6763209,3.0,0.0,344.39383,102.23312,0.0,3.2741666,0.42735043,12.799872
34,Sweden,1944,4.030097,-0.42553192,-0.13755617,-24.493786,2.3946986,5.259891,49.223572,10.919009,23.275246,4.4491792,2.1984479,3.0,0.0,376.73724,114.86274,0.0,3.2783334,-0.42553192,10.919009
34,Sweden,1945,1.2692038,-0.42735043,-0.1520211,-23.814531,2.8391962,5.1861439,52.645744,9.8760071,22.604181,1.5698067,0.52827775,2.5416667,0.0,240.73561,75.602158,0.0,3.0408332,-0.42735043,9.8760071
34,Sweden,1946,0.03134172,0.42918456,-0.084433533,-11.141493,2.8981144,4.4519601,47.243465,6.9744549,15.421531,-0.0041854191,0.044656064,2.5,0.0,122.23141,36.818954,0.0,3.0116668,0.42918456,6.9744549
34,Sweden,1947,-0.020567225,2.9914529,-0.054571643,-1.5563198,3.6801205,3.7696154,43.267918,5.3793612,14.61049,-0.03911487,0.0021392421,2.5,-14.200478,99.266258,26.191572,0.0,3.0233333,2.9914529,5.3793612
34,Sweden,1948,0.42467147,5.8091288,-0.074615754,-3.3779776,1.4027971,3.2928452,39.83902,5.2881522,15.132083,-0.046934944,1.0712525,2.5,-0.027814396,114.34803,32.067463,0.0,3.0775001,5.8091288,5.2881522
34,Sweden,1949,-0.10362944,0.39215687,-0.085733466,-7.2393861,0.1315698,4.0043888,39.262836,8.2299852,17.044548,-0.17333743,0.069444098,2.5,2.7545903,83.723862,22.869505,0.0,3.0174999,0.39215687,8.2299852
34,Sweden,1950,0.32577032,1.5625,-0.049308825,5.1527162,0.12994069,4.0189934,36.479656,6.45013,16.575388,-0.11425403,0.92588365,2.5416667,40.069603,142.74683,42.675331,0.0,3.1083333,1.5625,6.45013
34,Sweden,1951,0.026966592,15.841584,-0.052712232,21.349611,0.605551,4.0529141,30.343874,13.447844,15.518705,-0.20436034,0.40960252,3.0,0.0084991949,154.43521,48.601334,0.0,3.2316666,15.841584,13.447844
34,Sweden,1952,-0.17827567,7.6923075,-0.067182779,8.9897003,0.15004475,4.5109835,27.701477,4.6020398,17.545147,-0.21314354,-0.091502853,3.0,0.0,105.07939,31.445496,0.0,3.2816668,7.6923075,4.6020398
34,Sweden,1953,0.099240161,1.5873016,-0.062619157,2.2518122,-0.18060021,5.0735393,27.472267,10.035119,19.812162,-0.12312897,0.37895766,2.9583333,0.32814983,101.92927,31.670649,0.0,3.2741666,1.5873016,10.035119
34,Sweden,1954,-0.24899817,0.78125,-0.035587437,3.7350459,-0.57915002,5.0795178,27.983303,6.5328879,19.422506,-0.30884379,-0.18735288,2.75,0.16119091,91.05645,27.922398,0.0,3.2441666,0.78125,6.5328879
34,Sweden,1955,-0.20874132,3.1007752,-0.035467673,5.203485,-0.47247401,5.025794,27.804388,3.5460258,19.06884,-0.41433412,0.089571819,2.2,-0.083644018,89.117783,26.172007,0.0,4.1700001,3.1007752,3.5460258
34,Sweden,1956,0.044807117,4.9418101,-0.032527406,6.4739132,0.53796917,4.847724,27.150103,5.9625797,19.315464,-0.24081923,0.49359784,2.5,0.047167756,101.25542,34.127377,0.0,4.6900001,4.9418101,5.9625797
34,Sweden,1957,-0.1963715,4.3204546,-0.038420528,7.9814844,0.029440077,4.8368182,27.541811,7.6596379,20.020264,-0.30427215,-0.054175038,4.5,-0.26066753,99.325577,31.449812,0.0,4.9699998,4.3204546,7.6596379
34,Sweden,1958,0.1987341,4.3935266,-0.04335472,2.5497696,-0.5991894,4.8880138,28.621067,8.3221149,21.356846,-0.35270926,1.0355357,2.8,-0.032217808,115.22129,31.930716,0.0,4.8299999,4.3935266,8.3221149
34,Sweden,1959,-0.42813778,0.80389547,-0.018535685,0.63310981,-0.49494949,4.848187,28.130514,12.341449,21.244696,-0.4946478,-0.3223899,3.5,-0.14229363,82.10849,22.203804,0.0,4.9299998,0.80389547,12.341449
34,Sweden,1960,-0.093036681,4.1417789,-0.0096649332,5.2008429,-0.31982499,3.7769709,27.776339,1.8636328,21.252243,-0.25757819,0.16049446,4.1937499,-0.13202712,86.417786,23.241341,0.0,5.1199999,4.1417789,1.8636328
34,Sweden,1961,0.51585221,2.1579731,0.018059975,2.5346382,-0.26243728,3.7206132,25.122997,6.4871502,20.706711,0.15473866,1.1061494,4.59375,-0.01166431,126.08382,34.220825,0.0,5.3800001,2.1579731,6.4871502
34,Sweden,1962,0.1893786,4.7661972,0.032011695,1.3661779,-0.32043493,3.8634443,22.162741,9.6758976,20.517008,-0.3532289,1.0058131,3.0125,-0.23063695,124.72618,32.821636,0.0,4.8299999,4.7661972,9.6758976
34,Sweden,1963,-0.27196515,2.8717403,0.056173943,1.000466,0.022553159,3.9672773,20.020836,8.5516644,21.473709,-0.34600747,-0.13674627,3.9000001,0.64758158,117.54991,30.068787,0.0,5.2199998,2.8717403,8.5516644
34,Sweden,1964,-0.047620334,3.3876624,0.092823379,1.1414971,-0.18803035,3.8661978,18.041809,7.5230298,20.701126,-0.281645,0.23038299,4.8583331,-0.71941519,90.5354,25.129532,0.0,5.8699999,3.3876624,7.5230298
34,Sweden,1965,-0.44102383,5.0127711,0.098951675,0.75727755,-0.20726457,3.9126308,16.292055,5.2724509,21.872402,-0.45359558,-0.40463659,5.9833331,0.13708633,99.786484,27.802065,0.0,5.2600002,5.0127711,5.2724509
34,Sweden,1966,-0.41060227,6.404808,0.088090755,-0.7591989,-0.15466531,3.8580132,15.319026,8.0915918,23.327093,-0.43946275,-0.35967016,6.1833334,0.14967513,90.635468,26.328449,0.0,6.3499999,6.404808,8.0915918
34,Sweden,1967,0.075004175,4.289319,0.091640584,-2.4979284,-0.27243015,3.6114519,15.448419,13.18797,24.285013,-0.10152861,0.29446813,4.7958331,-0.077984296,112.60692,34.236263,0.0,6.8000002,4.289319,13.18797
34,Sweden,1968,-0.11268665,1.9431258,0.09996333,-2.1579125,-0.40707159,3.4765468,16.97506,11.34264,25.018559,-0.28400043,0.12131844,5.9041667,0.11297517,104.20105,27.099054,0.0,6.1900001,1.9431258,11.34264
34,Sweden,1969,-0.17593057,2.6919947,0.12018199,-0.29814929,-0.17062807,3.4592807,16.889578,4.808248,24.639774,-0.19168755,-0.20584419,7.0416665,0.043583255,95.787491,25.914038,0.0,7.27,2.6919947,4.808248
34,Sweden,1970,-0.1121302,7.0163589,0.15217495,1.6513611,-0.29102388,3.3586683,17.385336,5.539722,24.795364,-0.14894482,-0.076056048,8.4375,0.29771838,102.82236,28.357979,0.0,7.3200002,7.0163589,5.539722
34,Sweden,1971,-0.22125922,7.3955412,0.13294537,-0.13738427,-0.40340233,3.4100368,17.346344,9.9306984,25.244629,-0.28147092,-0.07311929,5.8541665,-1.5402716,87.422432,23.897881,0.0,7.1399999,7.3955412,9.9306984
34,Sweden,1972,-0.23908831,6.0073895,0.1309735,-1.4113833,-0.074564837,3.4079645,17.792578,11.770973,26.487377,-0.25473613,-0.21897072,3.75,-6.8172073,87.485275,23.329102,0.0,7.3000002,6.0073895,11.770973
34,Sweden,1973,-0.40935871,6.7179976,0.14651945,2.6013634,1.7151382,3.2785873,18.568144,12.83548,25.955162,-0.3486653,-0.47643092,2.7916667,-8.3067713,76.668312,23.56591,0.0,7.4000001,6.7179976,12.83548
34,Sweden,1974,-0.41114002,9.911725,0.15360513,13.798855,1.249325,3.2153971,19.532732,8.9019051,26.754436,-0.31764042,-0.49770623,6.8541665,1.7167333,70.567474,19.84499,0.0,7.8000002,9.911725,8.9019051
34,Sweden,1975,-0.40404043,9.7798738,0.15349464,5.1510916,-0.12266955,3.0816031,20.287762,12.675813,26.836395,-0.33486405,-0.43043169,7.2916665,-6.3890901,79.141571,24.633806,0.0,6.8000002,9.7798738,12.675813
34,Sweden,1976,-0.15853864,10.249225,0.13900872,4.8050771,-0.12122174,3.0031128,19.545889,5.0852571,27.951931,-0.15376805,-0.099250339,6.5,4.805367,69.23243,20.185452,0.0,9.3000002,10.249225,5.0852571
34,Sweden,1977,-0.3335138,11.441805,0.097945087,3.5398073,0.058411863,3.1010821,21.697777,9.3886881,30.393049,-0.29141819,-0.38258174,9.416667,2.9841676,68.475105,20.121206,0.0,9.6999998,11.441805,9.3886881
34,Sweden,1978,-0.22757725,9.995265,0.09116488,1.8232843,-0.21158423,3.1477754,24.894325,18.01952,32.601604,-0.13111167,-0.34407812,6.625,0.77060413,81.370934,24.500879,0.0,10.1,9.995265,18.01952
34,Sweden,1979,-0.46979544,7.2097859,0.10556174,6.7935047,0.92002589,3.1233575,29.270409,16.390507,33.514874,-0.39381954,-0.57635403,6.7916665,-5.1186233,86.351082,24.6733,0.0,10.5,7.2097859,16.390507
34,Sweden,1980,-0.26650295,17.452,0.099005669,5.6704736,-0.078926183,2.9234517,35.770763,10.776054,32.552425,-0.34907845,-0.14290388,11.575,-1.3783941,102.05772,28.906466,0.0,11.7,17.452,10.776054
34,Sweden,1981,-0.12125431,12.108,0.074726298,4.6771903,0.095495217,2.9482372,43.041687,13.589362,35.907372,-0.27350026,0.13896133,12.541667,19.937662,101.66919,30.572861,0.0,13.5,12.108,13.589362
34,Sweden,1982,-0.21888334,8.5780001,0.06504602,8.7146482,-0.43907028,2.8537548,49.486149,7.7298422,35.843636,-0.35986096,0.02395835,13.216666,24.11796,124.11795,36.66264,0.0,13.0,8.5780001,7.7298422
34,Sweden,1983,0.010038946,8.9069996,0.061636411,11.463852,-0.60853618,2.7378225,56.26088,6.9931316,37.742958,-0.30446309,0.45070973,12.34,21.942974,103.87984,29.184174,0.0,12.3,8.9069996,6.9931316
34,Sweden,1984,0.23217094,8.0209999,0.081763253,10.424808,-0.41720927,2.6719613,59.443878,7.20509,36.104435,-0.31356746,1.0444759,11.930833,7.791182,88.389366,22.067528,0.0,12.3,8.0209999,7.20509
34,Sweden,1985,-0.27859715,7.3670001,0.081050664,9.2975006,-0.61451882,2.6730084,63.563282,-0.62638611,36.5807,-0.34954682,-0.15576774,14.174167,3.9244821,92.283493,22.5413,0.0,13.094167,7.3670001,-0.62638611
34,Sweden,1986,0.079564869,4.2329998,0.086311661,2.5779464,-0.47727537,2.5865684,61.564415,10.59652,32.748795,-0.23774989,0.58473051,9.8308334,-17.170786,91.707932,24.296396,0.0,10.2625,4.2329998,10.59652
34,Sweden,1987,-0.39309949,4.2220001,0.096455254,2.040138,-0.42141619,2.482796,58.242214,4.1728168,31.511248,-0.40616915,-0.29358798,9.3908329,-10.961531,85.342255,19.964407,0.0,11.68,4.2220001,4.1728168
34,Sweden,1988,-0.44004694,5.7979999,0.097739458,0.71007305,-0.27339298,2.4455161,52.332684,5.1816616,29.020718,-0.37315926,-0.49620828,10.083333,-3.2541182,72.833328,15.678434,0.0,11.351666,5.7979999,5.1816616
34,Sweden,1989,-0.45899341,6.4369998,0.098155595,0.37975496,-0.14547575,2.43275,46.726154,10.012508,27.290512,-0.34376985,-0.59100759,11.499166,5.139535,81.248924,17.162159,0.0,11.18,6.4369998,10.012508
34,Sweden,1990,-0.31716681,10.47,0.08011172,-3.8768187,0.44524854,2.4622209,42.19817,11.331514,28.512854,-0.34629589,-0.22458793,13.664166,-8.2323647,100.47716,26.242496,0.0,13.159166,10.47,11.331514
34,Sweden,1991,-0.40354872,8.7919998,0.041578874,-9.6676455,-0.23169471,2.3198845,40.893967,3.979826,29.266525,-0.34024665,-0.38340786,11.593333,2.3138189,115.19403,27.460672,0.0,10.690833,8.7919998,3.979826
34,Sweden,1992,-0.17771173,1.378,0.0032570448,-11.060723,-0.14198332,2.3387909,46.488281,3.1822784,32.213894,-0.37113488,0.13374054,12.849167,-3.851527,75.940979,17.94491,0.0,10.016666,1.378,3.1822784
34,Sweden,1993,-0.21606739,4.6890001,-0.043669056,-4.7740574,-0.37906477,2.2350082,58.78421,3.9847698,36.673908,-0.23952785,0.03334843,8.3516665,33.983418,86.624359,19.470053,0.0,8.5391665,4.6890001,3.9847698
34,Sweden,1994,-0.4108685,2.9100001,-0.032370228,-0.17164639,-0.54546767,2.1070323,67.565964,0.3196913,32.972469,-0.37175342,-0.37414005,7.4008331,-1.1072114,88.633369,20.084667,0.0,9.4949999,2.9100001,0.3196913
34,Sweden,1995,-0.3646791,2.4649999,-0.019158075,3.4265099,-0.48842105,1.7425052,72.755821,5.1828804,31.775728,-0.37076205,-0.29080203,8.7458334,-7.4666095,75.088799,15.435511,0.0,10.244166,2.4649999,5.1828804
34,Sweden,1996,-0.4117271,1.02,-0.027359948,0.10040955,-0.59476388,1.4734317,73.064896,11.257745,43.570812,-0.40498689,-0.38907126,5.7925,-6.0390272,61.413044,12.333181,0.0,8.0266666,1.02,11.257745
34,Sweden,1997,-0.51160681,1.818,-0.024725921,4.4170651,-0.62528431,1.8956807,70.920799,1.159739,32.001438,-0.48588187,-0.45137623,4.1075001,13.861448,39.673115,10.12097,0.0,6.6141667,1.818,1.159739
34,Sweden,1998,-0.53762221,1.008,-0.0090859076,5.5664568,-0.47773075,1.8589814,68.30899,2.4499471,33.66021,-0.47112486,-0.55713892,4.1900001,4.1648102,51.792046,13.632857,0.0,4.9891667,1.008,2.4499471
34,Sweden,1999,-0.60442084,0.56999999,0.014697784,4.8695984,-0.61304271,1.8521582,60.5061,27.891106,33.054333,-0.48911065,-0.68196607,3.1150999,3.9901359,58.142807,15.461934,0.0,4.98,0.56999999,27.891106
34,Sweden,2000,-0.46511894,1.295,0.035919204,10.265486,-0.35709339,1.8121961,50.3479,5.3512516,31.777048,-0.44046432,-0.47568646,3.9546084,10.883399,45.607391,10.574369,0.0,5.3674998,1.295,5.3512516
34,Sweden,2001,-0.24295324,2.681,0.024303013,8.1141186,-0.10853764,1.7664491,51.897099,0.050122242,30.894464,-0.14702077,-0.36077517,3.9956417,12.777303,111.46019,23.415356,0.0,5.1075001,2.681,0.050122242
34,Sweden,2002,-0.33864403,1.936,0.021360742,3.3624961,-0.60757792,1.6286522,49.805698,8.3788929,31.867229,-0.34421059,-0.22607784,4.0665751,-6.0307097,111.12048,23.953873,0.0,5.3033333,1.936,8.3788929
34,Sweden,2003,-0.41761202,2.3180001,0.015040808,0.31862494,-0.59806478,1.588163,49.273102,3.5986559,32.107712,-0.24550016,-0.55929399,3.0328333,-16.828156,135.32417,31.32369,0.0,4.6383333,2.3180001,3.5986559
34,Sweden,2004,-0.55506146,1.0190001,0.032324091,2.4204929,-0.74534947,1.4340769,48.452702,4.0292306,31.182888,-0.34066001,-0.82758874,2.1091666,-9.1360445,110.70305,23.143879,0.0,4.4250002,1.0190001,4.0292306
34,Sweden,2005,-0.52817523,0.83499998,0.037751071,6.5271087,-0.69286752,1.4088833,48.688499,12.700305,31.758869,-0.38122216,-0.70863062,1.7166667,1.8073117,83.537979,17.787823,0.0,3.3824999,0.83499998,12.700305
34,Sweden,2006,-0.49387899,1.5,0.058609229,9.3444738,-0.6024664,1.319962,43.596001,14.971061,30.915182,-0.31436896,-0.69775712,2.3316667,-1.3202189,86.026413,20.477612,0.0,3.7041667,1.5,14.971061
34,Sweden,2007,-0.55455393,1.679,0.063790195,9.196579,-0.35531443,1.3031713,38.896702,18.548964,29.951298,-0.34103352,-0.76775408,3.5525,-8.4128036,84.868973,17.409208,0.0,4.1675,1.679,18.548964
34,Sweden,2008,-0.58857453,3.3469999,0.027655849,11.075434,-0.50585508,1.170734,37.497799,3.5897584,30.149666,-0.40490231,-0.83398056,3.905,-2.5309479,71.192848,15.746608,0.0,3.8875,3.3469999,3.5897584
34,Sweden,2009,-0.50804973,1.938,-0.043348387,-1.1769638,-0.50189626,1.1657413,40.732399,-1.3260801,31.81628,-0.37195009,-0.6797325,0.39833334,16.048302,69.581642,16.403517,0.0,3.25,1.938,-1.3260801
34,Sweden,2010,-0.22149868,1.9,-0.014882707,0.53438592,-0.53178263,1.1944989,38.102501,2.4448309,31.469479,-0.23151094,-0.16337247,0.50416666,-5.735219,73.838913,18.251043,0.0,2.8933334,1.9,2.4448309
34,Sweden,2011,-0.55112958,1.36,-0.010136086,0.39247429,-0.38710579,1.1085514,37.1731,6.9179425,30.731239,-0.44777489,-0.66717875,1.6575,-9.8835917,75.721146,18.649841,0.0,2.605,1.36,6.9179425
34,Sweden,2012,-0.53239965,0.93699998,-0.040464401,-2.1596901,-0.4844116,1.1357461,37.5149,3.1205397,31.00679,-0.42161971,-0.66911292,1.2533333,4.3622155,69.216782,17.835423,0.0,1.5925,0.93699998,3.1205397
34,Sweden,2013,-0.37467298,0.442,-0.056329034,-7.2971029,-0.63733017,1.117689,40.2248,3.1258235,31.235262,-0.28916666,-0.46251938,0.92583334,-3.8705552,70.025406,17.303514,0.0,2.1208334,0.442,3.1258235
34,Sweden,2014,-0.2590515,0.20900001,-0.062184129,-6.6127739,-0.41923755,1.1347022,44.998199,4.1005216,30.812901,-0.22561064,-0.22872971,0.42083332,5.3523765,80.853844,22.534008,0.0,1.72,0.20900001,4.1005216
34,Sweden,2015,-0.25601542,0.70300001,-0.048160106,-7.7966981,-0.49569771,1.0737414,43.738701,7.6463361,29.88398,-0.21048985,-0.20581202,-0.28916666,22.890425,94.918381,24.843901,0.0,0.7191667,0.70300001,7.6463361
34,Sweden,2016,-0.10198131,1.14,-0.055983078,-10.226874,-0.34153819,1.055958,42.255402,7.5374098,29.600319,-0.01783854,-0.049549673,-0.35633335,1.4979457,84.358536,23.282782,0.0,0.51916665,1.14,7.5374098
34,Sweden,2017,0.027883757,1.867,-0.069781996,-9.1263084,-0.56301022,1.0325979,40.730999,8.1590595,29.336447,0.18479277,0.10848146,-0.35633335,-0.19641456,86.290787,26.732023,0.0,0.65499997,1.867,8.1590595
34,Sweden,2018,-0.098844327,2.0350001,-0.080886051,-6.4929943,0.049228393,1.0400029,38.908699,5.8683624,29.522753,-0.1059604,0.031636614,-0.35633335,1.7952298,67.708572,22.158695,0.0,0.65166664,2.0350001,5.8683624
34,Sweden,2019,-0.062626205,1.722,-0.084111556,-5.696928,0.14175078,1.0969231,34.897999,7.8693204,29.07991,-0.28145662,0.24937491,-0.35633335,8.7826509,69.926216,23.482658,0.0,0.09375833,1.722,7.8693204
34,Sweden,2020,-0.41546863,0.66100001,-0.12978724,-15.501124,0.17699087,1.1500946,39.6647,17.777079,33.080013,-0.42147306,-0.36035985,-0.13684417,-2.766923,66.154915,18.81879,0.0,0.063158333,0.66100001,17.777079
34,Sweden,2021,-0.26291385,2.652,-0.096232347,-11.187574,1.2436764,1.1899264,40.66,10.448,30.029013,-0.3482483,-0.069534689,-0.19433333,-6.6905928,58.633369,17.707397,0.0,0.26788083,2.652,10.448
34,Sweden,2022,1.6400037,8.0570002,-0.1065963,2.7367272,3.4181998,1.3314766,36.91,2.8710001,29.049013,0.94308144,3.7397673,0.7437225,17.922571,112.93623,49.860142,1.5105946,1.5237334,8.0570002,2.8710001
34,Sweden,2023,0.88496155,5.9089999,-0.13043779,1.9507649,1.6549028,1.5012604,31.461,-1.2819999,29.496014,0.38669604,1.7439134,3.5674751,4.8992081,99.392548,39.111221,0.0,2.5093417,5.9089999,-1.2819999
35,Switzerland,1900,-0.53403413,-3.6629508,0.17336182,-8.6269169,-0.53887933,1.0132607,3.6872697,6.1004786,1.9526916,-0.32881579,-0.84243661,4.75,,72.415619,21.718592,0.0,3.8199999,-3.6629508,6.1004786
35,Switzerland,1901,-0.71050578,1.2674184,0.13097008,-9.504241,-0.51107174,1.0083234,3.5554917,-1.0146562,1.9840626,-0.51094973,-0.98350585,4.1900001,-0.47861913,43.076683,12.147034,0.0,3.6025,1.2674184,-1.0146562
35,Switzerland,1902,-0.61409783,0.62578809,0.12449086,-6.6452799,-0.3674095,0.97157425,3.5226154,10.820045,1.9006776,-0.42914084,-0.87212098,3.99,0.17565751,43.4799,11.139483,0.0,3.4775,0.62578809,10.820045
35,Switzerland,1903,-0.63207871,1.9900299,0.076147959,-2.8255317,-0.89899826,0.95571446,4.6841221,3.2887976,1.94136,-0.48465633,-0.86239624,3.97,-0.15125595,49.491287,13.460471,0.0,3.4775,1.9900299,3.2887976
35,Switzerland,1904,-0.67785966,0.0,0.091694102,-4.2862,-0.7770232,0.92398089,3.787982,6.9651742,1.9157456,-0.45770076,-1.0809433,3.8900001,0.053482115,76.692307,24.647606,0.0,3.5233333,0.0,6.9651742
35,Switzerland,1905,-0.57341146,3.4146626,0.10052734,0.054891821,-0.73006511,0.92209369,3.6835706,8.6511631,1.8026683,-0.45847136,-0.7559157,4.04,-0.021705428,54.05724,16.093754,0.0,3.5358334,3.4146626,8.6511631
35,Switzerland,1906,-0.69333434,2.8301842,0.15631306,-0.098765135,-0.59961677,0.88253307,3.2059059,11.729452,1.7819034,-0.49216142,-1.0473018,4.5900002,0.23921666,40.733101,9.2836647,0.0,3.5491667,2.8301842,11.729452
35,Switzerland,1907,-0.69012189,2.8669989,0.13236281,5.9205155,-0.56287825,1.0143363,2.958812,10.651341,1.8991506,-0.46318752,-1.0714943,6.0,-0.014741994,34.413788,7.307817,0.0,3.6575,2.8669989,10.651341
35,Switzerland,1908,-0.76617789,1.3377903,0.086743645,-2.282995,-0.90397573,0.99943906,3.0352917,6.7591829,2.0515015,-0.57485902,-1.0323453,4.0,-0.39518961,32.829559,7.8041244,0.0,3.7349999,1.3377903,6.7591829
35,Switzerland,1909,-0.68929595,1.6501621,0.10826842,-0.91604608,-0.81868184,0.95583475,3.5498846,10.153813,2.0493546,-0.49776268,-0.95621431,4.5,-0.038828176,30.923229,6.9298997,0.0,3.6400001,1.6501621,10.153813
35,Switzerland,1910,-0.79128313,4.2207718,0.11508038,3.1699069,-0.88442469,0.91984743,3.2895572,6.1579566,1.8890662,-0.5895068,-1.1013566,5.0,0.49727672,30.885345,6.0825305,0.0,3.7,4.2207718,6.1579566
35,Switzerland,1911,-0.38544998,2.3883376,0.10917534,4.8071699,-0.7816692,0.94312334,3.0265846,5.2164793,1.9843661,-0.33043808,-0.36757368,4.5,0.092202507,52.696037,13.259289,0.0,3.8491666,2.3883376,5.2164793
35,Switzerland,1912,-0.48538896,3.6511106,0.093048833,9.8816147,-0.50322574,0.934591,2.8669796,1.7143183,1.9482652,-0.4388023,-0.46038184,5.5,0.013455788,53.76284,13.04966,0.0,4.0191665,3.6511106,1.7143183
35,Switzerland,1913,-0.6698615,-2.1526654,0.046806488,10.028556,-0.70504665,0.93407625,2.9182744,0.013998544,2.3341796,-0.45601454,-1.0298959,5.0,-0.0068416269,49.213394,11.625761,0.0,4.1700001,-2.1526654,0.013998544
35,Switzerland,1914,2.1389422,1.8000789,-0.0011703441,0.37442032,-0.22426522,0.27011281,6.8125095,4.8288217,4.6082201,2.1279411,2.2243516,5.5,-1.2694746,199.27412,67.417625,0.0,4.1599998,1.8000789,4.8288217
35,Switzerland,1915,3.2271864,14.999972,0.016497098,13.267429,0.67791468,0.44095403,11.52658,7.2794275,5.749887,3.4389088,2.5078616,5.0,3.7872651,269.59604,88.503181,0.0,4.75,14.999972,7.2794275
35,Switzerland,1916,2.0240548,16.521708,0.0052915802,26.202715,0.51532584,0.36791861,14.057087,13.384278,5.2970285,2.1006644,1.5681187,5.0,-2.0122414,260.30356,76.428482,0.0,4.8499999,16.521708,13.384278
35,Switzerland,1917,3.1338623,27.611971,-0.090237334,10.066896,2.3199306,0.36695799,15.336863,13.301574,5.8808146,2.9673092,3.1858244,5.0,-8.6490927,296.97101,90.383492,0.0,5.0300002,27.611971,13.301574
35,Switzerland,1918,4.3954935,19.298223,-0.21883871,-7.1532164,3.0083678,0.39218774,16.950577,15.872892,5.7174234,4.3737636,3.2395129,6.0,-8.1657476,331.62021,103.78304,1.0777673,5.3400002,19.298223,15.872892
35,Switzerland,1919,1.3531693,8.8235245,-0.1742986,24.915598,1.1318674,0.50026232,20.280243,10.099997,5.8719449,1.0248804,1.8735471,6.0,20.290911,166.6438,49.887184,0.0,5.5599999,8.8235245,10.099997
35,Switzerland,1920,-0.0029684911,0.9009164,-0.10854424,23.429285,0.87920272,0.54396045,18.793976,3.1211081,5.5659432,-0.038640436,-0.080503143,6.0,12.304714,102.06319,26.57037,0.0,7.0,0.9009164,3.1211081
35,Switzerland,1921,-0.0097704865,-10.714291,-0.19108336,6.7742562,-0.3889395,0.8686164,26.004444,-2.7350252,6.5472016,-0.068030789,0.086268492,5.0,-2.5979931,72.843681,19.121151,0.0,6.0999999,-10.714291,-2.7350252
35,Switzerland,1922,-0.45848727,-14.187557,-0.11504742,-0.16614684,-0.18780079,1.1338241,28.753504,0.0,5.5351148,-0.34753799,-0.60257697,4.0,-8.9754267,64.923538,14.910035,0.0,4.8000002,,0.0
35,Switzerland,1923,-0.29069403,0.0,-0.057693943,1.0069852,0.047873084,1.1379853,27.844784,5.7268324,5.1202335,-0.31784964,-0.17569791,5.0,5.5650816,58.87146,15.657487,0.0,4.79,0.0,5.7268324
35,Switzerland,1924,-0.53434896,3.0487595,-0.04063797,5.2969713,-0.69191951,0.95376229,25.846235,0.62014836,4.1492915,-0.39535862,-0.77061671,5.0,-0.8939696,49.706013,11.501285,0.0,5.3099999,3.0487595,0.62014836
35,Switzerland,1925,-0.42177737,-0.59170264,-0.035055406,6.0317988,-0.76817787,1.0308043,24.79241,5.6878514,4.0548835,-0.39745358,-0.4305838,4.5,-5.7110538,45.767529,11.544332,0.0,5.0500002,-0.59170264,5.6878514
35,Switzerland,1926,-0.4751505,-3.5714421,-0.027844198,1.4920471,-0.75245881,1.0375255,24.456678,8.4941616,4.1627464,-0.40959704,-0.60520303,4.5,0.071504377,37.680462,9.4397116,0.0,4.8000002,-3.5714421,8.4941616
35,Switzerland,1927,-0.46512711,-1.2345401,0.010074617,4.4748955,-0.91278762,0.98671627,23.795483,6.3680825,3.7622306,-0.39433947,-0.61352825,4.5,0.26458621,45.88192,11.794448,0.0,4.79,-1.2345401,6.3680825
35,Switzerland,1928,-0.60851145,0.62498575,0.047029037,4.3801479,-0.91072488,0.91287816,22.066153,8.6698256,3.5533211,-0.42305782,-0.88031816,4.5,0.011563641,37.190571,8.9758043,0.0,4.73,0.62498575,8.6698256
35,Switzerland,1929,-0.57816988,0.0,0.071977898,3.7728136,-0.71835136,0.87923712,21.202196,8.9307003,3.5979774,-0.48228294,-0.62327605,4.5,-0.10207705,40.538773,10.642381,0.0,4.6599998,0.0,8.9307003
35,Switzerland,1930,-0.53518122,-1.8633611,0.053751074,-1.0456161,-0.67800951,0.99854964,22.037243,7.4324923,4.6907983,-0.4611738,-0.61559182,3.5,-0.53018475,42.976971,10.742214,0.0,4.1199999,-1.8633611,7.4324923
35,Switzerland,1931,-0.44560403,-5.0632772,0.0045965947,-8.21276,-0.91570288,1.0158412,21.634447,3.1191499,4.0707054,-0.38917711,-0.46745148,3.0,-0.096912712,44.57341,11.25362,0.0,3.8599999,-5.0632772,3.1191499
35,Switzerland,1932,-0.26015356,-8.0000296,-0.044895712,-18.627384,-0.84948617,1.1481971,23.594799,-0.77333122,4.8386683,-0.25619775,-0.17721701,3.0,-0.02134222,59.718971,16.079876,0.0,3.8,-8.0000296,-0.77333122
35,Switzerland,1933,-0.26848632,-5.0724649,-0.01073361,-19.361549,-0.70866144,0.87479436,24.837091,-4.6591091,5.1057801,-0.33428869,-0.033146832,2.5,-19.706533,52.87656,13.699523,0.0,4.02,-5.0724649,-4.6591091
35,Switzerland,1934,-0.26919314,-1.5266833,-0.028408466,-20.762676,-0.59159851,1.1043721,26.54768,-2.0516052,5.7603021,-0.33873403,-0.09736789,2.5,-19.706533,52.097977,11.890697,0.0,4.1599998,-1.5266833,-2.0516052
35,Switzerland,1935,0.53600496,-0.77517611,-0.059103351,-21.193331,-0.46782559,1.2812521,28.478045,-6.0023432,6.1735024,-0.16034023,1.9779599,3.5,-0.4013513,82.748703,24.371052,0.0,4.6399999,-0.77517611,-6.0023432
35,Switzerland,1936,0.026660461,1.5624641,-0.091065183,-19.737043,-0.36227211,1.3597608,32.989475,7.1999264,6.335937,-0.31873056,0.69297129,2.5,7.646564,91.402847,28.12224,0.0,4.4299998,1.5624641,7.1999264
35,Switzerland,1937,-0.086544365,5.3846159,-0.069965288,-9.3713417,-0.5693543,1.2080458,28.523149,7.9953871,5.7099438,-0.20075697,0.23431747,2.5,31.610569,87.478371,28.243458,0.0,3.4100001,5.3846159,7.9953871
35,Switzerland,1938,0.72809774,0.0,-0.085261405,-10.791499,-0.53446782,1.4745822,29.949701,3.2988563,6.5184011,-0.090000525,2.3850973,2.5,0.29131299,102.05727,34.929832,0.0,3.24,0.0,3.2988563
35,Switzerland,1939,2.4954383,0.72991049,-0.092333272,-8.3541412,0.33893669,2.0596194,32.088516,1.2464758,9.9400158,1.7215716,4.3549356,2.5,1.539232,191.01532,68.981606,1.2522376,3.76,0.72991049,1.2464758
35,Switzerland,1940,2.8040488,9.4203091,-0.15413029,-13.24665,0.42814419,2.1563859,37.804264,3.5026875,16.655632,2.6361485,2.9206145,2.5,-0.66897476,200.07191,75.151321,1.218797,4.0599999,9.4203091,3.5026875
35,Switzerland,1941,2.1223915,15.231812,-0.22548169,-12.46218,0.78786302,2.1940084,43.682838,4.345345,18.09054,2.3707583,0.86382788,2.5,-2.2971096,241.92404,81.659775,0.0,3.3900001,15.231812,4.345345
35,Switzerland,1942,2.0090353,10.919519,-0.27525145,-13.775937,3.1618223,2.2349494,47.423794,7.6810689,17.673725,2.3068163,0.55439997,2.5,-0.19959518,306.14059,89.883408,0.0,3.1500001,10.919519,7.6810689
35,Switzerland,1943,3.9952378,5.1813536,-0.27734867,-18.537844,3.4729962,2.4051039,53.088734,8.0619068,18.443335,4.3863873,1.9643632,2.5,-0.069773473,344.39383,102.22888,0.0,3.3199999,5.1813536,8.0619068
35,Switzerland,1944,3.5387411,2.4630375,-0.28851509,-31.696833,1.8241503,2.5055792,62.978409,9.4922514,18.607832,4.0838108,1.3337816,2.5,-0.16290365,376.73724,114.96991,0.0,3.27,2.4630375,9.4922514
35,Switzerland,1945,1.2402896,0.961555,-0.24644358,-28.727114,1.726442,2.6863148,68.765793,7.927319,15.654455,1.5759509,0.30175546,2.5,0.0,240.73561,75.597435,0.0,3.29,0.961555,7.927319
35,Switzerland,1946,0.011838292,-0.95239717,-0.14354244,-4.5546441,2.640753,2.3368723,86.922287,6.6711745,12.201119,-0.050367303,0.11735546,2.5,0.18415473,122.23141,36.808582,0.0,3.0999999,-0.95239717,6.6711745
35,Switzerland,1947,-0.17721657,4.3269401,-0.096585482,4.7067208,3.2671459,2.0373394,75.051407,5.4666901,9.624238,-0.19623615,-0.13370185,2.5,0.0,99.266258,26.211893,0.0,3.1700001,4.3269401,5.4666901
35,Switzerland,1948,-0.2052723,3.2158499,-0.11914732,7.7236505,1.1560355,2.2093225,76.018723,3.0762627,9.6942749,-0.22447875,-0.17516167,2.5,-0.40950367,114.34803,32.195496,0.0,3.4200001,3.2158499,3.0762627
35,Switzerland,1949,-0.24683301,-0.79805571,-0.1837991,-2.9346194,-0.037578601,2.7091715,71.315712,4.9409332,7.4733167,-0.29603344,-0.23031989,2.5,0.21026152,83.723862,22.886564,0.0,2.9400001,-0.79805571,4.9409332
35,Switzerland,1950,-0.24096645,-1.5470332,-0.14250503,0.34465095,0.11544349,2.6494877,66.925453,2.5497839,7.0583525,-0.24989173,-0.24836418,2.5,1.9502043,142.74683,42.788864,0.0,2.6700001,-1.5470332,2.5497839
35,Switzerland,1951,-0.22551551,4.7768698,-0.096596375,10.018767,0.36506417,3.0747702,64.483879,3.8472745,7.2902107,-0.19885291,-0.29301932,2.5,0.0,154.43521,48.643345,0.0,2.95,4.7768698,3.8472745
35,Switzerland,1952,-0.16101892,2.5194962,-0.11849228,3.8324664,0.11570469,3.9429948,62.900017,4.2953095,8.4035473,-0.19590558,-0.050811935,2.5,0.0,105.07939,31.426256,0.0,2.8399999,2.5194962,4.2953095
35,Switzerland,1953,0.16261201,-0.64365125,-0.11416548,2.318294,-0.38282734,3.4296434,60.655781,5.3597779,6.9126287,-0.19647783,0.79283714,2.5,-1.8259267,101.92927,31.641832,0.0,2.55,-0.64365125,5.3597779
35,Switzerland,1954,-0.098415174,0.7067138,-0.086364448,1.5330133,-0.64110565,2.8822482,57.50951,6.0845938,6.6636839,-0.1850446,0.0057987571,2.5,-0.11786802,91.05645,27.872972,0.0,2.6199999,0.7067138,6.0845938
35,Switzerland,1955,0.098449841,0.93567252,-0.049368553,3.0949028,-0.39639434,2.9176791,53.778542,5.2669783,6.1645794,-0.29603025,0.86384237,2.5,-0.050541118,89.117783,26.087479,0.0,2.9825001,0.93567252,5.2669783
35,Switzerland,1956,0.029837167,1.511261,-0.015702644,7.2830992,0.60117817,2.4888606,52.368122,5.7798324,5.8393912,-0.13958566,0.36936858,2.5,-0.013784843,101.25542,34.11602,0.0,3.125,1.511261,5.7798324
35,Switzerland,1957,-0.42709196,1.9643885,-0.007835527,11.10263,-0.032459512,2.8314319,51.316536,4.1122866,6.4739451,-0.419662,-0.45223656,3.5,0.019739857,99.325577,31.486288,0.0,3.6675,1.9643885,4.1122866
35,Switzerland,1958,-0.10555934,1.8415917,-0.059821237,3.1061764,-0.72919554,2.9884338,49.22768,7.9503241,7.1987138,-0.43425113,0.46491712,3.5,0.0075094551,115.22129,31.984867,0.0,3.1533334,1.8415917,7.9503241
35,Switzerland,1959,-0.33098045,-0.64952534,-0.025750233,3.5851583,-0.68788284,2.7108169,46.646564,8.5777397,6.1515245,-0.47914761,-0.055607546,3.0,0.80475295,82.10849,22.165882,0.0,3.0766666,-0.64952534,8.5777397
35,Switzerland,1960,-0.39953455,1.4387947,0.0059902403,4.3838449,-0.35558313,2.3414505,40.640736,11.527401,5.724822,-0.46638194,-0.20594303,3.0,-0.049483072,86.417786,23.295153,0.0,3.0925,1.4387947,11.527401
35,Switzerland,1961,0.1546264,1.8453978,0.044414308,6.3124466,-0.57267851,2.4690771,38.59795,12.871587,6.4844704,-0.064187847,0.57454562,3.0,-0.0018548777,126.08382,34.288685,0.0,2.9558334,1.8453978,12.871587
35,Switzerland,1962,0.28479981,4.3159928,0.050834984,6.2993927,-0.33891758,2.5675676,36.833755,11.186285,6.6497693,-0.11070865,1.0283165,3.0,0.11790837,124.72618,32.785873,0.0,3.1241667,4.3159928,11.186285
35,Switzerland,1963,-0.31537396,3.440213,0.06270878,4.7938333,-0.34948215,2.5163367,36.520054,8.735487,6.6483469,-0.40577823,-0.079838403,3.0,-0.058647651,117.54991,30.062923,0.0,3.2466667,3.440213,8.735487
35,Switzerland,1964,-0.34988368,3.0805569,0.080619812,6.330657,-0.13092808,2.5358558,35.64706,7.4704552,7.3838816,-0.44300482,-0.103911,3.5,-0.056055829,90.5354,25.182522,0.0,3.9708333,3.0805569,7.4704552
35,Switzerland,1965,-0.48771688,3.4144785,0.085980028,5.6746879,-0.029324679,2.4679592,35.260227,7.530097,6.9662189,-0.42411697,-0.60965449,3.5,0.19252948,99.786484,27.796455,0.0,3.9458334,3.4144785,7.530097
35,Switzerland,1966,-0.52043509,4.7759795,0.085524745,5.7889395,-0.1728591,2.5307934,35.472416,6.4296155,7.4746399,-0.49354005,-0.56897533,4.0,-0.02468387,90.635468,26.337128,0.0,4.1641665,4.7759795,6.4296155
35,Switzerland,1967,-0.18000244,4.0051961,0.088667206,4.8462849,-0.33212936,2.3823738,35.800007,7.1318727,7.2351565,-0.30412373,0.078629725,3.75,0.044640336,112.60692,34.278976,0.0,4.6033335,4.0051961,7.1318727
35,Switzerland,1968,-0.27743572,2.3958223,0.098444387,6.1825027,-0.45340592,2.1765175,35.576447,11.862582,7.3286519,-0.28705919,-0.26830509,3.75,-0.28453505,104.20105,27.120934,0.0,4.3724999,2.3958223,11.862582
35,Switzerland,1969,-0.1881303,2.4890361,0.12509827,8.2942657,-0.49337235,2.1979237,33.629803,10.015671,7.2264833,-0.13139266,-0.36802018,4.75,-0.077120803,95.787491,25.90143,0.0,4.9000001,2.4890361,10.015671
35,Switzerland,1970,0.58990997,3.6159868,0.16293305,9.6695194,-0.31291962,2.1033475,31.34857,8.5364647,6.9760518,0.53678524,0.44793344,4.75,-0.055530027,102.82236,28.184931,0.0,5.7158332,3.6159868,8.5364647
35,Switzerland,1971,-0.43533036,6.5732212,0.17762025,5.0038519,-0.46603253,2.0525267,31.059875,10.365957,7.1056767,-0.32392696,-0.63953227,4.75,-4.4754057,87.422432,23.93054,0.0,5.2658334,6.5732212,10.365957
35,Switzerland,1972,-0.48149848,6.660007,0.18730496,2.5922909,-0.36044282,1.9681262,30.669275,12.823277,7.3534832,-0.3631776,-0.53569907,1.9,-7.2495713,87.485275,23.368084,0.0,4.9633331,6.660007,12.823277
35,Switzerland,1973,-0.47249085,8.7546701,0.19700302,3.0548394,1.7695534,1.8614485,31.42964,7.5767899,7.6234937,-0.31765777,-0.7147041,4.0,-17.017887,76.668312,23.564091,0.0,5.5941668,8.7546701,7.5767899
35,Switzerland,1974,-0.4823918,9.7674141,0.19042522,7.5154982,2.9627182,1.8759745,35.453354,6.0968442,8.6166706,-0.35910431,-0.69515133,6.0,-5.9582958,70.567474,19.84499,0.0,7.1291666,9.7674141,6.0968442
35,Switzerland,1975,-0.4258855,6.6965952,0.11493014,-1.5717309,0.0027731126,1.9007528,39.424095,7.6835322,8.8259745,-0.43619642,-0.39064708,3.3,-13.314881,79.141571,24.622715,0.0,6.4358335,6.6965952,7.6835322
35,Switzerland,1976,-0.21844295,1.7154763,0.10216062,2.7081461,0.25035805,2.162581,42.308071,7.4953122,10.066067,-0.22525032,-0.24245381,1.2,-3.2898638,69.23243,20.183622,0.0,4.9825001,1.7154763,7.4953122
35,Switzerland,1977,-0.37228242,1.2959992,0.11277091,10.527133,0.31152788,2.0220866,40.947201,8.1393147,9.7565794,-0.29576656,-0.4257651,2.0,-3.8099551,68.475105,20.114122,0.0,4.0450001,1.2959992,8.1393147
35,Switzerland,1978,-0.21677081,1.0287929,0.10085543,6.2022324,0.1335624,1.9673644,38.396912,10.35719,9.2355299,-0.22600463,-0.22825818,0.60000002,-19.706533,81.370934,24.48295,0.0,3.3266666,1.0287929,10.35719
35,Switzerland,1979,-0.43812183,3.64764,0.1067994,9.6984396,2.9948182,2.0397995,37.401058,8.8061266,9.0246048,-0.37134647,-0.54706639,1.5,-7.008954,86.351082,24.649986,0.0,3.4525001,3.64764,8.8061266
35,Switzerland,1980,0.3508552,4.0219998,0.12926437,16.126755,0.53256917,1.6786065,35.703758,4.2590914,8.7993031,-0.13739498,1.2386816,5.0999999,0.64069021,102.05772,28.752022,0.0,4.7624998,4.0219998,4.2590914
35,Switzerland,1981,-0.30222777,6.4860001,0.12536836,16.503178,-0.058883354,1.6628022,33.87735,4.1623554,8.394536,-0.38805199,-0.091009259,8.1999998,17.332857,101.66919,30.598364,0.0,5.5700002,6.4860001,4.1623554
35,Switzerland,1982,0.091877684,5.671,0.09003447,7.9947152,-0.27038175,1.7281945,33.385529,5.3367958,8.9450884,-0.25811091,0.86014944,4.3000002,3.4937446,124.11795,36.577282,0.0,4.5983334,5.671,5.3367958
35,Switzerland,1983,-0.22065715,2.95,0.075059637,6.2273583,-0.6262005,1.7488056,33.512947,6.9486508,8.7987289,-0.25984862,-0.14335108,3.4000001,3.3595762,103.87984,29.221233,0.0,4.1741667,2.95,6.9486508
35,Switzerland,1984,-0.037607037,2.937,0.086422905,10.003118,-0.49437213,1.7012483,32.760704,0.48052457,8.8551378,0.035934806,-0.10917176,3.5999999,11.819006,88.389366,22.114012,0.0,4.5529165,2.937,0.48052457
35,Switzerland,1985,0.28560743,3.427,0.10074974,10.376978,-0.4828853,1.8249719,32.20821,6.0556479,8.9199324,-0.16223209,1.2501773,4.9235001,4.4125128,92.283493,22.398775,0.0,4.7000833,3.427,6.0556479
35,Switzerland,1986,-0.015064358,0.74299997,0.096636802,3.6119549,-0.42573267,1.6610219,31.706753,7.6521416,8.7029858,-0.18443576,0.4421837,4.2182417,-19.706533,91.707932,24.303057,0.0,4.2299166,0.74299997,7.6521416
35,Switzerland,1987,-0.2448667,1.4349999,0.08698827,-3.2499592,-0.40662548,1.561866,30.944313,11.093437,8.454073,-0.36230668,0.018961851,3.7746251,-17.005638,85.342255,19.9151,0.0,4.0327501,1.4349999,11.093437
35,Switzerland,1988,-0.25716975,1.872,0.096244909,-1.7807631,-0.52169067,1.5648053,30.837999,5.8163252,8.717083,-0.30820739,-0.17726141,3.0798666,-1.730464,72.833328,15.621202,0.0,4.0197501,1.872,5.8163252
35,Switzerland,1989,-0.51662076,3.154,0.11715069,2.2065399,-0.0012096912,1.5241654,28.674999,6.3207874,8.2798204,-0.4036769,-0.58108646,6.94875,11.644399,81.248924,17.158958,0.0,5.1973333,3.154,6.3207874
35,Switzerland,1990,-0.2748163,5.4039998,0.12893268,-4.6850462,0.26295748,1.5721471,33.292999,2.8129659,8.5518837,-0.30995217,-0.087209053,8.8346004,-15.094715,100.47716,26.217216,0.0,6.4494166,5.4039998,2.8129659
35,Switzerland,1991,-0.19222558,5.8590002,0.091930419,-9.9725266,-0.071986161,1.5378249,35.042,2.9309433,9.198576,-0.22023647,0.047623962,8.1199913,3.3974557,115.19403,27.397148,0.0,6.2396574,5.8590002,2.9309433
35,Switzerland,1992,-0.41264933,4.0370002,0.067056999,-10.34489,-0.27093264,1.5237093,39.459999,2.518008,9.4172831,-0.42937481,-0.28959224,7.7800002,-2.2222338,75.940979,17.982388,0.0,6.3984132,4.0370002,2.518008
35,Switzerland,1993,-0.37316242,3.293,0.041191287,-12.617153,-0.58308417,1.3669643,44.360001,5.8152199,9.8609915,-0.33324242,-0.35664037,4.8174334,5.2730522,86.624359,19.489916,0.0,4.5523686,3.293,5.8152199
35,Switzerland,1994,-0.51985502,0.85100001,0.030150929,-15.2223,-0.65653378,1.3322841,47.062,4.2482462,8.8961649,-0.42995569,-0.68719447,4.0441251,-7.5813527,88.633369,20.093153,0.0,4.9586115,0.85100001,4.2482462
35,Switzerland,1995,-0.65760785,1.798,0.012725253,-16.243338,-0.47638416,1.3558109,49.970001,-1.6092429,10.212556,-0.50035012,-0.89157349,2.9516084,-13.394395,75.088799,15.485495,0.0,4.5214539,1.798,-1.6092429
35,Switzerland,1996,-0.57145375,0.81,0.00074267964,-14.890266,-0.439978,1.2837569,51.258999,6.7074032,10.63665,-0.42449531,-0.76052392,1.9203583,4.4161301,61.413044,12.353076,0.0,3.9980247,0.81,6.7074032
35,Switzerland,1997,-0.59115553,0.51800001,0.0046478529,-6.348083,-0.23018387,1.2208641,53.591999,3.3598847,10.21088,-0.44983861,-0.82139033,1.579625,17.437082,39.673115,10.122548,0.0,3.356441,0.51800001,3.3598847
35,Switzerland,1998,-0.43071362,0.018999999,0.013882643,-7.8067904,-0.33489588,1.1852039,55.839001,0.42286626,10.744513,-0.4239229,-0.34812394,1.4349166,-0.12333146,51.792046,13.59243,0.0,3.0445833,0.018999999,0.42286626
35,Switzerland,1999,-0.47310704,0.80800003,0.0086459108,-7.4393916,-0.52162755,1.0862122,52.576,0.95622271,11.80272,-0.26055008,-0.71758991,1.1633481,3.782455,58.142807,15.415829,0.0,3.0393333,0.80800003,0.95622271
35,Switzerland,2000,-0.61347616,1.561,0.024438659,-0.58188659,-0.31369582,1.0292801,52.109001,-1.1342155,11.792419,-0.45793208,-0.82265443,3.0340374,12.383725,45.607391,10.591555,0.0,3.9250834,1.561,-1.1342155
35,Switzerland,2001,-0.13065913,0.991,0.015028665,-3.7702622,-0.30062824,0.99188006,50.943001,5.5419426,10.709111,0.038889561,-0.4786264,2.7311432,-0.11101498,111.46019,23.374559,0.0,3.3817501,0.991,5.5419426
35,Switzerland,2002,-0.33766085,0.64099997,-0.0022500884,-9.3485365,-0.52792478,0.95638835,57.507999,4.2287831,12.248932,-0.12999754,-0.6207124,0.99873519,-7.7852712,111.12048,23.937836,0.0,3.1989167,0.64099997,4.2287831
35,Switzerland,2003,-0.17831226,0.63599998,-0.025364365,-12.144695,-0.52212548,0.92663044,56.681,7.3438387,10.659464,-0.05645721,-0.20195727,0.20798533,-13.507786,135.32417,31.253834,0.0,2.6587501,0.63599998,7.3438387
35,Switzerland,2004,-0.26763728,0.801,-0.020726236,-8.3407478,-0.70072925,0.88892508,57.574001,1.7246925,10.574012,-0.10190187,-0.46165991,0.39181918,-7.7043123,110.70305,23.062807,0.0,2.7401667,0.801,1.7246925
35,Switzerland,2005,-0.63917524,1.173,-0.016601175,-3.0036855,-0.62492216,0.83306402,54.639999,4.9103308,10.297094,-0.45470643,-0.89357895,0.7244314,0.31901723,83.537979,17.796427,0.0,2.0955,1.173,4.9103308
35,Switzerland,2006,-0.44735008,1.064,0.0023363649,-0.45551619,-0.73259813,0.7538085,48.25,2.6449387,9.8527756,-0.40069482,-0.46443447,1.4567661,0.56860453,86.026413,20.450888,0.0,2.5170834,1.064,2.6449387
35,Switzerland,2007,-0.43283045,0.73500001,0.017121138,5.1667595,-0.25578338,0.71823233,44.494999,2.2292607,10.807417,-0.3831645,-0.43333295,2.3521588,-4.2734003,84.868973,17.365402,0.0,2.9267499,0.73500001,2.2292607
35,Switzerland,2008,-0.5508613,2.428,0.017433435,7.1191463,0.19274846,0.72248441,44.571999,2.1598225,10.039797,-0.4413279,-0.68068308,1.747376,-9.7321281,71.192848,15.721596,0.0,2.8968334,2.428,2.1598225
35,Switzerland,2009,-0.48898938,-0.47999999,-0.032956831,-1.4053553,-0.65010148,0.7317934,42.764999,6.3885841,10.276265,-0.37322378,-0.59752351,0.093882166,0.1967171,69.581642,16.382929,0.0,2.2026668,-0.47999999,6.3885841
35,Switzerland,2010,-0.44648758,0.68800002,-0.026086578,7.332253,-0.40970269,0.68722016,41.144001,7.0175695,10.128078,-0.39534026,-0.42182431,0.16701941,-3.9447067,73.838913,18.286158,0.0,1.6316667,0.68800002,7.0175695
35,Switzerland,2011,-0.52287704,0.228,-0.033849493,11.242967,-0.019760184,0.69478226,41.544998,7.234901,10.527564,-0.42577922,-0.64195698,-0.0065844166,-14.945768,75.721146,18.627064,0.0,1.4716667,0.228,7.234901
35,Switzerland,2012,-0.55483103,-0.69300002,-0.047336355,10.531796,-0.65578544,0.6690017,42.210999,9.8372803,10.2742,-0.40163553,-0.75594181,-0.044683751,5.854754,69.216782,17.824097,0.0,0.64666665,-0.69300002,9.8372803
35,Switzerland,2013,-0.38524675,-0.21600001,-0.055643801,16.13373,-0.53879595,0.71263623,41.566002,7.6608162,10.330523,-0.36487952,-0.31625703,-0.048668168,-1.2146804,70.025406,17.289972,0.0,0.94916666,-0.21600001,7.6608162
35,Switzerland,2014,-0.2245978,-0.012,-0.059169039,0.98577261,-0.54234713,0.63489836,41.608002,3.2927728,10.19989,-0.2411004,0.057030972,0.0036704999,-1.2658504,80.853844,22.510672,0.0,0.6925,-0.012,3.2927728
35,Switzerland,2015,0.53867269,-1.142,-0.06877061,-3.785069,-0.43664756,0.65134108,41.657001,1.6362793,10.460397,-0.10888547,2.0545416,-0.35633335,5.1669831,94.918381,24.649607,0.0,0.063158333,-1.142,1.6362793
35,Switzerland,2016,-0.19402793,-0.43399999,-0.073725387,0.91819733,-0.51237702,0.66475046,40.483002,2.9454975,10.528371,-0.097601838,-0.24115714,-0.35633335,2.3272586,84.358536,23.288342,0.0,0.063158333,-0.43399999,2.9454975
35,Switzerland,2017,-0.51484352,0.53500003,-0.084010243,-0.77942824,-0.17545719,0.66568458,41.205002,3.6320512,10.507728,-0.4708648,-0.57094705,-0.35633335,-0.061706416,86.290787,26.839306,0.0,0.063158333,0.53500003,3.6320512
35,Switzerland,2018,-0.41923222,0.935,-0.077642985,-1.7549447,-0.24134125,0.65287656,39.234001,3.1829863,10.155826,-0.35345778,-0.42651176,-0.35633335,-0.61849844,67.708572,22.215614,0.0,0.063158333,0.935,3.1829863
35,Switzerland,2019,-0.48315221,0.36300001,-0.087869652,-3.8673532,-0.15131956,0.69632435,39.792999,0.77829534,10.221434,-0.36144966,-0.50641698,-0.35633335,1.5491141,69.926216,23.562201,0.0,0.063158333,0.36300001,0.77829534
35,Switzerland,2020,-0.43491164,-0.72399998,-0.13125461,-8.0496445,0.60451108,0.77255899,42.381001,6.4684086,13.038926,-0.44440046,-0.37122741,-0.35633335,-5.5666628,66.154915,18.807127,0.0,0.063158333,-0.72399998,6.4684086
35,Switzerland,2021,-0.43850785,0.583,-0.099211082,-1.6888279,1.0449783,0.67289245,19.938999,4.1747103,10.465926,-0.55648422,-0.20462115,-0.35633335,-2.5664878,58.633369,17.731285,0.0,0.063158333,0.583,4.1747103
35,Switzerland,2022,-0.066824831,2.8340001,-0.091911092,4.8980956,2.6943309,0.68206131,17.586,0.35106313,7.5969262,-0.13594446,0.33305889,-0.12666667,4.4636497,112.93623,50.233822,0.0,0.82983333,2.8340001,0.35106313
35,Switzerland,2023,-0.40062156,2.135,-0.11203544,-0.20987125,0.93735147,0.70565903,19.882,-1.36037,8.151926,-0.37640145,-0.24161029,1.5091667,-5.8797193,99.392548,39.388012,0.0,1.0325,2.135,-1.36037
36,Taiwan,1900,-0.50455207,12.318841,,,-0.40832826,,,,,-0.31733087,-0.50191081,,,72.415619,21.763119,0.0,,12.318841,
36,Taiwan,1901,-0.613096,-2.1505377,-0.13663037,,-0.37620014,,,,,-0.44246134,-0.58446014,,0.0,43.076683,12.172606,0.0,,-2.1505377,
36,Taiwan,1902,-0.61416852,3.7362638,-0.12525541,,-0.47672814,,,,,-0.44496095,-0.60267967,,-1.1292275,43.4799,11.186941,0.0,,3.7362638,
36,Taiwan,1903,-0.58542413,5.0847459,0.042527299,-16.57546,-0.50752687,,,,,-0.41102386,-0.58530992,,0.6313045,49.491287,13.498396,0.0,,5.0847459,
36,Taiwan,1904,-0.3159638,9.4758062,-0.0040164841,-3.6417253,-0.2897304,,,,,0.031884082,-0.39251503,,1.4084527,76.692307,24.623768,0.0,,9.4758062,
36,Taiwan,1905,-0.42635262,5.1565375,-0.19886287,3.4208868,-0.375875,,,,,-0.11567506,-0.50770879,,-1.3888909,54.05724,16.114489,0.0,,5.1565375,
36,Taiwan,1906,-0.58188587,0.17513135,-0.16426276,1.652892,-0.44545436,,,,,-0.36972308,-0.60267967,,0.25317049,40.733101,9.3071375,0.0,,0.17513135,
36,Taiwan,1907,-0.58810329,0.34965035,-0.037882514,-2.4412465,-0.47952896,,,,,-0.44615978,-0.57012761,,-0.12641862,34.413788,7.3332005,0.0,,0.34965035,
36,Taiwan,1908,-0.57249427,5.0522647,-0.027324507,-10.774057,-0.41916764,,,,,-0.44480851,-0.55172127,,0.12657864,32.829559,7.8094225,0.0,,5.0522647,
36,Taiwan,1909,-0.62797272,6.6334991,0.089398928,-12.073124,-0.47796938,,,,,-0.47713298,-0.60267967,,-0.25253117,30.923229,6.9630837,0.0,,6.6334991,
36,Taiwan,1910,-0.61455816,8.2426128,0.13283631,-6.4771242,-0.47957513,,,,,-0.44586906,-0.60267967,,0.12643182,30.885345,6.0902171,0.0,,8.2426128,
36,Taiwan,1911,-0.61434466,8.0459766,0.0069545731,7.3489895,-0.50752687,,,,,-0.47713298,-0.58598936,,0.0,52.696037,13.3582,0.0,,8.0459766,
36,Taiwan,1912,-0.59943312,8.6436167,0.013435329,23.82062,-0.50752687,,,,,-0.41061866,-0.58520341,,0.0,53.76284,13.123248,0.0,,8.6436167,
36,Taiwan,1913,-0.57179481,-3.0599756,0.036403582,17.150566,-0.50752687,,,,,-0.41166899,-0.56827915,,0.12657864,49.213394,11.652585,0.0,,-3.0599756,
36,Taiwan,1914,-0.60059953,-2.0202019,0.016417643,38.811722,-0.50752687,,,,,-0.44523507,-0.58591771,,0.25380254,199.27412,68.081604,0.0,,-2.0202019,
36,Taiwan,1915,-0.60062933,7.2702332,0.022109281,60.124748,-0.4793784,,,,,-0.41340664,-0.58593595,,0.76726502,269.59604,89.411896,0.0,,7.2702332,
36,Taiwan,1916,-0.57229513,23.145781,0.089031957,14.095559,-0.47839335,,,,,-0.34737092,-0.58563256,,-2.2499981,260.30356,77.061226,0.0,,23.145781,
36,Taiwan,1917,-0.61376238,24.299065,0.18065087,3.8143396,-0.47666186,,,,,-0.47713298,-0.58527625,,-0.99009871,296.97101,91.273727,0.0,,24.299065,
36,Taiwan,1918,-0.61290991,24.227234,0.1460627,5.9180517,-0.50752687,,,,,-0.44202772,-0.60267967,,-1.7031618,331.62021,104.95683,0.0,,24.227234,
36,Taiwan,1919,-0.61253208,-10.558171,0.13050462,-16.814716,-0.41524783,,,,,-0.47713298,-0.58376956,,1.4814807,166.6438,50.376736,0.0,,-10.558171,
36,Taiwan,1920,-0.56660795,-11.578947,0.13649592,-7.0500107,-0.44365397,,,,,-0.44137886,-0.5463146,,2.0151129,102.06319,26.746178,0.0,,-11.578947,
36,Taiwan,1921,-0.43595049,-7.0578232,0.1712963,-11.198891,-0.45037219,,,,,-0.2853359,-0.46829695,,3.3854125,72.843681,19.270473,0.0,,-7.0578232,
36,Taiwan,1922,-0.62797272,-1.7383349,0.23257868,-7.4590831,-0.45631579,,,,,-0.47713298,-0.60267967,,0.26109695,64.923538,14.995124,0.0,,-1.7383349,
36,Taiwan,1923,-0.62797272,6.7970204,0.25870496,-1.9815897,-0.45784661,,,,,-0.47713298,-0.60267967,,-2.0460343,58.87146,15.780311,0.0,,6.7970204,
36,Taiwan,1924,-0.60499352,4.2720141,0.29355925,2.9388275,-0.46411279,,,,,-0.45035535,-0.58860832,,16.369049,49.706013,11.564925,0.0,,4.2720141,
36,Taiwan,1925,-0.61660707,-2.7591972,0.31718537,0.18949224,-0.46895704,,,,,-0.45064428,-0.60267967,,3.0674901,45.767529,11.635506,0.0,,-2.7591972,
36,Taiwan,1926,-0.61732572,-6.1908855,0.32023957,-0.97890896,-0.40562293,,,,,-0.45231915,-0.60267967,,-13.066666,37.680462,9.5190201,0.0,,-6.1908855,
36,Taiwan,1927,-0.59879398,1.8331805,0.27664861,-0.15999249,-0.50752687,,,,,-0.43179706,-0.59076792,,-1.0554156,45.88192,11.872471,0.0,,1.8331805,
36,Taiwan,1928,-0.60943079,0.630063,0.25464314,-5.3689027,-0.50752687,,,,,-0.43391931,-0.57997137,,1.8817265,37.190571,9.0236139,0.0,,0.630063,
36,Taiwan,1929,-0.62797272,-12.522362,0.28813794,-2.2353852,-0.46959588,,,,,-0.47713298,-0.60267967,,0.8130036,40.538773,10.700555,0.0,,-12.522362,
36,Taiwan,1930,-0.59058344,-9.6114521,0.28256348,-3.1218934,-0.50752687,,,,,-0.41177854,-0.591232,,-6.5671344,42.976971,10.802915,0.0,,-9.6114521,
36,Taiwan,1931,-0.59184188,-1.4705882,0.2621378,-0.15804672,-0.50752687,,,,,-0.41397819,-0.56949258,,1.0149162,44.57341,11.334705,0.0,,-1.4705882,
36,Taiwan,1932,-0.56102699,5.2812858,0.24932331,-2.6990128,-0.48710218,,,,,-0.43255484,-0.53240383,,73.794449,59.718971,16.196779,0.0,,5.2812858,
36,Taiwan,1933,-0.55361605,2.3991275,0.20465051,-2.2461648,-0.4868497,,,,,-0.39048529,-0.54576427,,11.467871,52.87656,13.813138,0.0,,2.3991275,
36,Taiwan,1934,-0.56641161,6.2832799,0.19482748,1.0782211,-0.40879166,,,,,-0.39514777,-0.57036799,,-14.516623,52.097977,12.006598,0.0,,6.2832799,
36,Taiwan,1935,-0.59185129,6.4128256,0.2523787,-0.25633866,-0.34663019,,,,,-0.45608684,-0.5584417,,3.2936645,82.748703,24.672888,0.0,,6.4128256,
36,Taiwan,1936,-0.53956211,6.2146893,0.2550734,0.88367814,-0.4877007,,,,,-0.39471319,-0.49440318,,-1.3160183,91.402847,28.299545,0.0,,6.2146893,
36,Taiwan,1937,-0.35190025,5.7624111,0.21191926,2.989181,-0.36251295,,,,,-0.13397895,-0.37727559,,0.47895455,87.478371,28.359463,0.0,,5.7624111,
36,Taiwan,1938,-0.38163477,12.321877,0.20300324,-0.82555294,-0.48529053,,,,,0.0051233303,-0.49407119,,1.112435,102.05727,35.234715,0.0,,12.321877,
36,Taiwan,1939,-0.51229179,12.321877,0.13184522,,-0.46367773,,,,,-0.27492878,-0.56726104,,,191.01532,69.708893,0.0,,12.321877,
36,Taiwan,1940,-0.47389901,2.7561419,0.041808739,,-0.46532664,,,,,-0.35039753,-0.46948376,,,200.07191,75.940674,0.0,,2.7561419,
36,Taiwan,1941,-0.22893538,6.513588,-0.053095154,,-0.24618874,,,,,0.15798585,-0.36428878,,,241.92404,82.249046,0.0,,6.513588,
36,Taiwan,1942,-0.15480362,10.79122,-0.05704461,,-0.14284205,,,,,0.4680956,-0.46076363,,,306.14059,90.433029,0.0,,10.79122,
36,Taiwan,1943,-0.35016975,22.078157,-0.18716802,,-0.37176779,,,,,0.092620276,-0.54824358,,,344.39383,103.26248,0.0,,22.078157,
36,Taiwan,1944,0.90229923,59.840168,-0.3857117,,-0.12040934,,,,,2.6137891,-0.11853065,,,376.73724,115.66163,0.0,,59.840168,
36,Taiwan,1945,3.7322419,115.39719,-1.042547,,0.75246638,,,,,8.3893461,1.318495,,,240.73561,75.231766,0.0,,,
36,Taiwan,1946,-0.51935643,117.34705,-1.0156679,,-0.097515076,,,,,-0.29993442,-0.54947072,,,122.23141,36.978695,0.0,,,
36,Taiwan,1947,-0.43646437,115.63784,-0.81489658,,-0.39754757,,,,,-0.17958044,-0.49843949,,,99.266258,26.323658,0.0,,,
36,Taiwan,1948,-0.53370857,116.75456,-0.62773687,,-0.35578027,,,,,-0.37949222,-0.53854334,,,114.34803,32.319523,0.0,,,
36,Taiwan,1949,0.12627824,119.09836,-0.54431045,,-0.17983764,,,,,0.12423862,0.10227345,,,83.723862,22.875193,0.0,,,
36,Taiwan,1950,3.6109338,114.0843,-0.46292597,,0.54553241,,,,,3.3155661,3.2282095,,,142.74683,42.113251,3.4441781,,,
36,Taiwan,1951,2.9210629,32.446808,-0.44756302,-19.716494,0.54557621,9.1815338,,71.212112,29.612839,2.2489257,3.0704246,,51.941742,154.43521,48.102966,0.0,,32.446808,71.212112
36,Taiwan,1952,0.74191582,29.317268,-0.3973287,-23.291567,0.0525872,5.4435287,,59.292038,29.710823,0.76706505,0.60625356,,0.0,105.07939,31.316597,0.0,,29.317268,59.292038
36,Taiwan,1953,1.5143951,21.241528,-0.37087509,-23.710381,-0.092177883,9.7895813,,31.666668,28.751019,1.4216127,1.3682194,,20.000008,101.92927,31.457411,0.0,,21.241528,31.666668
36,Taiwan,1954,1.3697038,0.14559434,-0.34319717,-25.527288,-0.2026352,4.1026068,,27.004225,30.975277,1.1632453,1.1973765,,0.0,91.05645,27.657486,0.0,,0.14559434,27.004225
36,Taiwan,1955,5.0429387,10.569181,-0.33010939,-26.756323,0.35758528,6.9099131,,19.2691,31.599899,2.5691645,5.4727674,,71.884972,89.117783,25.214685,4.350235,,10.569181,19.2691
36,Taiwan,1956,1.1157291,8.1782961,-0.34260413,-23.442959,-0.26163304,9.2471018,,19.777153,35.113056,0.58501416,1.2537603,,0.0,101.25542,33.977886,0.0,,8.1782961,19.777153
36,Taiwan,1957,0.23644254,8.6814852,-0.33679202,-24.684937,-0.27738774,9.3901749,,21.162798,35.426758,-0.078897305,0.27132198,,-4.4182124,99.325577,31.413336,0.0,,8.6814852,21.162798
36,Taiwan,1958,4.1707683,4.8305192,-0.33578449,-22.80184,0.034680266,13.785782,,45.681385,35.796169,1.6275023,4.6056213,,13.701095,115.22129,31.232777,4.002821,,4.8305192,45.681385
36,Taiwan,1959,0.29159316,7.1307821,-0.32803768,-17.334036,-0.1576132,14.048789,,16.732538,35.570854,0.083005361,0.35714379,,12.496447,82.10849,22.104012,0.0,,7.1307821,16.732538
36,Taiwan,1960,0.40184915,14.104427,-0.33379942,-21.232748,-0.17991848,12.739822,,20.767494,34.340225,0.043643553,0.50386554,,0.6609242,86.417786,23.196806,0.0,,14.104427,20.767494
36,Taiwan,1961,-0.089957632,4.2991953,-0.33421308,-17.642963,0.14327848,12.974159,,41.121502,33.10899,-0.074939683,-0.11782325,,0.69014561,126.08382,34.408894,0.0,,4.2991953,41.121502
36,Taiwan,1962,0.30831605,2.1341803,-0.32504478,-21.036772,0.2306394,13.727202,,14.450867,33.805195,-0.10961933,0.47157234,,0.0,124.72618,32.859287,0.0,,2.1341803,14.450867
36,Taiwan,1963,-0.054902952,3.4183362,-0.3008413,-17.59631,-0.29366851,12.607701,,30.808081,32.07169,-0.047834594,-0.051234826,,0.0,117.54991,30.070742,0.0,,3.4183362,30.808081
36,Taiwan,1964,0.10261271,4.1668634,-0.25041392,-16.339682,-0.14915136,11.576323,,26.640926,30.214596,-0.15383542,0.21278727,,0.0,90.5354,25.152494,0.0,,4.1668634,26.640926
36,Taiwan,1965,-0.24625257,-0.14754312,-0.20793314,-14.964499,-0.32373333,11.141013,,15.853659,28.297543,-0.20339879,-0.21909572,,0.0,99.786484,27.802065,0.0,,-0.14754312,15.853659
36,Taiwan,1966,0.026279248,2.7102337,-0.18632576,-14.181008,0.027671438,7.9507585,,20.526316,28.171816,-0.095933467,0.076167986,,0.0,90.635468,26.283325,0.0,,2.7102337,20.526316
36,Taiwan,1967,-0.27388942,4.0781722,-0.14711724,-12.282476,-0.22553472,7.4053411,,23.362446,27.292231,-0.1731025,-0.29456276,,0.0,112.60692,34.359062,0.0,,4.0781722,23.362446
36,Taiwan,1968,-0.37977725,7.2623401,-0.12018046,-8.3488054,-0.32797927,6.9357944,,12.212389,27.275478,-0.25465462,-0.39224225,,0.0,104.20105,27.199333,0.0,,7.2623401,12.212389
36,Taiwan,1969,0.013261055,6.3967624,-0.095227428,-6.4622488,-0.30868289,7.5843349,,19.873817,27.941826,-0.037586544,0.0556028,,0.0,95.787491,25.924845,0.0,,6.3967624,19.873817
36,Taiwan,1970,-0.20327817,3.4978132,-0.049188044,-1.508178,-0.16513205,8.3322525,,21.31579,26.484526,-0.037225392,-0.26748887,,0.0,102.82236,28.424673,0.0,,3.4978132,21.31579
36,Taiwan,1971,0.46843788,2.7818124,0.0093980143,5.2120647,0.055970374,7.5181222,,28.416487,24.558744,0.015171015,0.5306716,,0.0,87.422432,23.811426,0.0,,2.7818124,28.416487
36,Taiwan,1972,0.14760721,2.97733,0.072635993,13.532826,-0.20081693,6.8350878,,31.587837,23.064331,-0.025241807,0.13470632,,0.08348465,87.485275,23.299864,0.0,,2.97733,31.587837
36,Taiwan,1973,-0.27523056,8.1842384,0.13234194,23.04822,0.67370421,6.2108631,,29.525032,21.689522,-0.29938161,-0.21737918,,-4.4239211,76.668312,23.578657,0.0,,8.1842384,29.525032
36,Taiwan,1974,-0.43826675,47.324089,0.082349479,28.271343,1.0237274,5.7788014,,24.727453,18.768972,-0.34449452,-0.44004655,,-0.68565625,70.567474,19.88847,0.0,,47.324089,24.727453
36,Taiwan,1975,-0.0086002052,5.2328768,0.067318857,14.145877,0.050549902,6.3150663,,27.651966,21.348421,0.15440173,-0.093031645,,0.0,79.141571,24.596838,0.0,,5.2328768,27.651966
36,Taiwan,1976,-0.18726137,2.5039783,0.13424595,23.124611,0.11913218,6.2363148,,25.645813,20.231306,-0.32083198,-0.133341,,0.0,69.23243,20.238518,0.0,,2.5039783,25.645813
36,Taiwan,1977,-0.090245783,7.0359244,0.16724789,21.927172,0.20165291,6.9176736,,31.384691,21.136,-0.17463036,-0.046314631,,0.0,68.475105,20.115894,0.0,,7.0359244,31.384691
36,Taiwan,1978,0.10212792,5.7708974,0.2310739,25.891041,0.12785454,7.0192785,,30.825792,19.891201,0.13057083,0.087096788,,-2.490134,81.370934,24.48295,0.0,,5.7708974,30.825792
36,Taiwan,1979,0.27342403,9.7567196,0.2459787,31.668428,0.90648788,7.5844541,,9.1655855,19.284376,0.13559835,0.25977442,,-2.7880402,86.351082,24.567492,0.0,,9.7567196,9.1655855
36,Taiwan,1980,-0.2189067,19.023001,0.2472256,30.944241,0.071556434,7.2900419,,21.79538,20.006781,-0.16673402,-0.25315636,,-0.067830868,102.05772,28.940989,0.0,,19.023001,21.79538
36,Taiwan,1981,0.068272404,10.863,0.24131244,25.24394,-0.11645497,6.6480412,,19.336657,19.813583,-0.099251561,0.098162971,,2.3676271,101.66919,30.585613,0.0,,10.863,19.336657
36,Taiwan,1982,0.12322088,2.9519999,0.2084922,16.976154,-0.11160679,6.9903231,,25.249773,20.488947,-0.27768275,0.22414434,,6.1752887,124.11795,36.642662,0.0,,2.9519999,25.249773
36,Taiwan,1983,-0.13866533,1.37,0.22299176,17.532669,-0.1876366,6.336391,,26.294416,20.035641,-0.24119256,-0.086080492,,0.41151032,103.87984,29.26635,0.0,,1.37,26.294416
36,Taiwan,1984,-0.24668454,-0.030999999,0.26035413,20.324694,-0.15577006,5.725781,,19.906982,19.975698,-0.30696991,-0.21519901,,0.89343637,88.389366,22.220924,0.0,,-0.030999999,19.906982
36,Taiwan,1985,-0.43018061,-0.162,0.24510314,13.120042,-0.25289404,6.0922422,,22.688311,21.120401,-0.30950615,-0.43751869,,0.66597462,92.283493,22.61342,0.0,,-0.162,22.688311
36,Taiwan,1986,-0.46234852,0.699,0.2915495,12.00868,-0.10060185,5.4433718,,23.230944,19.936916,-0.31460527,-0.48524594,,-5.1336803,91.707932,24.45623,0.0,,0.699,23.230944
36,Taiwan,1987,-0.43865865,0.50999999,0.34873751,12.444543,0.12376127,4.9327912,15.326097,22.896145,19.465021,-0.35680163,-0.42352048,,-16.111958,85.342255,20.012072,0.0,,0.50999999,22.896145
36,Taiwan,1988,-0.41155946,1.289,0.3623935,14.786592,0.244645,5.1447744,16.96191,20.220608,19.564381,-0.32194152,-0.39880162,,-9.8150702,72.833328,15.71023,0.0,,1.289,20.220608
36,Taiwan,1989,-0.40174192,4.4159999,0.37873828,4.8656754,0.21442264,5.2813354,16.966982,18.375921,20.506691,-0.28185412,-0.40770799,,-7.7862906,81.248924,17.187765,0.0,,4.4159999,18.375921
36,Taiwan,1990,-0.4708055,4.1290002,0.37609029,-1.6006074,0.23256867,5.2228785,14.77622,11.057588,20.410135,-0.45785436,-0.41019687,,1.9360319,100.47716,26.313593,0.0,,4.1290002,11.057588
36,Taiwan,1991,-0.37212977,3.6229999,0.38398314,-1.0210397,0.32327279,4.9663968,18.403975,19.530052,20.483358,-0.31812847,-0.37290359,,-0.5892545,115.19403,27.49325,0.0,,3.6229999,19.530052
36,Taiwan,1992,-0.31580436,4.4619999,0.39473981,-8.1650152,0.077895589,4.6930556,21.624306,19.198395,19.627352,-0.39398569,-0.24221331,,-5.9757137,75.940979,18.018162,0.0,,4.4619999,19.198395
36,Taiwan,1993,-0.26399803,2.944,0.39590594,-7.7529559,0.25121048,4.955411,23.305292,15.529436,19.082266,-0.27516192,-0.263053,,4.9891062,86.624359,19.524675,0.0,,2.944,15.529436
36,Taiwan,1994,-0.3169367,4.098,0.40080994,-10.229723,0.1632954,4.6614003,23.779854,15.181535,18.41362,-0.29073021,-0.28705531,,0.18660812,88.633369,20.105034,0.0,,4.098,15.181535
36,Taiwan,1995,-0.070800208,3.6659999,0.39707449,-4.0873823,0.21297342,4.107265,24.149206,9.526103,19.81518,-0.41810822,0.048673052,,0.1157678,75.088799,15.419387,0.0,,3.6659999,9.526103
36,Taiwan,1996,0.29213619,3.0769999,0.39225268,-7.7020555,0.14355946,4.0197396,24.6798,9.1679363,19.438644,-0.23437031,0.46039394,,3.6706557,61.413044,12.237022,0.0,,3.0769999,9.1679363
36,Taiwan,1997,-0.33041465,0.90499997,0.38903773,-6.4316754,0.13137777,3.7236557,24.982,8.0433893,19.895844,-0.40007874,-0.2585057,,4.7585711,39.673115,10.12097,0.0,,0.90499997,8.0433893
36,Taiwan,1998,-0.24384481,1.684,0.36509359,-7.7622266,-0.062103741,3.2911777,23.687,8.5484314,20.015068,-0.25788867,-0.20904478,,16.584616,51.792046,13.610398,0.0,,1.684,8.5484314
36,Taiwan,1999,0.46999481,0.175,0.35314181,-10.905799,0.48720068,2.875185,23.690001,8.2830906,19.135548,-0.096017197,0.60848725,,-3.8160572,58.142807,15.287921,0.0,,0.175,8.2830906
36,Taiwan,2000,0.091849037,1.248,0.34133729,-1.2840313,0.17900018,2.6547494,26.226999,6.5007815,18.465746,-0.21903838,0.16021407,,-3.2015309,45.607391,10.504306,0.0,,1.248,6.5007815
36,Taiwan,2001,0.47813815,-0.003,0.25062659,-10.749798,0.033834368,2.6559796,30.125999,4.338253,19.946198,0.23401165,0.53709877,,8.2663612,111.46019,23.322107,0.0,,-0.003,4.338253
36,Taiwan,2002,-0.17760941,-0.19599999,0.22338186,-8.4679241,-0.10214069,2.4380014,29.778999,2.5782182,19.899204,-0.15691127,-0.14460422,,2.21733,111.12048,23.964079,0.0,,-0.19599999,2.5782182
36,Taiwan,2003,0.02305595,-0.28099999,0.18773183,-2.3434699,-0.20939265,2.3454592,32.150002,5.7245083,19.997728,0.06840802,0.042339452,,-0.45531347,135.32417,31.277584,0.0,,-0.28099999,5.7245083
36,Taiwan,2004,-0.10669873,1.608,0.17950507,12.272803,0.0064835004,2.2472777,33.445999,7.2278624,19.788946,-0.21680157,-0.046355695,,-2.8645651,110.70305,23.091253,0.0,,1.608,7.2278624
36,Taiwan,2005,0.19792554,2.309,0.14762232,12.197554,0.072060578,2.1311171,34.068001,6.6258144,19.686846,-0.16215974,0.32604107,1.327,-3.7283187,83.537979,17.683138,0.0,,2.309,6.6258144
36,Taiwan,2006,-0.13826843,0.60000002,0.13419114,21.528894,-0.072219044,1.9674388,33.297001,5.1583943,18.411749,-0.22350995,-0.060056698,,1.1008271,86.026413,20.44495,0.0,,0.60000002,5.1583943
36,Taiwan,2007,-0.34764498,1.796,0.13136187,26.388767,-0.085381374,1.9982009,32.157001,0.83814824,17.805737,-0.29895175,-0.3425906,,0.98536736,84.868973,17.402719,0.0,,1.796,0.83814824
36,Taiwan,2008,-0.2257605,3.53,0.069744192,29.91048,-0.014518187,2.1473734,33.353001,7.1053634,18.572334,-0.28093407,-0.19027914,,-3.992945,71.192848,15.70909,0.0,,3.53,7.1053634
36,Taiwan,2009,-0.39084455,-0.875,-0.01689514,4.188004,-0.36994341,2.3260911,36.710999,5.8268242,19.070795,-0.30128968,-0.39147165,0.2098,4.7475739,69.581642,16.415869,0.0,,-0.875,5.8268242
36,Taiwan,2010,0.08444991,0.96600002,0.011384133,28.111271,0.085458674,2.0376494,36.889999,5.5685906,17.598007,-0.23611148,0.17131622,0.29466668,-4.5651708,73.838913,18.237875,0.0,,0.96600002,5.5685906
36,Taiwan,2011,-0.34176499,1.421,-0.023307813,28.504871,0.17460418,2.0583,38.342999,5.0078893,17.55018,-0.39375362,-0.28137076,0.47099999,-6.7468061,75.721146,18.643007,0.0,,1.421,5.0078893
36,Taiwan,2012,-0.27219227,1.9349999,-0.073945299,22.617332,-0.1725097,2.1165295,39.205002,3.5842769,19.112156,-0.33893615,-0.21052761,0.66049999,0.60644341,69.216782,17.819567,0.0,,1.9349999,3.5842769
36,Taiwan,2013,-0.49799335,0.792,-0.12122356,15.625767,-0.2189015,1.9427814,38.895,5.8625011,18.436749,-0.39451584,-0.47243676,0.37850001,0.36751595,70.025406,17.366707,0.0,,0.792,5.8625011
36,Taiwan,2014,-0.43247846,1.194,-0.14766128,11.386571,-0.33238259,1.8477061,37.487999,6.1295576,18.067616,-0.33475223,-0.40814936,0.37866667,2.0907154,80.853844,22.611019,0.0,,1.194,6.1295576
36,Taiwan,2015,-0.41381401,-0.30599999,-0.20620838,-5.6401868,-0.23101966,1.8664576,35.941002,5.8049703,17.436378,-0.35235354,-0.38957694,0.39133334,4.8182139,94.918381,24.918037,0.0,,-0.30599999,5.8049703
36,Taiwan,2016,-0.031203119,1.393,-0.25806841,-15.514412,-0.37496173,1.8208169,35.363998,3.5723772,17.412086,-0.10398351,0.0034028268,0.29750001,1.4812995,84.358536,23.318922,0.0,,1.393,3.5723772
36,Taiwan,2017,0.15839957,0.62199998,-0.29871094,-18.624029,-0.16661344,1.8233979,34.458,3.6093161,17.111502,-0.31349748,0.32599565,0.25049999,-5.6046124,86.290787,26.761526,0.0,,0.62199998,3.6093161
36,Taiwan,2018,-0.22565758,1.35,-0.34449819,-20.566429,-0.087424278,1.7429689,33.831001,2.6735721,17.880098,-0.19931531,-0.18295898,0.32499999,-0.90179217,67.708572,22.232689,0.0,,1.35,2.6735721
36,Taiwan,2019,-0.057271264,0.55900002,-0.38808015,-28.173616,0.22660056,1.8151296,32.612,4.5076823,17.52005,-0.15360115,0.05847824,0.39050001,2.5016816,69.926216,23.53274,0.0,,0.55900002,4.5076823
36,Taiwan,2020,0.28800899,-0.23800001,-0.42679468,-44.185539,1.0102463,1.8968408,31.958,9.3128519,18.366051,0.092142954,0.31345972,0.28999999,-4.6842613,66.154915,18.722569,0.0,,-0.23800001,9.3128519
36,Taiwan,2021,0.40387776,1.971,-0.42920053,-33.627869,6.8498321,1.8738482,30.086,7.3407478,17.608051,-0.039891478,0.60358709,0.15360001,-5.1885681,58.633369,17.623787,0.0,,1.971,7.3407478
36,Taiwan,2022,3.0145338,2.947,-0.47396967,-23.804379,7.126555,1.9660996,29.483,6.7984896,18.180052,1.8212575,3.4102542,0.39025,6.6569824,112.93623,49.711281,0.0,,2.947,6.7984896
36,Taiwan,2023,3.0408208,2.4920001,-0.54337895,,2.9747853,2.138494,29.044001,5.7063622,19.273052,1.3184681,3.5759721,1.1126667,4.5516047,99.392548,38.785381,0.0,,2.4920001,5.7063622
37,Thailand,1900,0.40911251,5.9797606,,,-0.23405565,,,,,0.52444726,0.086023726,,,72.415619,21.52215,0.0,,5.9797606,
37,Thailand,1901,-0.64168411,-2.6909723,,,-0.23999882,,,,,-0.54677373,-0.61809951,,11.57901,43.076683,12.075998,0.0,,-2.6909723,
37,Thailand,1902,-0.41881424,-0.53523642,,,0.020680102,,,,,-0.29400709,-0.60834938,,-1.376264,43.4799,11.055113,0.0,,-0.53523642,
37,Thailand,1903,0.55296475,10.582959,,,0.22624816,,,,,-0.00767599,1.0332608,,-6.4023981,49.491287,13.21938,0.0,,10.582959,
37,Thailand,1904,0.92528862,-0.892133,,,-0.031221138,,,,,0.67802668,0.97457373,,-3.6041577,76.692307,24.337723,0.0,,-0.892133,
37,Thailand,1905,-0.40737367,0.24549918,,,-0.87183243,,,,,-0.42196602,-0.28284615,,-8.7678728,54.05724,16.016735,0.0,,0.24549918,
37,Thailand,1906,-0.84513122,-0.81632656,,,-0.34841868,,,,,-0.66432309,-0.92805737,,-12.307836,40.733101,9.2484541,0.0,,-0.81632656,
37,Thailand,1907,-0.83845425,-0.32921812,,,-0.30573308,,,,,-0.61581689,-0.96122646,,-5.2596593,34.413788,7.2722807,0.0,,-0.32921812,
37,Thailand,1908,-0.56650794,-9.0008259,,,-0.74359733,,,,,-0.48100448,-0.57083815,,-0.14980701,32.829559,7.7087584,0.0,,-9.0008259,
37,Thailand,1909,-0.51782608,3.2667878,,,-0.41285631,,,,,-0.43426087,-0.49868882,,0.20357239,30.923229,6.8441749,0.0,,3.2667878,
37,Thailand,1910,-0.57343435,-2.6362038,,,-0.33533052,,,,,-0.47438863,-0.69625187,,0.014403683,30.885345,5.9826069,0.0,,-2.6362038,
37,Thailand,1911,-0.39659983,20.66787,,,-0.59783435,,,,,-0.30276534,-0.38684857,,-0.071936704,52.696037,13.222848,0.0,,20.66787,
37,Thailand,1912,-0.54607475,5.7591624,,,-0.009953673,,,,,-0.41765991,-0.47719252,,0.043182384,53.76284,13.014228,0.0,,5.7591624,
37,Thailand,1913,-0.48928553,-14.187557,,,-0.68415719,,9.952734,,,-0.25797871,-0.6967048,,-0.12115999,49.213394,11.539923,0.0,,,
37,Thailand,1914,1.2543837,-7.3694029,,,-0.67920101,,12.381075,,,1.4132658,1.1471659,,2.3025191,199.27412,67.689491,0.0,,-7.3694029,
37,Thailand,1915,1.534176,0.70493454,,,-0.1018803,,12.512193,,,2.0435889,0.67935169,,-0.20964585,269.59604,88.975815,0.0,,0.70493454,
37,Thailand,1916,1.5681491,8.3000002,,,0.75895762,,11.398295,,,1.9790491,0.75108665,,0.2100863,260.30356,76.625221,0.0,,8.3000002,
37,Thailand,1917,1.4202678,3.2317636,,,0.86777854,,11.027186,,,1.5535991,0.96895081,,0.0,296.97101,90.853035,0.0,,3.2317636,
37,Thailand,1918,1.1241395,77.996422,,,1.7485735,,8.3847637,,,1.57647,0.1969547,,-6.849802,331.62021,104.58283,0.0,,77.996422,
37,Thailand,1919,0.80889267,78.492462,,,0.48699588,,7.6047735,,,0.58160889,0.95010704,,2.4582899,166.6438,50.052334,0.0,,78.492462,
37,Thailand,1920,-0.73382115,-14.187557,,,-0.03607484,,16.316214,,,-0.66475713,-0.66781771,,-4.9350691,102.06319,26.672924,0.0,,,
37,Thailand,1921,-0.82446945,5.1762938,,,-0.69542611,,8.6332664,,,-0.72171652,-0.78011698,,-13.025011,72.843681,19.236418,0.0,,5.1762938,
37,Thailand,1922,-0.90329862,-8.2738943,,,-0.37121031,,9.9760914,,,-0.67486441,-1.0421669,,10.344835,64.923538,14.936777,0.0,,-8.2738943,
37,Thailand,1923,-0.75871038,7.9315705,,,1.1941592,,8.2547579,,,-0.58346987,-0.7883212,,3.2662079,58.87146,15.699247,0.0,,7.9315705,
37,Thailand,1924,-0.66009235,11.383286,,,-0.059837382,,10.553843,,,-0.64550358,-0.63165331,,-9.0259228,49.706013,11.472756,0.0,,11.383286,
37,Thailand,1925,-0.66672403,1.164295,,,-0.48555413,,8.6281137,,,-0.4737269,-0.80576795,,-0.15613641,45.767529,11.542161,0.0,,1.164295,
37,Thailand,1926,-0.92520094,3.7723784,,,-0.55552554,,8.69382,,,-0.76134306,-0.97351688,,-0.53251272,37.680462,9.4661474,0.0,,3.7723784,
37,Thailand,1927,-0.93177456,-7.3937154,,,-0.67218828,,7.3973937,,,-0.73025703,-1.0115455,,-0.39778861,45.88192,11.824171,0.0,,-7.3937154,
37,Thailand,1928,-1.0379902,1.1976048,,,-0.82836837,,7.9272318,,,-0.75786334,-1.1880206,,2.2830067,37.190571,8.9899702,0.0,,1.1976048,
37,Thailand,1929,-1.0053802,3.8132808,,,-0.86053735,,8.8683977,,,-0.79050314,-1.0993242,,0.0,40.538773,10.658247,0.0,,3.8132808,
37,Thailand,1930,-1.0928574,-14.187557,,,-0.86737329,,11.692565,,,-0.88424754,-1.1634555,,2.9795072,42.976971,10.78149,0.0,,,
37,Thailand,1931,-1.0330914,-14.187557,,,-0.89606309,,13.712709,,,-0.79455775,-1.1060269,,18.103102,44.57341,11.303652,0.0,,,
37,Thailand,1932,-0.87937403,-3.0748663,,,-0.8856746,,9.5946388,,,-0.73443818,-0.92531806,,-7.3286495,59.718971,16.147461,0.0,,-3.0748663,
37,Thailand,1933,-0.78880334,-11.448276,,,-0.84145153,,10.878778,,,-0.61386508,-0.89388406,,-15.747767,52.87656,13.751005,0.0,,-11.448276,
37,Thailand,1934,-0.79356527,-2.3364487,,,-0.53155196,,8.7570276,,,-0.67882639,-0.75089896,,3.1296813,52.097977,11.942769,0.0,,-2.3364487,
37,Thailand,1935,-0.14393325,23.923445,,,-0.50117409,,8.7110538,,,-0.48493159,0.42967722,,-1.0018533,82.748703,24.502134,0.0,,23.923445,
37,Thailand,1936,-0.55456114,1.8018018,,,-0.067149915,,7.2018661,,,-0.48015898,-0.44667006,,0.97415346,91.402847,28.203295,0.0,,1.8018018,
37,Thailand,1937,-0.74887234,10.998735,,,-0.52602446,,7.449378,,,-0.63327843,-0.72017181,,0.79305357,87.478371,28.329582,0.0,,10.998735,
37,Thailand,1938,-0.16064841,-8.3143511,,,-0.64374411,,5.6105251,,,-0.40597606,0.21463506,,,102.05727,35.106739,0.0,,-8.3143511,
37,Thailand,1939,-0.032429736,-4.4720497,,,-0.51640356,,4.9931459,,,0.01133881,0.31989884,,,191.01532,69.535812,0.0,,-4.4720497,
37,Thailand,1940,0.46615916,29.128738,,,-0.023972057,,6.9761581,33.0,,0.48034585,0.56848824,,,200.07191,75.696594,0.0,,29.128738,33.0
37,Thailand,1941,3.8839769,65.256798,,,1.7757734,,4.3935108,26.31579,,3.4752417,4.1671815,,,241.92404,81.514778,2.9860556,,65.256798,26.31579
37,Thailand,1942,2.5640604,35.433071,,,4.3112993,,11.50813,31.547619,,3.7715464,-0.16982786,,,306.14059,89.920296,0.0,,35.433071,31.547619
37,Thailand,1943,1.7377899,102.36221,,,4.6802807,,18.622749,66.063347,,2.4682124,0.26058313,,,344.39383,102.84225,0.0,,102.36221,66.063347
37,Thailand,1944,1.2832729,77.431908,,,1.9364561,,27.081039,79.29155,,1.9714204,-0.26691604,,,376.73724,115.55202,0.0,,77.431908,79.29155
37,Thailand,1945,2.7195723,92.105263,,,1.9613748,,28.598921,58.206688,,3.6577692,1.1075435,,,240.73561,75.437012,0.0,,92.105263,58.206688
37,Thailand,1946,-0.41639307,18.72146,,-16.469748,1.1446077,0.67366564,21.046965,15.273775,,-0.51481891,-0.25214997,,,122.23141,36.864597,0.0,,18.72146,15.273775
37,Thailand,1947,-0.27874845,16.73077,,-10.246037,1.8822758,0.80485988,13.495007,-0.58333331,,-0.34192151,-0.22421354,,,99.266258,26.203764,0.0,,16.73077,-0.58333331
37,Thailand,1948,-0.34517714,-0.24711697,,10.005574,0.33801323,2.3778331,5.9430499,13.49539,8.9832401,-0.6391958,0.011750385,,,114.34803,32.191494,0.0,,-0.24711697,13.49539
37,Thailand,1949,-0.45426103,1.1071978,,16.048052,-0.099231727,2.7968273,5.0276399,7.4074087,7.9608102,-0.62306219,-0.20767406,,,83.723862,22.890356,0.0,,1.1071978,7.4074087
37,Thailand,1950,0.47858796,4.88164,0.18940218,18.867865,-0.16699567,2.0685475,6.5506902,26.436781,9.0554705,0.13905244,0.93057114,,,142.74683,42.647415,0.0,,4.88164,26.436781
37,Thailand,1951,0.75496519,6.0847945,0.17637506,31.252159,0.58854073,1.6478179,6.8920298,29.227272,12.4053,0.78517824,0.86989999,,-3.5050843,154.43521,48.461945,0.0,,6.0847945,29.227272
37,Thailand,1952,0.29271513,15.094486,0.14862567,15.16292,0.18181501,2.4511633,8.1559601,2.8315158,12.1626,0.33218279,0.20190334,,-12.442007,105.07939,31.331987,0.0,,15.094486,2.8315158
37,Thailand,1953,1.2564012,13.114865,0.17090136,0.6250602,-0.37029964,2.9986606,12.8306,16.264753,14.8865,1.1063381,1.2258942,,-3.4227002,101.92927,31.468937,0.0,,13.114865,16.264753
37,Thailand,1954,1.4936101,0.25974026,0.080023192,-0.93899661,-0.64408171,2.6304069,16.52,11.724034,15.3888,0.56362516,2.4846001,,15.937016,91.05645,27.604109,0.0,,0.25974026,11.724034
37,Thailand,1955,0.81480533,4.6632123,0.080956042,6.4329195,-0.24247514,2.208451,13.297,14.127723,12.5102,-0.27452943,2.0374386,,2.3849003,89.117783,25.969534,0.0,,4.6632123,14.127723
37,Thailand,1956,-0.2147782,5.9405942,0.015065494,5.6149349,-0.48286206,1.90417,12.7403,11.144438,13.2714,-0.55572265,0.34388936,,-3.9608071,101.25542,34.144405,0.0,,5.9405942,11.144438
37,Thailand,1957,0.057224546,5.9579439,-0.055574987,6.9164152,-0.62876862,3.5759854,12.5723,9.0824108,13.0866,-0.53231812,0.80898428,,-0.14437215,99.325577,31.369181,0.0,,5.9579439,9.0824108
37,Thailand,1958,0.72948027,5.8434401,-0.10062473,-0.52587759,-0.59408081,3.2486219,14.9859,6.1851802,13.2742,-0.27823442,1.9032489,,1.1646626,115.22129,31.834448,0.0,,5.8434401,6.1851802
37,Thailand,1959,-0.23299246,-4.7916665,-0.067798302,2.2392807,-0.67002034,3.0147674,15.2469,7.5902843,13.8122,-0.22788765,-0.29619452,,0.84953892,82.10849,22.115986,0.0,,-4.7916665,7.5902843
37,Thailand,1960,0.65047443,-0.76586431,-0.033221558,-1.1832929,-0.40783727,2.4652648,14.2608,13.676497,12.0659,-0.06421268,1.3955981,,0.055111915,86.417786,23.091038,0.0,,-0.76586431,13.676497
37,Thailand,1961,1.4032516,7.3869901,-0.0612556,-1.2351613,-0.36681244,2.0976768,12.8782,13.46,9.5849199,0.60349864,2.2121961,,-0.58226889,126.08382,34.090923,0.0,,7.3869901,13.46
37,Thailand,1962,0.46262541,3.6960986,-0.065599099,-3.310684,-0.49478385,2.6285467,13.4114,11.889,11.9083,0.067316629,0.98122835,,-0.84685856,124.72618,32.765167,0.0,,3.6960986,11.889
37,Thailand,1963,-0.4162738,0.0,-0.06516771,-4.1308618,-0.74683738,2.61604,12.5843,2.0599999,11.9943,-0.5592953,-0.1701334,,-0.23958664,117.54991,30.045332,0.0,,0.0,2.0599999
37,Thailand,1964,0.64779961,-0.79207921,-0.076603994,-2.5306935,-0.083097674,2.4300253,13.3292,12.651,13.2546,0.17713231,1.0807226,,-0.14440122,90.5354,24.989992,0.0,,-0.79207921,12.651
37,Thailand,1965,0.4030484,0.166334,-0.077374786,-4.7931843,-0.11978085,2.3259194,14.8186,15.597,14.6929,0.11043725,0.72691572,,0.0,99.786484,27.611383,0.0,,0.166334,15.597
37,Thailand,1966,1.155601,4.0352044,-0.047346823,-5.2253294,0.59571654,2.1653678,14.3986,22.278,14.7142,0.42183915,1.7437447,,0.0,90.635468,26.026463,0.0,,4.0352044,22.278
37,Thailand,1967,1.5572526,4.3096566,-0.042506509,-3.5161314,-0.21447039,2.4268169,15.0316,14.004,15.4962,1.5758911,1.1675332,,0.0,112.60692,33.981766,0.0,,4.3096566,14.004
37,Thailand,1968,1.1623513,1.7903596,-0.039423738,-5.4005914,-0.44511485,2.7545602,15.5339,16.084,16.039101,1.2783483,0.65086943,,0.0,104.20105,26.863853,0.0,,1.7903596,16.084
37,Thailand,1969,1.1671104,2.4503908,-0.03792255,-8.0577021,-0.52779269,2.9913666,17.696899,12.236,15.8938,1.073027,0.83196563,,0.0,95.787491,25.663687,0.0,,2.4503908,12.236
37,Thailand,1970,2.086971,-0.088041082,-0.048532948,-10.964474,-0.45952478,3.0652986,18.5347,12.931,17.5734,2.3692813,1.3153263,,0.0,102.82236,27.977636,0.0,,-0.088041082,12.931
37,Thailand,1971,1.6234385,0.48465267,-0.075137816,-11.778901,-0.056544591,3.5609765,21.5466,16.504999,18.775,1.3479531,1.6904212,,0.0,87.422432,23.565512,0.0,,0.48465267,16.504999
37,Thailand,1972,3.3403704,4.8377666,-0.10676083,-10.44998,0.33741283,3.4742475,26.7708,23.289,18.473101,2.8691039,3.4462876,,0.00014671913,87.485275,22.722923,0.0,,4.8377666,23.289
37,Thailand,1973,1.5880058,15.50955,-0.081402205,-10.443721,3.8189662,2.8822429,21.1688,22.750999,15.9227,1.2590662,1.6210054,,-0.86753976,76.668312,23.196272,0.0,,15.50955,22.750999
37,Thailand,1974,0.10906083,24.31356,-0.10615026,-4.8451142,3.5028455,2.6554387,16.322901,20.308001,13.2489,-0.26480457,0.43034247,,-1.1856605,70.567474,19.707304,0.0,,24.31356,20.308001
37,Thailand,1975,1.4312773,5.3300972,-0.12451172,-10.37716,0.6670078,2.7952328,15.7619,15.805,14.2359,1.2431402,1.5728258,,0.020444801,79.141571,24.290001,1.4704595,,5.3300972,15.805
37,Thailand,1976,-0.26137722,4.1493053,-0.10276274,-10.127869,0.055000961,3.1314211,21.9823,20.481001,15.6422,-0.027625971,-0.57529819,,0.10223119,69.23243,20.163492,0.0,,4.1493053,20.481001
37,Thailand,1977,-0.21521877,7.6012669,-0.072881944,-9.1122303,0.34576717,3.4817734,22.3906,19.472,16.0882,-0.042511404,-0.48974672,8.2733326,0.0,68.475105,20.052147,0.0,,7.6012669,19.472
37,Thailand,1978,0.70334131,7.9240899,-0.041394368,-11.857245,0.23563901,3.9237142,22.7677,19.098,16.5888,0.53969556,0.639301,10.40333,-0.31371987,81.370934,24.311628,0.0,,7.9240899,19.098
37,Thailand,1979,1.487686,9.8973656,-0.053645309,-5.4239192,2.2067583,4.3809195,23.693001,14.428,16.9203,1.0642384,1.8261042,13.28083,0.40731665,86.351082,24.305658,0.0,,9.8973656,14.428
37,Thailand,1980,0.59885466,19.700001,-0.072817937,-4.2762485,0.47553086,4.2444549,22.147499,22.287001,18.7321,0.063528717,1.0598031,14.6575,0.28119445,102.05772,28.724768,0.0,,19.700001,22.287001
37,Thailand,1981,-0.068823524,12.693,-0.076210275,-6.2772317,-0.17106172,4.0631623,24.369801,15.754,19.058901,-0.24450491,0.23195969,17.245831,6.5545492,101.66919,30.529142,0.0,,12.693,15.754
37,Thailand,1982,-0.28054151,5.2509999,-0.083886668,-14.216874,-0.3970429,4.1203694,27.1052,23.329,20.2092,-0.47498554,-0.096442342,14.94833,5.4809394,124.11795,36.629948,0.0,,5.2509999,23.329
37,Thailand,1983,0.28422469,3.868,-0.088362932,-15.927173,-0.61121535,3.9533589,28.920401,23.771999,19.544001,0.30699116,0.20596443,12.15083,-0.098507032,103.87984,29.114887,0.0,,3.868,23.771999
37,Thailand,1984,-0.40679455,0.86799997,-0.089771859,-16.816124,-0.56957752,4.0644388,30.648899,19.671,19.3281,-0.062353373,-0.80225915,13.575,2.5713735,88.389366,22.157396,0.0,,0.86799997,19.671
37,Thailand,1985,-0.017761942,2.257,-0.10053721,-17.331736,-0.69476718,4.189115,36.7612,11.465,20.5299,0.49947384,-0.71428567,13.48333,15.31284,92.283493,22.453724,0.0,,2.257,11.465
37,Thailand,1986,-0.58585495,1.8430001,-0.10208664,-18.944998,-0.67827201,3.7953281,40.1437,13.624,19.4921,-0.48717502,-0.6296553,8.0699997,-3.2325513,91.707932,24.379642,0.0,,1.8430001,13.624
37,Thailand,1987,-0.7829963,2.566,-0.065659724,-12.544919,-0.39552632,3.3613865,38.7724,19.431999,17.4639,-0.62629765,-0.84878016,5.9108329,-2.0679152,85.342255,19.970982,0.0,,2.566,19.431999
37,Thailand,1988,-0.46516475,3.757,0.0052261441,-4.0444942,0.40090996,2.933501,30.3326,17.962999,15.132,-0.19545788,-0.72569406,8.6608334,-1.7795044,72.833328,15.624382,0.0,,3.757,17.962999
37,Thailand,1989,-0.49034178,5.4679999,0.066952772,-0.76273137,-0.28913543,2.6846671,23.7206,26.177,16.532,-0.3913742,-0.49719578,10.60134,1.6088043,81.248924,17.107746,0.0,,5.4679999,26.177
37,Thailand,1990,-0.44001758,5.8400002,0.12030336,0.8723799,0.069615863,2.5942502,18.448,25.518999,16.5588,-0.49817684,-0.30791768,12.87083,-0.42806458,100.47716,26.212477,0.0,,5.8400002,25.518999
37,Thailand,1991,-0.53858209,5.79,0.14287609,1.7938383,0.14825563,2.6450248,13.366,19.396,16.9575,-0.48324457,-0.43944681,11.15243,-0.26456255,115.19403,27.426466,0.0,,5.79,19.396
37,Thailand,1992,-0.49399102,4.0149999,0.17356706,-0.51736122,-0.46113187,2.6574228,10.879,15.514,17.8393,-0.36869279,-0.48147705,6.932508,-0.51155353,75.940979,17.955132,0.0,,4.0149999,15.514
37,Thailand,1993,-0.81112343,3.381,0.19970335,-2.5492175,-0.28542218,2.5248244,8.1859999,18.990999,18.7651,-0.65351063,-0.88689607,6.541492,-0.30844426,86.624359,19.521364,0.0,,3.381,18.990999
37,Thailand,1994,-0.8965503,5.0560002,0.22021163,-0.89673156,-0.28465158,2.5023835,5.6929998,10.686,15.9518,-0.76708597,-0.93826479,7.2501249,-0.67819524,88.633369,20.105034,0.0,,5.0560002,10.686
37,Thailand,1995,-0.87442207,5.796,0.24238653,5.7320962,-0.41469631,2.2737825,4.6100001,17.743,15.3353,-0.82118648,-0.83897394,10.9619,-0.95145369,75.088799,15.462921,0.0,,5.796,17.743
37,Thailand,1996,-0.8947829,5.8249998,0.24238047,-1.655723,-0.63830483,2.151525,3.6730001,10.62,17.7616,-0.84645951,-0.82276535,9.2316666,1.7547008,61.413044,12.353076,0.0,,5.8249998,10.62
37,Thailand,1997,-0.89283878,5.6279998,0.16061696,7.1887965,-0.13653365,2.1739225,4.6420002,19.551001,18.5114,-0.81034333,-0.83089978,14.59,22.530584,39.673115,10.117812,0.0,,5.6279998,19.551001
37,Thailand,1998,-0.66474175,7.96,0.028111849,10.415656,0.16546538,1.8563683,10.67,10.07,18.219601,-0.68469596,-0.51809502,,32.79525,51.792046,13.587938,0.0,,7.96,10.07
37,Thailand,1999,-0.51734978,0.23899999,0.02148897,8.8928671,-0.23174007,1.6237977,20.006001,3.799,17.9636,-0.566504,-0.35380113,,-8.2450476,58.142807,15.378646,0.0,7.9391437,0.23899999,3.799
37,Thailand,2000,-0.25655633,1.697,0.015475093,27.468414,0.28817895,1.4881116,21.965,4.908,19.346073,-0.38703188,-0.034364142,,6.1882539,45.607391,10.481833,0.0,6.5894771,1.697,4.908
37,Thailand,2001,-0.90372521,1.612,-2.6331989e-05,24.394312,-0.71188539,1.4298851,24.577999,16.377001,20.823765,-0.6272561,-1.0981938,2.2852569,10.699612,111.46019,23.475092,0.0,5.4649119,1.612,16.377001
37,Thailand,2002,-0.71789306,0.65899998,0.010647823,17.024555,-0.71244836,1.3282796,30.07,1.306,25.712311,-0.50923389,-0.74562615,1.9205416,-3.3853614,111.12048,23.962622,0.0,4.795043,0.65899998,1.306
37,Thailand,2003,-0.25201946,1.818,0.032137681,16.648138,-0.76980031,1.2329056,27.046,6.2459998,18.285738,-0.2780365,0.026271589,1.3542037,-3.4266574,135.32417,31.241259,0.0,3.4542811,1.818,6.2459998
37,Thailand,2004,-0.51422733,2.809,0.046346314,25.240068,-0.29045582,1.1283566,24.396,5.7930002,19.331488,-0.31645098,-0.61719972,1.3034599,-3.0147696,110.70305,23.071341,0.0,4.8621988,2.809,5.7930002
37,Thailand,2005,-0.44406518,4.467,0.04127555,33.52734,-0.12843424,0.98619187,25.458,6.0960002,19.579763,-0.40109304,-0.50118762,2.672534,0.033853445,83.537979,17.710384,0.0,5.0016665,4.467,6.0960002
37,Thailand,2006,-0.67934662,4.7140002,0.047873549,27.577959,-0.48366603,0.95012325,24.381001,8.1549997,18.738914,-0.58057177,-0.69562769,4.6558852,-5.8403187,86.026413,20.44495,0.0,5.3850002,4.7140002,8.1549997
37,Thailand,2007,-0.56211179,2.1630001,0.059537545,21.153915,-0.60519272,1.0191892,22.993,6.2529998,19.999056,-0.52888316,-0.50516719,3.4788179,-14.844614,84.868973,17.344309,0.0,4.5958333,2.1630001,6.2529998
37,Thailand,2008,-0.50142902,5.4860001,0.036028687,29.480215,0.32311758,1.2526619,22.450001,9.165,19.226326,-0.61153072,-0.29971275,3.1888278,2.2474401,71.192848,15.664427,0.0,4.5574999,5.4860001,9.165
37,Thailand,2009,-0.60640341,-0.86900002,-0.010896614,6.0468636,-0.83956945,1.5403476,26.778999,6.7639999,21.721836,-0.66622972,-0.36577904,1.24,3.8976638,69.581642,16.356167,0.0,3.905,-0.86900002,6.7639999
37,Thailand,2010,-0.28287101,3.3,0.022555748,11.735858,-0.66326797,1.5225558,26.900999,10.943,22.008858,-0.46815145,-0.017399227,1.4416667,-7.6252379,73.838913,18.218122,0.0,3.6041667,3.3,10.943
37,Thailand,2011,-0.72377014,3.8110001,-0.0072576106,21.839197,0.73071051,1.3906345,28.132,15.121,21.113401,-0.57146037,-0.74687868,2.8733332,-3.8074365,75.721146,18.61112,0.0,3.6933334,3.8110001,15.121
37,Thailand,2012,-0.64031476,3.0090001,0.024834974,17.490879,-0.24727598,1.3898889,28.445,10.375,22.251299,-0.63472599,-0.43362269,2.9649999,1.9464368,69.216782,17.787855,0.0,3.5333333,3.0090001,10.375
37,Thailand,2013,-0.82936031,2.1860001,0.014169173,9.9019051,-0.75505829,1.345251,38.167,7.3210001,21.647144,-0.71702296,-0.83909571,2.5680723,-1.1423824,70.025406,17.321569,0.0,3.7996492,2.1860001,7.3210001
37,Thailand,2014,-0.7102316,1.895,-0.01232134,5.941267,-0.74229568,1.379976,35.389999,4.6479998,22.198183,-0.58236033,-0.81955791,2.0675001,5.6967654,80.853844,22.559679,0.0,3.5725,1.895,4.6479998
37,Thailand,2015,-0.90041965,-0.898,-0.016735166,-2.5550227,-0.70763701,1.3373268,36.671001,4.4359999,22.291235,-0.75090879,-0.89295268,1.6108333,5.5393772,94.918381,24.900143,0.0,2.7341666,-0.898,4.4359999
37,Thailand,2016,-0.86769342,0.186,-0.017810097,-9.278966,-0.8301307,1.3251669,37.306999,4.2220001,21.37183,-0.75579715,-0.88281745,1.4108334,2.9098649,84.358536,23.368961,0.0,2.1775,0.186,4.2220001
37,Thailand,2017,-0.84789503,0.66399997,-0.011125376,-11.449563,-0.58244771,1.3362762,41.777,5.013,21.495317,-0.73963606,-0.79916245,1.3325,-3.7977822,86.290787,26.844669,0.0,2.6033332,0.66399997,5.013
37,Thailand,2018,-0.93049866,1.067,-0.0024802955,-14.012815,-0.25307778,1.3263935,37.91,4.6680002,21.296926,-0.69937223,-1.0150441,1.3041667,-4.7214656,67.708572,22.255457,0.0,2.6875,1.067,4.6680002
37,Thailand,2019,-0.82464433,0.70599997,-0.012964411,-27.706726,-0.83523077,1.3272982,38.627998,3.6370001,20.559965,-0.84817523,-0.58882731,1.5533333,-3.9995148,69.926216,23.571037,0.0,2.0541666,0.70599997,3.6370001
37,Thailand,2020,-0.81069517,-0.84600002,-0.10607574,-42.165295,0.32664293,1.4607793,50.323002,10.16,24.883709,-0.79717749,-0.634363,0.60333335,0.76843643,66.154915,18.824621,0.0,1.3316667,-0.84600002,10.16
37,Thailand,2021,-0.74250072,1.2309999,-0.1205842,-25.31052,0.66324836,1.4183685,58.511002,4.8049998,26.767126,-0.76595706,-0.50164902,0.41166666,2.3492162,58.633369,17.737257,0.0,1.7508334,1.2309999,4.8049998
37,Thailand,2022,-0.82992458,6.0760002,-0.12360748,-12.329404,0.96640402,1.2410527,60.349998,3.8759999,24.516741,-0.84404486,-0.60172105,0.66583335,9.5537367,112.93623,50.337112,0.0,2.6900001,6.0760002,3.8759999
37,Thailand,2023,-0.73946089,1.229,-0.13123788,-19.016928,0.27271727,1.1309417,61.124001,1.95,22.861374,-0.54006708,-0.78931546,1.7893151,-0.75633311,99.392548,39.402023,0.0,2.7175,1.229,1.95
38,Tunisia,1900,-0.32682475,,,,-0.16048166,,,,,-0.25419813,-0.5975548,,,72.415619,21.776215,0.0,,,
38,Tunisia,1901,-0.34566855,,,,-0.27010897,,,,,-0.2644341,-0.63988477,,,43.076683,12.169765,0.0,,,
38,Tunisia,1902,-0.34727892,,,,-0.32434154,,,,,-0.25405005,-0.69006217,,,43.4799,11.184305,0.0,,,
38,Tunisia,1903,-0.32541496,,,,-0.32434154,,,,,-0.27656767,-0.49871361,,,49.491287,13.495687,0.0,,,
38,Tunisia,1904,-0.33286995,,,,-0.32434154,,,,,-0.2638438,-0.53220677,,,76.692307,24.674421,0.0,,,
38,Tunisia,1905,-0.32143191,,,,-0.26997471,,,,,-0.26391822,-0.53312969,,,54.05724,16.14115,0.0,,,
38,Tunisia,1906,-0.32187322,,,,-0.32434154,,,,,-0.25150844,-0.53461665,,,40.733101,9.304203,0.0,,,
38,Tunisia,1907,-0.3580285,,,,-0.23184553,,,,,-0.26572838,-0.69006217,,,34.413788,7.3382769,0.0,,,
38,Tunisia,1908,-0.35759321,,,,-0.32434154,,,,,-0.27656767,-0.64328164,,,32.829559,7.8173695,0.0,,,
38,Tunisia,1909,-0.36800572,,,,-0.32434154,,,,,-0.27656767,-0.69006217,,,30.923229,6.9630837,0.0,,,
38,Tunisia,1910,-0.35793483,,,,-0.32434154,,,,,-0.27656767,-0.64481646,,,30.885345,6.0902171,0.0,,,
38,Tunisia,1911,-0.23500043,,,,-0.23343584,,,,,-0.19876152,-0.23040369,,,52.696037,13.326965,0.0,,,
38,Tunisia,1912,-0.32515389,,,,-0.23079087,,,,,-0.25329053,-0.49754077,,,53.76284,13.117797,0.0,,,
38,Tunisia,1913,-0.36800572,,,,-0.32434154,,,,,-0.27656767,-0.69006217,,,49.213394,11.663315,0.0,,,
38,Tunisia,1914,-0.17277868,,,,-0.27861968,,,,,-0.16493875,-0.13610353,,,199.27412,68.03717,0.0,,,
38,Tunisia,1915,-0.18325523,,,,-0.23134817,,,,,-0.087005191,-0.45949748,,,269.59604,89.370117,0.0,,,
38,Tunisia,1916,-0.31575626,,,,-0.22809388,,,,,-0.23115656,-0.64311373,,,260.30356,77.058563,0.0,,,
38,Tunisia,1917,-0.31466413,,,,-0.22237353,,,,,-0.23020735,-0.64213234,,,296.97101,91.262871,0.0,,,
38,Tunisia,1918,-0.30015609,,,,-0.27089596,,,,,-0.20285572,-0.69006217,,,331.62021,104.94245,0.0,,,
38,Tunisia,1919,-0.31004611,,,,-0.22272161,,,,,-0.23878722,-0.58590353,,,166.6438,50.364937,0.0,,,
38,Tunisia,1920,-0.32193658,,,,-0.11332636,,,,,-0.25154287,-0.5865742,,,102.06319,26.746178,0.0,,,
38,Tunisia,1921,-0.32681733,,,,-0.32434154,,,,,-0.24300732,-0.64380014,,,72.843681,19.296671,0.0,,,
38,Tunisia,1922,-0.30111468,,,,-0.19745302,,,,,-0.25580466,-0.47540289,,,64.923538,14.978106,0.0,,,
38,Tunisia,1923,-0.33903927,,,,-0.20124601,,,,,-0.26607794,-0.60330331,,,58.87146,15.772941,0.0,,,
38,Tunisia,1924,-0.34212852,,,,-0.28848505,,,,,-0.26719666,-0.57380295,,,49.706013,11.562731,0.0,,,
38,Tunisia,1925,-0.33387506,,,,-0.32434154,,,,,-0.25802788,-0.57505745,,,45.767529,11.628993,0.0,,,
38,Tunisia,1926,-0.32803997,,,,-0.25701007,,,,,-0.2678839,-0.54641813,,,37.680462,9.5108862,0.0,,,
38,Tunisia,1927,-0.36070383,,,,-0.32434154,,,,,-0.26863486,-0.69006217,,,45.88192,11.876186,0.0,,,
38,Tunisia,1928,-0.33320525,,,,-0.32434154,,,,,-0.2538833,-0.56498301,,,37.190571,9.018301,0.0,,,
38,Tunisia,1929,-0.36107653,,,,-0.32434154,,,,,-0.26903981,-0.69006217,,,40.538773,10.698792,0.0,,,
38,Tunisia,1930,-0.33291858,0.40000001,,,-0.29099479,,,,,-0.26894394,-0.56395268,,,42.976971,10.801129,0.0,,0.40000001,
38,Tunisia,1931,-0.35444325,-4.2828684,,,-0.29248425,,,,,-0.26920053,-0.65959597,,,44.57341,11.338157,0.0,,-4.2828684,
38,Tunisia,1932,-0.35364601,-13.735692,,,-0.32434154,,,,,-0.26876745,-0.65780503,,,59.718971,16.205914,0.0,,-13.735692,
38,Tunisia,1933,-0.34707218,-7.5995173,,,-0.32434154,,,,,-0.26898694,-0.62736315,,,52.87656,13.822015,0.0,,-7.5995173,
38,Tunisia,1934,-0.3349939,-4.5691905,,,-0.22648489,,,,,-0.2550492,-0.63073695,,,52.097977,12.009957,0.0,,-4.5691905,
38,Tunisia,1935,-0.27309301,-5.1983585,,,-0.22467591,,,,,-0.23974149,-0.38547888,,,82.748703,24.65564,0.0,,-5.1983585,
38,Tunisia,1936,-0.3348189,14.141414,,,-0.29159188,,,,,-0.262146,-0.57078278,,,91.402847,28.307989,0.0,,14.141414,
38,Tunisia,1937,-0.18147214,20.73325,,,-0.18746196,,,,,-0.12645629,-0.34863693,,,87.478371,28.364735,0.0,,20.73325,
38,Tunisia,1938,-0.035119943,16.125654,,,-0.21414909,,,,,-0.10779877,0.30698046,,,102.05727,35.197075,0.0,,16.125654,
38,Tunisia,1939,0.25439528,0.0,,,-0.070830911,,,,,0.014345855,1.455917,,,191.01532,69.572639,0.0,,0.0,
38,Tunisia,1940,0.36003363,22.013002,,,-0.010655968,,,,,0.30000761,0.74667937,,,200.07191,75.784882,0.0,,22.013002,
38,Tunisia,1941,0.033862628,24.582031,,,0.14332022,,,,,-0.0066754175,0.097785175,,,241.92404,82.223022,0.0,,24.582031,
38,Tunisia,1942,2.6043146,24.996313,,,2.8759067,,,,,2.7399151,0.71045965,,,306.14059,89.767212,1.4130954,,24.996313,
38,Tunisia,1943,9.951479,72.109482,,,9.9912395,,,,,10.363559,3.6950819,,,344.39383,100.69016,8.1815357,,72.109482,
38,Tunisia,1944,0.39788851,37.613106,,,0.63484061,,,,,0.46189329,-0.044883825,,,376.73724,115.75906,0.0,,37.613106,
38,Tunisia,1945,-0.23818243,13.778331,,,0.19598405,,,,,-0.15567605,-0.44009352,,,240.73561,76.031525,0.0,,13.778331,
38,Tunisia,1946,-0.30277139,49.612537,,,-0.0082811378,,,,,-0.23227349,-0.54352224,,,122.23141,36.982845,0.0,,49.612537,
38,Tunisia,1947,-0.30410635,67.099754,,,0.038994048,,,,,-0.25053504,-0.51063579,,,99.266258,26.343979,0.0,,67.099754,
38,Tunisia,1948,-0.34441635,69.141724,,,-0.19901127,,,,,-0.25948265,-0.65473533,,,114.34803,32.331528,0.0,,69.141724,
38,Tunisia,1949,-0.32330188,4.15696,,,-0.24701455,,,,,-0.2522845,-0.55616748,,,83.723862,23.007879,0.0,,4.15696,
38,Tunisia,1950,-0.29484871,3.5029821,0.11244994,,-0.28652674,,,,,-0.23682873,-0.45999017,,,142.74683,42.904259,0.0,,3.5029821,
38,Tunisia,1951,-0.30796257,15.035918,0.067897961,,-0.09240105,,,,,-0.25210607,-0.48774421,,0.0,154.43521,48.765549,0.0,,15.035918,
38,Tunisia,1952,0.312576,7.0061779,0.12973556,,0.061165385,,,,,0.068478651,1.0765892,,0.0,105.07939,31.405094,0.0,,7.0061779,
38,Tunisia,1953,-0.10371986,-0.59529382,0.11291154,,-0.32434154,,,,,-0.20273668,0.22590388,,0.0,101.92927,31.79936,0.0,,-0.59529382,
38,Tunisia,1954,0.1837128,4.1920114,0.080999739,,-0.20811898,,,,,0.11176812,0.28746086,,0.0,91.05645,27.898674,0.0,,4.1920114,
38,Tunisia,1955,0.056961466,0.0,-0.025456194,,-0.24709703,,,,,0.00044332605,0.31663862,,0.0,89.117783,26.189699,0.0,,0.0,
38,Tunisia,1956,0.44272658,4.8075328,-0.011493523,,0.15568504,,,,,0.28099081,1.0141783,,0.0,101.25542,34.104668,0.0,,4.8075328,
38,Tunisia,1957,0.66579294,5.5048442,-0.10048137,,-0.020219821,,,,,0.33008134,1.7508807,,2.4999976,99.325577,31.315428,0.0,,5.5048442,
38,Tunisia,1958,1.3426487,5.2169409,-0.027308993,,-0.09069702,,,,,0.5541715,4.1266561,,17.073172,115.22129,31.714113,0.0,,5.2169409,
38,Tunisia,1959,0.14976266,-8.2642164,-0.12112065,,-0.016074847,,,30.425377,,0.09843526,0.19107051,,0.0,82.10849,22.147921,0.0,,-8.2642164,30.425377
38,Tunisia,1960,0.5801748,1.8018844,-0.057065755,6.0654769,0.28896791,2.0047874,,16.537149,19.934227,0.286028,1.7348117,,0.0,86.417786,23.152271,0.0,,1.8018844,16.537149
38,Tunisia,1961,1.4305422,-1.7699913,-0.024519496,8.2138739,0.23170523,2.215909,,12.19,22.028913,0.49341923,5.1647887,,0.0,126.08382,34.054085,0.0,,-1.7699913,12.19
38,Tunisia,1962,0.66046625,5.7839575,-0.099147573,10.460652,0.024038393,1.7296051,,10.095,21.84664,0.46296245,1.537153,,0.0,124.72618,32.776459,0.0,,5.7839575,10.095
38,Tunisia,1963,0.00076132844,0.97077662,-0.012262979,2.5199711,-0.25368974,1.5080113,,26.375,19.88628,-0.1346782,0.41445017,,0.0,117.54991,30.086378,0.0,,0.97077662,26.375
38,Tunisia,1964,-0.18749264,4.1869411,-0.024708752,-3.8653052,-0.19279096,1.744186,,3.1830001,20.418335,-0.20868355,-0.12860379,,6.2500014,90.5354,25.246111,0.0,,4.1869411,3.1830001
38,Tunisia,1965,-0.16960844,6.63551,-0.018586902,-8.108202,-0.12194367,1.2877187,,8.3529997,20.712725,-0.22068717,0.0032055054,,17.647057,99.786484,27.824497,0.0,,6.63551,8.3529997
38,Tunisia,1966,-0.23839004,3.9439237,-0.051329847,-9.1324644,-0.029654888,1.3174748,,13.081,22.594276,-0.23951118,-0.23032996,,0.0,90.635468,26.375309,0.0,,3.9439237,13.081
38,Tunisia,1967,0.093691416,2.9999943,-0.11425438,-9.9959717,0.0083762016,1.4210526,,6.3730001,24.234812,-0.040973082,0.66136116,,0.0,112.60692,34.309231,0.0,,2.9999943,6.3730001
38,Tunisia,1968,-0.26767361,2.4811101,-0.068730585,-15.978726,-0.19252676,1.4426847,,12.898,23.928478,-0.22985297,-0.40028504,,0.0,104.20105,27.221212,0.0,,2.4811101,12.898
38,Tunisia,1969,-0.24765524,4.1052856,-0.087147735,-14.951728,-0.25865,1.3142351,,6.027,24.263502,-0.22272988,-0.30839053,,0.0,95.787491,26.016699,0.0,,4.1052856,6.027
38,Tunisia,1970,-0.077510193,1.1122282,-0.081894636,-4.9649792,-0.19126385,1.5616728,43.062923,9.1499996,24.320131,-0.091829263,0.042076163,,0.0,102.82236,28.431883,0.0,,1.1122282,9.1499996
38,Tunisia,1971,-0.26983511,6.0000067,-0.032428175,-5.0854769,-0.25539303,1.475261,42.227577,21.148001,22.947641,-0.26015955,-0.31686306,,-0.39676258,87.422432,23.995861,0.0,,6.0000067,21.148001
38,Tunisia,1972,-0.32203773,1.8867921,0.078958265,-5.4052205,-0.25679028,1.4145199,37.921902,16.679001,21.475981,-0.25159782,-0.55238116,,-8.7650576,87.485275,23.436304,0.0,,1.8867921,16.679001
38,Tunisia,1973,-0.12465872,4.7222228,0.018248994,-4.8562126,0.73393649,1.3984191,37.136265,20.181,22.626949,-0.15215705,0.14598387,,-11.630472,76.668312,23.58412,0.0,,4.7222228,20.181
38,Tunisia,1974,-0.16861707,4.0671635,0.040625315,8.4525442,0.57425439,1.3115389,34.069393,28.186001,22.168201,-0.12957814,-0.37013426,,3.5370376,70.567474,19.873978,0.0,,4.0671635,28.186001
38,Tunisia,1975,-0.22269644,9.5157413,0.052587096,3.0860581,-0.11948568,1.7399794,31.969131,22.247,24.10577,-0.22920841,-0.16779457,,-7.8442984,79.141571,24.678167,0.0,,9.5157413,22.247
38,Tunisia,1976,-0.22415309,5.3529968,0.070857964,0.51132315,-0.12399223,1.86239,34.341934,15.634,24.682415,-0.17498454,-0.3669171,,6.589654,69.23243,20.286095,0.0,,5.3529968,15.634
38,Tunisia,1977,-0.24272111,6.7362437,0.04931204,3.3323433,-0.12910008,2.3814955,43.01408,13.437,25.635878,-0.21607462,-0.28354555,,0.040813766,68.475105,20.186724,0.0,,6.7362437,13.437
38,Tunisia,1978,-0.30536366,5.2434196,0.059788886,3.8051081,0.057311546,2.4880228,46.121998,19.822001,24.837318,-0.25955406,-0.47898707,,-2.9791343,81.370934,24.606461,0.0,,5.2434196,19.822001
38,Tunisia,1979,-0.24817033,7.829195,0.070018552,13.457632,0.17199908,2.238193,45.443787,16.167,23.188848,-0.26125127,-0.21501452,,-2.3329353,86.351082,24.709167,0.0,,7.829195,16.167
38,Tunisia,1980,-0.075186066,10.011,0.086407341,16.792908,-0.063464053,2.0287194,42.615307,18.539,23.375393,-0.10586929,0.080020413,,-0.3710131,102.05772,28.944624,0.0,,10.011,18.539
38,Tunisia,1981,0.040130962,8.9029999,0.085579507,20.650936,-0.11880031,2.4810779,44.310085,22.735001,25.34026,-0.074314907,0.56453729,,21.940769,101.66919,30.614759,0.0,,8.9029999,22.735001
38,Tunisia,1982,0.14597718,13.673,0.031690005,12.314715,-0.11625218,3.6919036,46.628357,19.874001,27.686272,-0.036148969,0.94560951,,19.61972,124.11795,36.655376,0.0,,13.673,19.874001
38,Tunisia,1983,0.18301055,8.9720001,0.029973226,3.6132493,-0.15747638,4.1672583,47.895859,16.392,28.46336,0.19132312,0.10667113,,14.911459,103.87984,29.219622,0.0,,8.9720001,16.392
38,Tunisia,1984,-0.19138367,8.5959997,0.010526267,2.424535,-0.21869706,2.7553415,48.475994,11.678,29.671932,-0.13761829,-0.27962387,,14.447663,88.389366,22.248816,0.0,,8.5959997,11.678
38,Tunisia,1985,0.71192944,7.5510001,0.01187805,-5.9864278,-0.13021305,2.3355734,53.932171,14.4,31.044611,0.67669243,1.0990578,,7.4228339,92.283493,22.376451,0.0,,7.5510001,14.4
38,Tunisia,1986,0.30605465,6.1589999,-0.056637242,-10.053637,0.042298548,2.0866761,57.458424,4.9099998,29.704767,0.26377037,1.3386499,,-4.849277,91.707932,24.316376,0.0,,6.1589999,4.9099998
38,Tunisia,1987,-0.17419718,8.224,-0.043951876,-8.1730967,-0.20516616,1.8231846,59.633541,14.922,27.016893,-0.18532765,-0.13860102,,4.3618045,85.342255,19.998922,0.0,,8.224,14.922
38,Tunisia,1988,0.06316673,7.1560001,-0.092547417,3.6232033,0.014512488,2.1034758,57.971516,17.523001,24.947315,0.13075964,-0.15664715,,3.5166297,72.833328,15.64187,0.0,,7.1560001,17.523001
38,Tunisia,1989,0.13522755,7.7220001,-0.10361034,10.758251,-0.13020673,2.1145504,58.886005,15.47,24.278917,0.071962126,0.24255419,,10.668751,81.248924,17.102945,0.0,,7.7220001,15.47
38,Tunisia,1990,0.1163834,6.5019999,-0.074407153,11.755051,0.074305162,1.8394566,54.77,7.6490002,20.81337,-0.033687156,0.70495492,,-7.477766,100.47716,26.220377,0.0,,6.5019999,7.6490002
38,Tunisia,1991,0.086565539,7.6929998,-0.07746052,2.1625977,0.1517781,1.8337085,60.673,5.803,19.907251,0.085123017,0.31668729,,5.2699847,115.19403,27.426466,0.0,,7.6929998,5.803
38,Tunisia,1992,-0.1269515,5.5180001,-0.043280471,1.3989056,-0.12524877,1.7061259,55.499001,8.3280001,17.692707,-0.14562684,-0.088401049,,-4.3464313,75.940979,18.016459,0.0,,5.5180001,8.3280001
38,Tunisia,1993,-0.094754197,4.04,-0.060935427,2.7719665,-0.26737291,1.732114,59.310001,6.1360002,16.387146,-0.11400101,0.069907635,,13.489887,86.624359,19.524675,0.0,,4.04,6.1360002
38,Tunisia,1994,-0.11448258,5.4229999,-0.066189699,6.1667743,-0.091059759,1.7421232,59.035,8.0679998,14.920862,-0.11710939,-0.0006617133,,0.77828997,88.633369,20.099943,0.0,,5.4229999,8.0679998
38,Tunisia,1995,-0.19688568,6.2319999,-0.079208724,6.1183329,-0.29458782,1.7447076,57.518002,6.5700002,13.395828,-0.17328706,-0.20600593,,-6.505239,75.088799,15.48227,0.0,,6.2319999,6.5700002
38,Tunisia,1996,-0.28328919,3.733,-0.050659891,-2.7943475,-0.13997218,1.8675352,55.297001,13.349,11.290537,-0.23408945,-0.48511943,,2.9244499,61.413044,12.391208,0.0,,3.733,13.349
38,Tunisia,1997,-0.31215829,3.599,-0.031856596,-8.8922815,-0.23639439,1.7263845,56.935001,16.504999,12.246737,-0.26308486,-0.46703368,,13.611975,39.673115,10.163594,0.0,,3.599,16.504999
38,Tunisia,1998,-0.29149637,3.102,-0.018630333,-10.253465,-0.26984036,1.6779715,54.282001,5.4419999,13.304739,-0.2126293,-0.50497389,,2.9674263,51.792046,13.664301,0.0,,3.102,5.4419999
38,Tunisia,1999,-0.32708344,2.7679999,0.0055465559,-13.126889,-0.29695609,1.5560758,55.639,18.872,13.903154,-0.26386538,-0.55873895,,4.1713328,58.142807,15.487219,0.0,,2.7679999,18.872
38,Tunisia,2000,-0.28486705,2.77,0.014215328,-9.1525631,-0.29856813,1.547904,56.721001,14.139,15.001267,-0.23705181,-0.38657793,,15.549992,45.607391,10.620638,0.0,,2.77,14.139
38,Tunisia,2001,-0.20192468,1.9450001,0.028236179,-2.9594834,-0.24050654,1.5211124,56.467999,18.367001,15.259054,-0.13968919,-0.30411926,,4.9632192,111.46019,23.491119,0.0,,1.9450001,18.367001
38,Tunisia,2002,0.004485304,2.714,0.012263076,-7.8496523,-0.2406376,1.4926429,55.933998,3.108,16.309753,0.034720652,0.056575935,,-1.1802169,111.12048,23.955332,0.0,,2.714,3.108
38,Tunisia,2003,-0.1044073,2.72,0.032901589,-11.442073,-0.10546648,1.4838856,55.021,4.7399998,17.843616,-0.061787371,-0.14726956,,-9.3741255,135.32417,31.334867,0.0,,2.72,4.7399998
38,Tunisia,2004,-0.12201873,3.6919999,0.058553629,-7.5077343,-0.23943545,1.425902,53.838001,8.1549997,18.548964,-0.10043181,-0.087252222,,-3.3366275,110.70305,23.128233,0.0,,3.6919999,8.1549997
38,Tunisia,2005,-0.24399821,1.962,0.066052534,-4.74265,-0.20829506,1.4516014,52.421001,11.17,18.594887,-0.17246436,-0.46214476,,4.1724167,83.537979,17.809332,0.0,,1.962,11.17
38,Tunisia,2006,-0.3271566,4.1430001,0.084602676,-1.5738074,-0.29438081,1.4463624,48.563999,11.767,19.397263,-0.23852891,-0.61140913,,2.5891113,86.026413,20.52809,0.0,,4.1430001,11.767
38,Tunisia,2007,-0.25321254,3.421,0.11687148,8.0627813,-0.26094925,1.2609938,45.782001,13.375,19.649612,-0.17264146,-0.46084705,,-3.7314851,84.868973,17.427055,0.0,,3.421,13.375
38,Tunisia,2008,-0.33289433,4.915,0.1254897,17.90613,-0.25647742,1.290625,43.287998,13.331,20.13109,-0.26130965,-0.5954147,,-3.8409276,71.192848,15.776978,0.0,,4.915,13.331
38,Tunisia,2009,-0.30327031,3.5409999,0.12224427,-3.8227754,-0.21070884,1.2949497,42.93,12.854,20.667835,-0.25019443,-0.47193345,,9.5876179,69.581642,16.444689,0.0,,3.5409999,12.854
38,Tunisia,2010,-0.34212607,4.3610001,0.117957,2.9490776,-0.28516096,1.2361705,38.765999,11.754,20.98255,-0.25782385,-0.61254871,,7.3941231,73.838913,18.367361,0.0,,4.3610001,11.754
38,Tunisia,2011,1.8612552,3.24,0.063627169,2.5816822,2.4523387,1.4862578,42.480999,9.5810003,23.640158,1.2115709,4.8204484,,-2.9806597,75.721146,18.130526,2.0441997,,3.24,9.5810003
38,Tunisia,2012,0.30864695,4.612,0.071309112,3.7440372,0.34763631,1.4398739,42.52,8.066,21.469585,0.1490261,1.0299456,,10.993796,69.216782,17.715372,0.0,,4.612,8.066
38,Tunisia,2013,-0.066391356,5.316,0.061331924,0.90514421,-0.24488123,1.5597373,45.627998,6.2420001,21.787552,-0.045268182,-0.01252715,,4.0647063,70.025406,17.314798,0.0,,5.316,6.2420001
38,Tunisia,2014,-0.046955146,4.6259999,0.058047682,-2.1459951,-0.076361798,1.8068875,50.733002,7.947,21.254545,-0.0075012236,-0.15431674,,4.9182286,80.853844,22.566679,0.0,,4.6259999,7.947
38,Tunisia,2015,0.14447476,4.4369998,0.034769241,-11.167384,-0.18731816,2.1395917,52.401001,5.4130001,21.539541,0.1055222,0.34829006,,15.10522,94.918381,24.828562,0.0,,4.4369998,5.4130001
38,Tunisia,2016,0.36412576,3.6289999,0.013467349,-11.447017,-0.32434154,2.2249846,58.908001,8.04,21.4561,0.31700602,0.97911698,,9.1662292,84.358536,23.246641,0.0,,3.6289999,8.04
38,Tunisia,2017,-0.062281676,5.309,0.0039329012,-2.8149035,-0.13663051,2.0318294,67.098999,11.964,21.086695,-0.081865452,0.1151128,,12.952616,86.290787,26.833941,0.0,,5.309,11.964
38,Tunisia,2018,-0.27851376,7.3080001,-0.00090178085,5.2039704,-0.21758145,1.9764488,72.907997,7.1139998,20.743713,-0.21580255,-0.5392887,,8.9871416,67.708572,22.286762,0.0,,7.3080001,7.1139998
38,Tunisia,2019,-0.2058894,6.7220001,-0.015101486,3.6595924,-0.10385824,2.3832779,67.296997,10.948,20.660849,-0.17592573,-0.1698166,,11.264115,69.926216,23.600498,0.0,,6.7220001,10.948
38,Tunisia,2020,-0.29923901,5.6350002,-0.13829371,-14.299036,-0.15340206,2.7127557,77.708,10.312,25.661848,-0.22676218,-0.58707893,,-4.1600909,66.154915,18.880022,0.0,,5.6350002,10.312
38,Tunisia,2021,-0.25063378,5.7069998,-0.11844331,-4.9229054,0.33746374,2.6296599,79.727997,8.6829996,24.332848,-0.17455722,-0.53186625,,-0.63615412,58.633369,17.791006,0.0,,5.7069998,8.6829996
38,Tunisia,2022,-0.21276715,8.3079996,-0.11789379,17.380978,1.1519806,2.5712402,82.931999,9.1339998,27.619848,-0.17278218,-0.31451544,,11.062326,112.93623,50.367493,0.0,,8.3079996,9.1339998
38,Tunisia,2023,-0.14765996,9.323,-0.14391835,14.622609,0.63436002,2.4871221,82.518997,8.9540005,26.821848,-0.067106709,-0.0094696824,,0.082712106,99.392548,39.430054,0.0,,9.323,8.9540005
39,Turkey,1900,-0.57761288,1.1312218,0.15031259,,-0.71696848,,105.3067,,,-0.41580927,-0.75099546,,,72.415619,21.585012,0.0,,1.1312218,
39,Turkey,1901,-0.59027338,-7.1588368,0.15878424,,-0.54040575,,103.71175,,,-0.51016784,-0.67037225,,-0.15391923,43.076683,11.97939,0.0,,-7.1588368,
39,Turkey,1902,-0.72895867,0.96385545,0.11150501,,-0.62773556,,98.092819,,,-0.47222212,-1.0410062,,0.016419429,43.4799,11.055113,0.0,,0.96385545,
39,Turkey,1903,0.5968352,5.2505965,0.099842146,,-0.43802327,,73.744347,,,0.33398864,0.91784841,,0.18096071,49.491287,12.783249,0.0,,5.2505965,
39,Turkey,1904,-0.30714116,0.45351472,0.059723042,,-0.59518641,,70.641144,,,-0.1805688,-0.4101547,,-0.092450999,76.692307,24.361559,0.0,,0.45351472,
39,Turkey,1905,-0.57817358,5.1918736,0.091042459,,-0.83806497,,68.717857,,,-0.35529074,-0.7611109,,0.049328476,54.05724,15.951567,0.0,,5.1918736,
39,Turkey,1906,-0.7476387,0.21459228,0.12974089,,-0.53993875,,70.699982,,,-0.5447818,-0.93042505,,0.29686478,40.733101,9.1897717,0.0,,0.21459228,
39,Turkey,1907,-0.91170323,6.8522482,0.14056578,,-0.58960801,,66.652367,,,-0.5784682,-1.2845849,,-0.14616217,34.413788,7.2875109,0.0,,6.8522482,
39,Turkey,1908,-0.37560287,8.2164326,0.10396942,,-0.86006081,,68.795097,,,-0.39805222,-0.34115398,,-0.15825011,32.829559,7.5286222,0.0,,8.2164326,
39,Turkey,1909,-0.49001679,1.6666666,0.16853762,,-0.7788648,,70.821243,,,-0.39284733,-0.57673627,,-0.14980535,30.923229,6.7225003,0.0,,1.6666666,
39,Turkey,1910,-0.84711689,2.003643,0.23662268,,-0.84421957,,78.577675,,,-0.57741576,-1.1020162,,0.20357825,30.885345,6.0107903,0.0,,2.003643,
39,Turkey,1911,0.46279857,8.0357141,0.24146838,,-0.59747732,,77.620491,,,0.3082813,0.68352199,,0.01439645,52.696037,12.697058,0.0,,8.0357141,
39,Turkey,1912,1.7850964,7.7685952,0.2023294,,-0.19862604,,73.777618,,,1.341032,2.1891642,,-0.071927667,53.76284,11.877698,1.6744925,,7.7685952,
39,Turkey,1913,0.12794611,0.15337424,0.20142797,,-0.69980872,,72.984215,,,0.16106476,-0.0019158834,,0.043169964,49.213394,11.148284,0.0,,0.15337424,
39,Turkey,1914,1.8406657,0.0,0.14982583,,-0.36856979,,79.856888,,,1.994132,1.5537002,,-0.12115993,199.27412,66.811157,0.0,,0.0,
39,Turkey,1915,5.8180528,20.214396,-0.17616656,,1.2790495,,76.500877,,,6.4032016,2.8875437,,2.3025281,269.59604,86.375008,4.0736909,,20.214396,
39,Turkey,1916,3.6494622,115.13704,-0.29139936,,1.1223297,,,,,4.4325647,0.39030394,,-0.20965207,260.30356,74.992859,0.0,,,
39,Turkey,1917,3.6250844,114.04485,-0.37504241,,1.4474993,,,,,4.262403,1.0323403,,0.21009253,296.97101,89.208267,0.0,,,
39,Turkey,1918,2.6088507,-13.07,-0.41736209,,1.3328726,,,,,2.9550948,1.1322013,,0.0,331.62021,103.34286,0.0,,-13.07,
39,Turkey,1919,0.63500929,-2.8643737,-0.50622517,,0.71265179,,,,,0.4981252,0.6415869,,7.4492016,166.6438,49.639458,0.0,,-2.8643737,
39,Turkey,1920,0.74963319,-10.978209,-0.54067993,,0.66396397,,,,,0.57945615,0.8069405,,21.03826,102.06319,25.966764,0.0,,-10.978209,
39,Turkey,1921,-0.087943211,-3.4721298,-0.52698898,,-0.55418205,,,,,-0.061369814,-0.20638052,,-4.9350724,72.843681,18.887999,0.0,,-3.4721298,
39,Turkey,1922,0.39152208,4.7684674,-0.42502668,,0.44100574,,,,,0.16180852,0.65944195,,-13.092549,64.923538,14.363034,0.0,,4.7684674,
39,Turkey,1923,0.096618339,16.416733,-0.29056677,,-0.0095580611,,,,,-0.15483093,0.48126456,,-3.2751033,58.87146,15.279192,0.0,,16.416733,
39,Turkey,1924,-0.7006653,7.9096045,-0.18117614,,-0.47559154,,,,,-0.50277853,-0.90566885,,3.6199007,49.706013,11.422283,0.0,,7.9096045,
39,Turkey,1925,-0.49405792,1.6439791,-0.090215288,,-0.66198617,,101.72305,,,-0.37295583,-0.5694375,,-8.4886122,45.767529,11.398888,0.0,,1.6439791,
39,Turkey,1926,-0.66541976,-12.197383,0.050034046,,-0.76965874,,87.463196,,,-0.56708026,-0.73293799,,-0.61728466,37.680462,9.3583698,0.0,,-12.197383,
39,Turkey,1927,-0.81840068,-0.37545466,-0.11595554,,-0.92192805,,91.79361,,,-0.5982762,-1.0133426,,0.0,45.88192,11.783302,0.0,,-0.37545466,
39,Turkey,1928,-0.89217979,6.3007889,-0.049580265,,-0.84720558,,106.75459,,,-0.57815462,-1.2002121,,-0.20533781,37.190571,8.9651794,0.0,,6.3007889,
39,Turkey,1929,-0.81738198,-7.8772435,0.11062127,,-0.66836822,,102.97269,,,-0.57378721,-1.0311295,,0.20576032,40.538773,10.605361,0.0,,-7.8772435,
39,Turkey,1930,-0.80661231,-5.4359593,0.098157659,,-0.77228934,,117.32568,,,-0.54765517,-1.0993236,,0.0,42.976971,10.710078,0.0,,-5.4359593,
39,Turkey,1931,-0.83749676,-2.568994,0.13999599,,-0.76705772,,91.28418,,,-0.57151806,-1.1169038,,7.0484619,44.57341,11.255345,0.0,,-2.568994,
39,Turkey,1932,-0.83019221,-10.664404,-0.012135196,,-0.84325904,,101.60355,,,-0.55947548,-1.1117686,,29.34473,59.718971,16.120062,0.0,,-10.664404,
39,Turkey,1933,-0.8478545,-1.5488019,0.095956735,,-0.72806293,,78.65992,,,-0.55336261,-1.1368028,,-17.216982,52.87656,13.745679,0.0,,-1.5488019,
39,Turkey,1934,-0.78210586,-7.1534581,0.12001777,,-0.81416065,,45.058372,3.382678,,-0.56538427,-0.93602562,5.0,-15.873012,52.097977,11.907495,0.0,6.5,-7.1534581,3.382678
39,Turkey,1935,-0.43365327,0.30370843,0.050728355,,-0.79158497,,42.200634,4.2956018,,-0.44774342,-0.27756405,5.0,2.8571386,82.748703,24.414171,0.0,6.0,0.30370843,4.2956018
39,Turkey,1936,-0.49942106,1.561753,0.22210388,,-0.77721375,,38.030102,15.3741,18.947399,-0.51810122,-0.30885294,4.5,-1.408451,91.402847,28.080025,0.0,6.5,1.561753,15.3741
39,Turkey,1937,-0.7467804,-0.39227992,0.19725157,,-0.76508844,,35.539352,10.431725,18.9382,-0.53046095,-0.93409497,4.5,0.60728735,87.478371,28.285643,0.0,6.5,-0.39227992,10.431725
39,Turkey,1938,-0.73933226,1.4020164,0.24930711,,-0.80496538,,33.225399,12.307432,18.929001,-0.5555017,-0.86567056,4.5,1.022495,102.05727,35.151905,0.0,6.5,1.4020164,12.307432
39,Turkey,1939,0.82974178,10.84356,0.26570758,,0.087668061,,34.045715,11.492463,,0.48364004,1.3731132,4.5,78.861542,191.01532,68.904274,0.0,6.5,10.84356,11.492463
39,Turkey,1940,1.2172471,22.747023,0.17581984,,1.1947716,,35.718708,21.973206,,0.83870286,1.7447495,4.0,-6.7961664,200.07191,74.971291,0.0,6.0,22.747023,21.973206
39,Turkey,1941,1.9107567,68.531631,0.031904042,,1.9986383,,40.015282,27.756264,,1.5264562,2.03076,4.0,4.5720901,241.92404,81.018456,0.0,6.0,68.531631,27.756264
39,Turkey,1942,-0.084870413,49.322495,0.052873485,,2.3268487,,40.524303,37.593601,,0.18012673,-0.67923838,4.0,0.23152669,306.14059,90.10289,0.0,6.0,49.322495,37.593601
39,Turkey,1943,0.62176454,-2.3593466,-0.084766492,,1.8378178,,25.318199,4.538372,18.5273,0.96763867,-0.33964261,4.0,0.12043522,344.39383,102.5812,0.0,6.0,-2.3593466,4.538372
39,Turkey,1944,0.43804929,4.5074348,-0.1708132,,1.0621663,,21.430723,19.596891,14.49885,0.71479297,-0.34929174,4.0,0.030134998,376.73724,115.30116,0.0,6.0,4.5074348,19.596891
39,Turkey,1945,-0.41021702,-3.3348155,-0.37215963,,1.0410801,,25.942499,-3.4063151,10.4704,-0.15650962,-0.7159586,4.0,-0.33709538,240.73561,75.788528,0.0,6.0,-3.3348155,-3.4063151
39,Turkey,1946,-0.18624869,0.50597978,-0.13484645,,1.3110448,,33.213207,14.307675,12.960233,-0.23240159,-0.14182848,4.0,-17.937025,122.23141,36.623947,0.0,6.0,0.50597978,14.307675
39,Turkey,1947,0.18537173,0.45766589,-0.14022098,,2.8481221,,32.914654,2.34548,15.450067,-0.079082884,0.5131191,4.0,-19.706533,99.266258,25.8197,0.0,6.0,0.45766589,2.34548
39,Turkey,1948,-0.41462982,9.6583147,-0.03629661,,0.30788228,,31.2131,6.4468837,17.939899,-0.41997156,-0.3273693,,,114.34803,32.063465,0.0,6.9000001,9.6583147,
39,Turkey,1949,-0.5238269,-4.736186,-0.13577431,7.4807191,-0.47335058,6.2833452,30.915001,10.548287,22.6154,-0.4969658,-0.46811813,,,83.723862,22.793684,0.0,6.8400002,-4.736186,
39,Turkey,1950,-0.23967175,-0.82860881,-0.090919398,6.781179,-0.11171197,5.7118821,26.4485,14.649691,15.1546,-0.24869181,-0.16350088,,,142.74683,42.571106,0.0,6.52,-0.82860881,14.649691
39,Turkey,1951,0.17211401,5.5408969,-0.017002001,6.0753226,0.73801941,5.5233212,30.647371,23.735407,13.5897,-0.031640612,0.52581149,,0.0,154.43521,48.246178,0.0,5.4899998,5.5408969,23.735407
39,Turkey,1952,-0.45125645,3.625,0.048988182,5.8377204,0.28801489,5.3721547,27.241339,15.678349,16.791,-0.38784355,-0.42549977,,0.0,105.07939,31.320444,0.0,4.9499998,3.625,15.678349
39,Turkey,1953,-0.40019351,9.4893446,0.10769608,3.9515982,-0.12521601,5.2310061,24.138292,27.533987,14.6795,-0.39358735,-0.39764434,,0.0,101.92927,31.586123,0.0,4.21,9.4893446,27.533987
39,Turkey,1954,-0.55987835,11.666667,0.02619474,-0.18317819,-0.45090201,5.777586,20.448099,11.266741,16.0625,-0.52139628,-0.54999655,,0.0,91.05645,27.829481,0.0,4.8099999,11.666667,11.266741
39,Turkey,1955,-0.39878142,14.029851,0.053251311,-3.0317659,-0.38902318,5.5988393,18.447599,24.05583,17.3298,-0.51150042,-0.18587339,,0.0,89.117783,26.016712,0.0,4.8099999,14.029851,24.05583
39,Turkey,1956,0.19111542,14.516129,0.031868111,-6.3006611,0.048992027,5.253716,17.5131,27.663799,15.7919,-0.18906772,0.7294786,,0.0,101.25542,33.767841,0.0,4.8200002,14.516129,27.663799
39,Turkey,1957,0.44662938,11.635028,0.054459278,-2.5390196,0.20676351,7.189775,15.1357,27.388973,14.1497,-0.27718332,1.4119309,,0.0,99.325577,30.921873,0.0,4.8000002,11.635028,27.388973
39,Turkey,1958,-0.069849379,12.397147,0.043748342,-8.2232704,-0.59769475,5.7836666,21.2125,6.348341,14.188,-0.23102339,0.11246502,,0.0,115.22129,31.722136,0.0,4.7199998,12.397147,6.348341
39,Turkey,1959,-0.56884909,26.647144,0.034047559,1.2061136,-0.56002676,4.8885169,18.2635,16.7092,15.3303,-0.57488,-0.47140935,,0.0,82.10849,22.074074,0.0,4.79,26.647144,16.7092
39,Turkey,1960,-0.60137624,5.6647401,0.033435971,-2.7108772,-0.7696079,3.5315711,19.877501,9.3988981,15.5745,-0.54715085,-0.61864108,,66.666656,86.417786,23.202374,0.0,4.7399998,5.6647401,9.3988981
39,Turkey,1961,-0.58643192,3.172857,0.00032122488,2.919162,-0.66005963,3.7645428,28.860201,9.6899996,22.8916,-0.56212574,-0.52632117,,78.861542,126.08382,34.313889,0.0,4.77,3.172857,9.6899996
39,Turkey,1962,-0.28574565,3.8883202,0.011179416,3.9167509,-0.58760244,3.7110834,28.847799,9.29,15.734,-0.5554722,0.1650718,,0.0,124.72618,32.70681,0.0,4.71,3.8883202,9.29
39,Turkey,1963,-0.419992,6.3627071,0.05444796,0.87488925,-0.36751646,3.3873391,27.645,13.333,17.4888,-0.53950149,-0.18266553,,0.0,117.54991,29.908514,0.0,4.6399999,6.3627071,13.333
39,Turkey,1964,0.33641571,1.1196378,0.046999831,-0.98242348,-0.016633613,3.4224653,25.706301,17.868,18.8811,-0.37849855,1.3334929,,0.0,90.5354,24.684418,0.0,4.6399999,1.1196378,17.868
39,Turkey,1965,-0.64447165,4.5555339,0.024028476,-1.6371849,-0.43526307,3.5544186,33.3848,18.84,18.979099,-0.50995421,-0.7268284,,0.0,99.786484,27.702984,0.0,4.6300001,4.5555339,18.84
39,Turkey,1966,-0.7347278,8.4719963,0.08777231,-2.4623981,-0.30920649,3.1439812,33.3568,23.045,18.942699,-0.58997059,-0.86028069,,0.0,90.635468,26.276382,0.0,4.6300001,8.4719963,23.045
39,Turkey,1967,-0.33045107,13.974893,0.083017267,-3.8150611,-0.40704474,3.2595744,33.317799,15.657,20.099001,-0.4498353,-0.098674163,,0.0,112.60692,34.115242,0.0,4.5599999,13.974893,15.657
39,Turkey,1968,-0.68277276,6.0462399,0.099374391,-4.8281741,-0.72117615,3.2755556,33.219601,15.197,19.0179,-0.57481897,-0.76099557,,0.0,104.20105,27.091761,0.0,4.54,6.0462399,15.197
39,Turkey,1969,-0.75190252,4.9241939,0.09001065,-5.9527373,-0.52359605,3.0793378,33.1516,17.035,20.4839,-0.5662818,-0.92352182,,0.0,95.787491,25.923042,0.0,4.02,4.9241939,17.035
39,Turkey,1970,-0.7232613,7.9239521,0.072033294,-4.203752,-0.55342484,3.2564886,39.8428,21.896,22.689699,-0.52139097,-0.8683328,,22.222219,102.82236,28.368793,0.0,,7.9239521,21.896
39,Turkey,1971,-0.72026265,19.011408,0.076724499,-2.1442151,-0.55449343,3.4997938,34.4193,28.131001,24.759399,-0.58981556,-0.75793797,,36.363632,87.422432,23.882511,0.0,,19.011408,28.131001
39,Turkey,1972,-0.7464574,15.416455,0.09893968,-1.8791299,-0.63876104,3.4455206,30.0539,26.027,21.939699,-0.53453952,-0.95666623,,-6.6666632,87.485275,23.321304,0.0,,15.416455,26.027
39,Turkey,1973,-0.7611264,13.938166,0.080807254,-1.0564955,0.5527873,3.3494506,23.0508,28.422001,21.7966,-0.53475267,-0.9740901,,0.0,76.668312,23.525852,0.0,,13.938166,28.422001
39,Turkey,1974,0.24915667,23.898161,0.086564817,-0.93230987,1.2948909,3.1930213,19.0366,25.665001,18.975599,-0.050382286,0.60364413,,0.0,70.567474,19.355841,0.0,,23.898161,25.665001
39,Turkey,1975,0.529019,21.227356,0.10886287,-3.0465758,0.13532868,5.1194539,20.2351,28.01,21.9653,-0.29255122,1.6742743,,0.0,79.141571,24.02198,0.0,,21.227356,28.01
39,Turkey,1976,-0.42604759,17.455688,0.16317503,-3.9502919,-0.3129448,4.943027,20.3615,23.43,23.343399,-0.38747633,-0.49906549,,14.285712,69.23243,20.053699,0.0,,17.455688,23.43
39,Turkey,1977,-0.42966694,25.985338,0.15140158,-5.7404571,0.061933763,4.713623,24.0093,33.799999,27.809999,-0.39726922,-0.39228392,,12.500004,68.475105,19.951212,0.0,,25.985338,33.799999
39,Turkey,1978,0.044800095,61.897045,0.12109891,-9.6250744,-0.33036309,4.1873064,25.807501,36.530998,27.6054,-0.42110282,0.80949545,,33.333332,81.370934,24.144293,0.0,,61.897045,36.530998
39,Turkey,1979,-0.28468406,63.54311,0.068289265,-12.77114,1.5853097,3.3572586,23.5529,61.724998,28.3395,-0.29945144,-0.21625461,,29.16666,86.351082,24.407881,0.0,,63.54311,61.724998
39,Turkey,1980,-0.053922866,110.638,-0.0050904513,-5.6026578,0.99263126,3.9003134,22.368299,74.043999,25.462099,-0.1789263,0.084375776,,78.861542,102.05772,28.58486,0.0,,110.638,74.043999
39,Turkey,1981,-0.25239593,36.363998,-0.0060188468,-2.3836253,-0.062515788,3.8245318,31.9972,85.259872,23.9944,-0.25305006,-0.21666151,,46.052639,101.66919,30.372478,0.0,,36.363998,83.488998
39,Turkey,1982,-0.40605706,31.111,-0.020988937,2.5109572,-0.50794548,4.2981515,33.426998,51.144001,19.199499,-0.359667,-0.43188396,,45.945942,124.11795,36.508266,0.0,,31.111,51.144001
39,Turkey,1983,-0.52741688,31.334999,-0.022194438,3.8050888,-0.55800307,3.9376051,32.693001,29.712999,14.8881,-0.4414756,-0.57760656,,39.50618,103.87984,29.135834,0.0,,31.334999,29.712999
39,Turkey,1984,-0.59212953,48.377998,-0.0066050519,9.1867695,-0.65523547,3.5970938,42.5686,58.705002,14.1159,-0.42537108,-0.65483713,,61.946896,88.389366,22.098516,0.0,,48.377998,58.705002
39,Turkey,1985,-0.7146759,44.506001,-0.014493013,7.855001,-0.7626816,3.5310431,44.279701,55.182999,17.988491,-0.48199925,-0.94394183,,42.622959,92.283493,22.510391,0.0,,44.506001,55.182999
39,Turkey,1986,-0.30819705,34.617001,0.0059776921,1.551782,-0.45935652,3.6379924,38.212898,66.088997,12.086564,-0.10683092,-0.45866722,,29.310345,91.707932,24.166531,0.0,,34.617001,66.088997
39,Turkey,1987,-0.69865984,38.851002,0.050656196,4.5741143,-0.65416217,3.3285851,40.337502,53.320999,13.319881,-0.47279006,-0.90352762,34.759167,27.111111,85.342255,19.900309,0.0,,38.851002,53.320999
39,Turkey,1988,-0.6487053,73.667999,0.024150748,6.529994,-0.67469442,2.9322085,38.641998,65.064003,12.874368,-0.40091422,-0.91046458,34.759167,66.433571,72.833328,15.581457,0.0,,73.667999,65.064003
39,Turkey,1989,-0.85155505,63.266998,-0.021296373,3.3824244,-0.14766259,3.1487265,33.452202,69.037003,13.752974,-0.56246364,-1.1265159,34.759167,48.669472,81.248924,17.150957,0.0,,63.266998,69.037003
39,Turkey,1990,0.1991467,60.317001,0.020229427,-0.59459627,0.91070211,3.5277057,30.245001,53.077999,14.066994,-0.34164518,1.1531748,34.759167,22.845028,100.47716,25.796959,0.0,,60.317001,53.077999
39,Turkey,1991,0.59668458,65.967003,-0.016257986,-2.009068,0.8159191,3.7543643,32.130001,82.93,18.237614,0.31671473,1.1154456,34.759167,60.467785,115.19403,26.818909,0.0,,65.967003,82.93
39,Turkey,1992,-0.13416238,70.072998,-0.0026653709,-1.7069893,-0.093411662,3.8705666,34.016998,78.140999,18.584574,-0.25320601,0.12360771,34.759167,64.348869,75.940979,17.679161,0.0,,70.072998,78.140999
39,Turkey,1993,-0.24534538,66.097,0.030713333,-1.3973619,-0.31124002,3.9214172,33.698002,64.222,22.007961,-0.24733594,-0.052789491,34.759167,60.482689,86.624359,19.244947,0.0,,66.097,64.222
39,Turkey,1994,-0.45463029,104.54,-0.071690001,6.3498168,-0.43806699,4.0513592,44.018002,87.621086,20.475994,-0.48440772,-0.27759776,34.759167,78.861542,88.633369,19.908142,0.0,,104.54,83.488998
39,Turkey,1995,-0.53070831,89.566002,-0.045967456,7.8535461,-0.60561514,3.9016497,35.841,86.56636,19.385933,-0.33892328,-0.65882027,34.759167,54.402298,75.088799,15.303294,0.0,,89.566002,83.488998
39,Turkey,1996,-0.4045766,80.236,-0.02190887,11.974823,-0.47288576,4.1396971,37.921001,87.016861,24.459173,-0.3701922,-0.29438251,34.759167,77.70594,61.413044,12.134233,0.0,,80.236,83.488998
39,Turkey,1997,-0.6584875,85.653,0.0072673401,16.559652,-0.56376284,4.103672,44.292999,86.217308,26.439947,-0.51189673,-0.73754376,,78.861542,39.673115,10.01204,0.0,,85.653,83.488998
39,Turkey,1998,-0.51927584,84.721001,-0.0061869151,0.95702869,-0.2382421,3.1822081,30.297001,85.410034,27.868855,-0.43843552,-0.51164979,34.759167,71.762024,51.792046,13.456177,0.0,,84.721001,83.488998
39,Turkey,1999,-0.34520683,64.870003,-0.09940438,-2.8120441,-0.4902038,3.881413,52.089802,86.459518,32.743553,-0.25534347,-0.37406811,34.759167,61.296944,58.142807,15.192734,0.0,,64.870003,83.488998
39,Turkey,2000,-0.79359883,55.035,-0.070943281,0.82643145,-0.38129255,3.6434293,51.318001,40.658001,39.475559,-0.54460603,-0.97979546,34.759167,48.209759,45.607391,10.536033,0.0,,55.035,40.658001
39,Turkey,2001,-0.32310691,54.245998,-0.19344051,7.281456,-0.12543869,3.5766797,75.509003,85.5532,44.037491,-0.20387422,-0.35726064,34.759167,78.861542,111.46019,23.21866,0.0,,54.245998,83.488998
39,Turkey,2002,-0.31608379,45.133999,-0.15869047,4.3190317,-0.47970948,3.7670915,71.505997,27.885,41.013172,-0.21966018,-0.26791954,34.759167,22.805363,111.12048,23.732267,0.0,,45.133999,27.885
39,Turkey,2003,0.68276584,25.337,-0.14400887,1.477157,0.24634655,3.2670312,65.160004,14.437,38.427956,0.70957029,0.80554157,33.747501,-0.91531068,135.32417,30.640493,0.0,,25.337,14.437
39,Turkey,2004,-0.074162051,8.599,-0.098589189,2.9818337,-0.30038965,2.6710002,57.158001,20.792,34.559509,0.18899238,-0.49653906,21.948334,-4.8135843,110.70305,22.765543,0.0,,8.599,20.792
39,Turkey,2005,-0.50863516,8.1789999,-0.066186473,-0.80994338,-0.44117171,2.386091,50.195999,35.966999,32.112274,-0.24717435,-0.81655097,16.762539,-5.668097,83.537979,17.608566,0.0,11.74,8.1789999,35.966999
39,Turkey,2006,-0.52360731,9.5970001,-0.03628552,0.69183326,-0.15777926,2.3401613,44.224998,22.174,33.561371,-0.36678869,-0.64678442,17.531734,6.7268834,86.026413,20.312817,0.0,16.190001,9.5970001,22.174
39,Turkey,2007,-0.15859668,8.7559996,-0.015758974,-1.3508414,-0.35023084,2.1998067,37.758999,15.226,32.89378,0.030580871,-0.44057065,18.595663,-9.2032442,84.868973,17.068487,0.0,16.371666,8.7559996,15.226
39,Turkey,2008,-0.42027915,10.444,-0.047435403,0.20403099,-0.50627559,2.181787,40.889,24.823999,33.69474,-0.12831166,-0.83649111,18.160763,-0.15979688,71.192848,15.514357,0.0,16.371666,10.444,24.823999
39,Turkey,2009,-0.59136164,6.2509999,-0.13787846,-4.710547,-0.25593746,2.4715512,48.471001,12.659,37.228081,-0.40072995,-0.74603975,10.144855,19.165991,69.581642,16.265585,0.0,12.94,6.2509999,12.659
39,Turkey,2010,0.27781954,8.566,-0.099441297,-5.9685726,-0.20717168,2.2717152,45.145,18.547001,35.477901,-0.27251509,1.1193129,7.6135316,-3.0187194,73.838913,17.792353,0.0,9.6099997,8.566,18.547001
39,Turkey,2011,0.6658408,6.4720001,-0.035301924,-0.53504908,0.10321095,2.0275061,40.077,15.204,32.811806,0.21491979,1.536473,8.7621002,11.530338,75.721146,17.943752,0.0,9.2799997,6.4720001,15.204
39,Turkey,2012,1.2735773,8.8920002,-0.028688455,-2.1959763,0.2132058,2.0094481,37.959999,10.422,34.134113,0.84151298,1.773065,8.8535538,7.111547,69.216782,16.863693,0.0,8.46,8.8920002,10.422
39,Turkey,2013,0.37590939,7.493,0.012433925,-3.6993549,-0.23907582,1.9239596,32.122002,21.153,33.701656,0.38110405,0.25143284,6.9275699,5.8536263,70.025406,16.766376,0.0,7.77,7.493,21.153
39,Turkey,2014,0.41855386,8.8549995,0.019607136,-3.6711848,0.020705093,1.8719664,31.346001,11.183,32.619678,0.3144868,0.53111005,10.331744,14.847134,80.853844,22.004263,0.0,9.1800003,8.8549995,11.183
39,Turkey,2015,1.1614301,7.671,0.037711572,-7.5704613,0.20830864,1.8128486,29.006001,16.514999,32.468941,1.0880065,1.2043173,10.954195,24.623077,94.918381,23.984922,0.0,9.3000002,7.671,16.514999
39,Turkey,2016,1.5910774,7.7750001,0.029257812,-11.565191,-0.10822294,2.0503244,30.033001,17.649,33.800213,1.5812402,1.5696443,10.321877,10.821529,84.358536,22.268068,0.0,10.19,7.7750001,17.649
39,Turkey,2017,0.94908404,11.144,0.060871933,-5.376369,0.062152896,2.050066,29.667,16.351999,32.610512,0.56078583,1.4935211,12.805769,20.638756,86.290787,26.032007,0.0,11.1,11.144,16.351999
39,Turkey,2018,0.96120268,16.332001,0.04919469,0.21899895,0.39079008,2.5220902,29.211,18.379999,34.293766,0.29154956,1.8700113,19.82847,33.082378,67.708572,21.424435,0.0,15.88,16.332001,18.379999
39,Turkey,2019,0.93839324,15.177,0.015153517,-0.47007847,0.25585201,2.6898589,33.904999,27.023001,35.514717,0.35047507,2.0732288,20.657896,17.007641,69.926216,22.766777,0.0,15.76,15.177,27.023001
39,Turkey,2020,0.15005428,12.279,-0.0040878551,-3.5986075,0.3311303,2.1955521,41.801998,34.243,34.673809,-0.20759109,0.78158116,11.135442,23.790714,66.154915,18.372667,0.0,12.75,12.279,34.243
39,Turkey,2021,0.1180087,19.596001,0.067084551,4.8484111,2.0290258,1.8588833,42.576,52.518002,31.283236,-0.35259131,0.83321077,18.713627,26.893625,58.633369,17.310249,0.0,16.371666,19.596001,52.518002
39,Turkey,2022,1.7318734,72.308998,0.082993165,13.633978,5.9197569,1.6587985,35.245998,60.339001,27.33214,1.037209,3.7360599,14.261003,78.861542,112.93623,49.179623,1.6023335,16.371666,72.308998,60.339001
39,Turkey,2023,0.99574775,53.859001,0.1006062,-2.5729012,3.922529,1.7199188,33.106998,69.935997,33.180195,0.55720675,2.1550493,26.010998,43.388973,99.392548,38.585674,0.0,16.371666,53.859001,69.935997
40,Ukraine,1900,-0.29321963,,,,-0.19346696,,,,,-0.2802591,-0.26536146,,,72.415619,21.786692,0.0,,,
40,Ukraine,1901,-0.29321963,,,,-0.19346696,,,,,-0.2802591,-0.26536146,,,43.076683,12.175447,0.0,,,
40,Ukraine,1902,-0.29321963,,,,-0.19346696,,,,,-0.2802591,-0.26536146,,,43.4799,11.189578,0.0,,,
40,Ukraine,1903,-0.29321963,,,,-0.19346696,,,,,-0.2802591,-0.26536146,,,49.491287,13.506522,0.0,,,
40,Ukraine,1904,-0.29321963,,,,-0.19346696,,,,,-0.2802591,-0.26536146,,,76.692307,24.683361,0.0,,,
40,Ukraine,1905,-0.29321963,,,,-0.19346696,,,,,-0.2802591,-0.26536146,,,54.05724,16.152998,0.0,,,
40,Ukraine,1906,-0.28948089,,,,-0.19346696,,,,,-0.2802591,-0.26033068,,,40.733101,9.3130054,0.0,,,
40,Ukraine,1907,-0.28998527,,,,-0.19346696,,,,,-0.27390099,-0.26536146,,,34.413788,7.3382769,0.0,,,
40,Ukraine,1908,-0.29321963,,,,-0.19346696,,,,,-0.2802591,-0.26536146,,,32.829559,7.8200188,0.0,,,
40,Ukraine,1909,-0.28617242,,,,-0.19346696,,,,,-0.26640564,-0.25587887,,,30.923229,6.9575529,0.0,,,
40,Ukraine,1910,-0.28995493,,,,-0.19346696,,,,,-0.27384132,-0.26536146,,,30.885345,6.0902171,0.0,,,
40,Ukraine,1911,-0.29321963,,,,-0.19346696,,,,,-0.2802591,-0.26536146,,,52.696037,13.360803,0.0,,,
40,Ukraine,1912,-0.28974676,,,,-0.19346696,,,,,-0.2802591,-0.26068845,,,53.76284,13.125974,0.0,,,
40,Ukraine,1913,-0.29321963,,,,-0.19346696,,,,,-0.2802591,-0.26536146,,,49.213394,11.663315,0.0,,,
40,Ukraine,1914,-0.26657224,,,,-0.19346696,,,,,-0.24751943,-0.24743341,,,199.27412,68.065918,0.0,,,
40,Ukraine,1915,-0.27325585,,,,-0.18861406,,,,,-0.2410143,-0.26088431,,,269.59604,89.401451,0.0,,,
40,Ukraine,1916,-0.26611894,,,,-0.17839874,,,,,-0.22698458,-0.26536146,,,260.30356,77.050591,0.0,,,
40,Ukraine,1917,-0.096091084,,,,-0.14557561,,,,,-0.069505252,-0.111795,,,296.97101,91.121735,0.0,,,
40,Ukraine,1918,0.91284573,,,,0.25278732,,,,,1.2691017,0.46467477,,,331.62021,104.0132,0.55710298,,,
40,Ukraine,1919,0.18777932,,,,-0.082101941,,,,,0.34025633,0.032966476,,,166.6438,50.002197,0.0,,,
40,Ukraine,1920,0.065206945,,,,-0.12188927,,,,,0.18947065,-0.069431283,,,102.06319,26.476606,0.0,,,
40,Ukraine,1921,-0.19307798,,,,-0.15405214,,,,,-0.16214408,-0.19349582,,,72.843681,19.228558,0.0,,,
40,Ukraine,1922,-0.26533976,,,,-0.16697995,,,,,-0.25590077,-0.24452008,,,64.923538,14.973245,0.0,,,
40,Ukraine,1923,-0.26817915,,,,-0.17205425,,,,,-0.24949375,-0.24851453,,,58.87146,15.760658,0.0,,,
40,Ukraine,1924,-0.27084967,,,,-0.17849742,,,,,-0.25827169,-0.25031123,,,49.706013,11.551758,0.0,,,
40,Ukraine,1925,-0.28215536,,,,-0.19014217,,,,,-0.26938403,-0.2541956,,,45.767529,11.628993,0.0,,,
40,Ukraine,1926,-0.28026378,,,,-0.18995324,,,,,-0.27007166,-0.25141498,,,37.680462,9.5108862,0.0,,,
40,Ukraine,1927,-0.25297907,,,,-0.16966648,,,,,-0.23372683,-0.23351046,,,45.88192,11.846463,0.0,,,
40,Ukraine,1928,-0.27968192,,,,-0.14166903,,,,,-0.2669529,-0.25321746,,,37.190571,9.016531,0.0,,,
40,Ukraine,1929,-0.27075702,,,,-0.17057884,,,,,-0.267012,-0.24118134,,,40.538773,10.682926,0.0,,,
40,Ukraine,1930,-0.24999711,,,,-0.14822124,,,,,-0.24448359,-0.23169036,,,42.976971,10.776134,0.0,,,
40,Ukraine,1931,-0.28222811,,,,-0.15356717,,,,,-0.2629734,-0.26240346,,,44.57341,11.33298,0.0,,,
40,Ukraine,1932,-0.28623706,,,,-0.1300835,,,,,-0.27110821,-0.26222959,,,59.718971,16.204086,0.0,,,
40,Ukraine,1933,-0.2728613,,,,-0.065132968,,,,,-0.26247224,-0.24709901,,,52.87656,13.811363,0.0,,,
40,Ukraine,1934,-0.26967615,,,,-0.14580438,,,,,-0.25080705,-0.24808171,,,52.097977,11.999879,0.0,,,
40,Ukraine,1935,-0.26025364,,,,-0.18999957,,,,,-0.25001699,-0.23578931,,,82.748703,24.653915,0.0,,,
40,Ukraine,1936,-0.23727641,,,,-0.13877705,,,,,-0.22527252,-0.21614267,,,91.402847,28.272528,0.0,,,
40,Ukraine,1937,-0.25514632,,,,-0.16846597,,,,,-0.23623292,-0.22919875,,,87.478371,28.382313,0.0,,,
40,Ukraine,1938,-0.17091821,,,,-0.13212873,,,,,-0.19540496,-0.13306355,,,102.05727,35.185783,0.0,,,
40,Ukraine,1939,0.18773519,,,,-0.0725106,,,,,0.25012127,0.18607247,,,191.01532,69.353531,0.0,,,
40,Ukraine,1940,-0.20499098,,,,-0.13890074,,,,,-0.15885124,-0.20303439,,,200.07191,75.900856,0.0,,,
40,Ukraine,1941,0.64713186,,,,0.18199776,,,,,1.1771559,0.12984967,,,241.92404,81.58728,0.0,,,
40,Ukraine,1942,0.20970638,,,,0.12482843,,,,,0.61599517,-0.14519544,,,306.14059,90.128708,0.0,,,
40,Ukraine,1943,1.0616722,,,,0.063992679,,,,,2.2130659,-0.043386247,,,344.39383,102.25223,0.0,,,
40,Ukraine,1944,1.2616543,,,,0.056810483,,,,,2.7030995,-0.10249569,,,376.73724,114.73365,0.0,,,
40,Ukraine,1945,0.4432745,,,,-0.0033924722,,,,,1.0198059,0.013738672,,,240.73561,75.486557,0.0,,,
40,Ukraine,1946,0.13236976,,,,0.20238425,,,,,-0.030831024,0.17925206,,,122.23141,36.66544,0.0,,,
40,Ukraine,1947,-0.20259356,,,,-0.0038581393,,,,,-0.17845756,-0.20264731,,,99.266258,26.289112,0.0,,,
40,Ukraine,1948,-0.01027793,,,,-0.084459722,,,,,-0.18505257,0.074198842,,,114.34803,32.115475,0.0,,,
40,Ukraine,1949,-0.18211553,,,,-0.13293664,,,,,-0.23277901,-0.13536245,,,83.723862,22.932058,0.0,,,
40,Ukraine,1950,-0.25053149,,,,-0.15399919,,,,,-0.25694901,-0.22068585,,,142.74683,42.88937,0.0,,,
40,Ukraine,1951,-0.25429076,,,,-0.14505115,,,,,-0.25634462,-0.2228013,,,154.43521,48.750275,0.0,,,
40,Ukraine,1952,-0.26380271,,,,-0.1854198,,,,,-0.25134519,-0.24227154,,,105.07939,31.555155,0.0,,,
40,Ukraine,1953,-0.25894976,,,,-0.15368482,,,,,-0.25138724,-0.22913007,,,101.92927,31.839703,0.0,,,
40,Ukraine,1954,-0.26551002,,,,-0.16111954,,,,,-0.26045126,-0.23824483,,,91.05645,28.01729,0.0,,,
40,Ukraine,1955,-0.25564778,,,,-0.13703226,,,,,-0.25563952,-0.2215465,,,89.117783,26.268328,0.0,,,
40,Ukraine,1956,-0.24740723,,,,-0.12409643,,,,,-0.25181973,-0.22318396,,,101.25542,34.274975,0.0,,,
40,Ukraine,1957,-0.23695678,,,,-0.15379003,,,,,-0.23698026,-0.21598805,,,99.325577,31.534283,0.0,,,
40,Ukraine,1958,-0.27788645,,,,-0.16501692,,,,,-0.2802591,-0.2447295,,,115.22129,32.137291,0.0,,,
40,Ukraine,1959,-0.24744312,,,,-0.15727103,,,,,-0.26026189,-0.21745367,,,82.10849,22.243721,0.0,,,
40,Ukraine,1960,-0.26011762,,,,-0.17463996,,,,,-0.25237113,-0.23990932,,,86.417786,23.367521,0.0,,,
40,Ukraine,1961,-0.24133869,,,,-0.17025286,,,,,-0.26083291,-0.20884885,,,126.08382,34.470936,0.0,,,
40,Ukraine,1962,-0.26203796,,,,-0.13528964,,,,,-0.27554396,-0.22340417,,,124.72618,33.013641,0.0,,,
40,Ukraine,1963,-0.25088087,,,,-0.10497882,,,,,-0.25577983,-0.22514734,,,117.54991,30.146969,0.0,,,
40,Ukraine,1964,-0.27071282,,,,-0.12481651,,,,,-0.27583471,-0.23810533,,,90.5354,25.274372,0.0,,,
40,Ukraine,1965,-0.27178121,,,,-0.15121795,,,,,-0.27557647,-0.23971966,,,99.786484,27.858147,0.0,,,
40,Ukraine,1966,-0.27995077,,,,-0.15245791,,,,,-0.27156445,-0.25345862,,,90.635468,26.397873,0.0,,,
40,Ukraine,1967,-0.26827458,,,,-0.15874082,,,,,-0.25351167,-0.24400163,,,112.60692,34.407116,0.0,,,
40,Ukraine,1968,-0.26301777,,,,-0.17626989,,,,,-0.26655814,-0.23410079,,,104.20105,27.223036,0.0,,,
40,Ukraine,1969,-0.26797494,,,,-0.15575729,,,,,-0.26221329,-0.24374506,,,95.787491,26.027506,0.0,,,
40,Ukraine,1970,-0.2679542,0.2,,,-0.16916038,,,,,-0.24865296,-0.2375461,,,102.82236,28.48596,0.0,,0.2,
40,Ukraine,1971,-0.27853146,-0.2,,,-0.15388764,,,,,-0.27544677,-0.24889141,,,87.422432,24.00931,0.0,,-0.2,
40,Ukraine,1972,-0.26838356,-0.1,,,-0.10886208,,,,,-0.26561227,-0.23862642,,,87.485275,23.428507,0.0,,-0.1,
40,Ukraine,1973,-0.27697822,0.0,,,-0.1209817,,,,,-0.271137,-0.24662943,,,76.668312,23.633284,0.0,,0.0,
40,Ukraine,1974,-0.27244356,0.1,,,-0.082311384,,,,,-0.27572113,-0.23740569,,,70.567474,19.9084,0.0,,0.1,
40,Ukraine,1975,-0.28144327,0.1,,,-0.15070486,,,,,-0.2709991,-0.25585386,,,79.141571,24.705894,0.0,,0.1,
40,Ukraine,1976,-0.26057631,0.0,,,-0.13421999,,,,,-0.24817398,-0.240262,,,69.23243,20.297075,0.0,,0.0,
40,Ukraine,1977,-0.27516896,0.40000001,,,-0.12554169,,,,,-0.26251709,-0.24714504,,,68.475105,20.204432,0.0,,0.40000001,
40,Ukraine,1978,-0.2805278,0.80000001,,,-0.13371658,,,,,-0.26528934,-0.25853032,,,81.370934,24.612436,0.0,,0.80000001,
40,Ukraine,1979,-0.25665724,1.1,,,-0.08376509,,,,,-0.25330621,-0.23153821,,,86.351082,24.71096,0.0,,1.1,
40,Ukraine,1980,-0.25849113,1.3,-0.13387176,,-0.090605289,,,,,-0.26660526,-0.22486229,,,102.05772,28.991865,0.0,,1.3,
40,Ukraine,1981,-0.23983243,1.0,-0.076061822,,-0.086204059,,,,,-0.24375527,-0.21538825,,,101.66919,30.676695,0.0,,1.0,
40,Ukraine,1982,-0.26082128,2.8,-0.019313838,,-0.06315577,,,,,-0.25296396,-0.24045037,,,124.11795,36.760712,0.0,,2.8,
40,Ukraine,1983,-0.24189052,0.69999999,0.04757024,,-0.15573248,,,,,-0.26007855,-0.19905698,,,103.87984,29.319523,0.0,,0.69999999,
40,Ukraine,1984,-0.2320146,-0.89999998,0.094028011,,-0.17692761,,,,,-0.23756602,-0.20691529,,,88.389366,22.245716,0.0,,-0.89999998,
40,Ukraine,1985,-0.23195438,0.30000001,0.1094036,,-0.14956722,,,,,-0.25875282,-0.19175701,,,92.283493,22.603117,0.0,,0.30000001,
40,Ukraine,1986,-0.17653792,1.5,0.13484421,,-0.091422543,,,,,-0.24272536,-0.12263058,,,91.707932,24.396292,0.0,,1.5,
40,Ukraine,1987,-0.25761726,1.5,0.18163328,,-0.1343842,,,,,-0.24732397,-0.23436366,,,85.342255,20.020288,0.0,,1.5,
40,Ukraine,1988,-0.27296239,-0.1,0.20741382,,-0.11094491,,,,,-0.27627695,-0.24082957,,,72.833328,15.735666,0.0,,-0.1,
40,Ukraine,1989,-0.24631824,2.2,0.26401326,11.983833,-0.0082136635,,,,,-0.2401727,-0.22145931,,,81.248924,17.194166,0.0,,2.2,
40,Ukraine,1990,-0.17846949,2.2,0.2325332,-0.74451792,0.1865457,,,,25.626274,-0.22089706,-0.13533629,,,100.47716,26.253555,0.0,,2.2,
40,Ukraine,1991,0.12810639,2.2,0.1711645,-11.687274,0.38238922,5.8285737,,,28.765472,-0.17417879,0.25967303,,78.861542,115.19403,27.211458,0.0,,2.2,
40,Ukraine,1992,0.11486353,2.2,0.094376259,-20.271421,0.076667175,7.1215281,,,32.051514,-0.17784937,0.24285397,,78.861542,75.940979,17.757523,0.0,,2.2,
40,Ukraine,1993,0.15179503,119.07729,-0.030536799,-18.339972,-0.015090479,0.43464583,,90.942947,39.878563,-0.17660868,0.29087022,,78.861542,86.624359,19.244947,0.0,,,83.488998
40,Ukraine,1994,0.08959268,117.29928,-0.25874618,-0.38291687,-0.016944714,2.4177718,,89.674011,43.272739,-0.19522722,0.22645953,,78.861542,88.633369,19.864012,0.0,,,83.488998
40,Ukraine,1995,-0.11241963,116.22565,-0.35589498,19.235744,-0.13756922,2.7349477,30.151821,86.985962,45.152149,-0.13890025,-0.04696247,,78.861542,75.088799,15.383914,0.0,,,83.488998
40,Ukraine,1996,-0.19604315,80.230003,-0.42902982,12.446002,-0.1421527,3.1788344,24.36603,35.129002,43.558315,-0.25949502,-0.14881608,,23.620583,61.413044,12.336497,0.0,,80.230003,35.129002
40,Ukraine,1997,-0.21677926,15.886,-0.42873347,-0.33613983,-0.15675037,3.988241,28.892,33.919998,40.630157,-0.24466968,-0.17603895,,2.2541192,39.673115,10.117812,0.0,,15.886,33.919998
40,Ukraine,1998,-0.23407553,10.577,-0.41879788,-1.4426687,-0.14796014,3.2440319,46.536999,24.045,36.042316,-0.25025511,-0.19091302,,28.449329,51.792046,13.637349,0.0,,10.577,24.045
40,Ukraine,1999,-0.19467257,22.684,-0.39281222,11.7944,-0.12772718,2.8835278,60.976002,40.580002,30.59009,-0.21320087,-0.16335958,,73.323067,58.142807,15.42029,0.0,,22.684,40.580002
40,Ukraine,2000,-0.23763233,28.202999,-0.30845743,23.164066,-0.16387695,3.5110829,43.73,44.544998,28.109631,-0.23721197,-0.21096374,,31.333916,45.607391,10.598165,0.0,,28.202999,44.544998
40,Ukraine,2001,-0.1614064,11.959,-0.19464703,5.1903429,-0.17305039,2.7692671,36.689999,44.748001,26.860073,-0.14522558,-0.1579435,,-1.3597432,111.46019,23.429926,0.0,,11.959,44.748001
40,Ukraine,2002,-0.21333754,0.75700003,-0.11925304,-0.65378064,-0.17017022,2.6761994,33.580002,42.341999,22.0233,-0.21817662,-0.17787178,,-0.8131206,111.12048,23.987406,0.0,,0.75700003,42.341999
40,Ukraine,2003,-0.20598756,5.21,-0.0078884047,4.2786918,-0.17062272,2.7455788,29.379999,46.377998,20.139984,-0.19626851,-0.183916,,0.10921833,135.32417,31.333469,0.0,,5.21,46.377998
40,Ukraine,2004,-0.1391713,9.0360003,0.12187162,10.25878,-0.16392779,2.5068243,24.798,31.857,17.753511,-0.1092503,-0.1531845,,-0.25917873,110.70305,23.069918,0.0,,9.0360003,31.857
40,Ukraine,2005,-0.13424672,13.52,0.16863191,-6.236536,-0.12685147,2.7924893,17.740999,54.386002,15.251896,-0.1186166,-0.14242473,,-3.7492948,83.537979,17.71612,0.0,,13.52,54.386002
40,Ukraine,2006,-0.17025599,9.0760002,0.23916154,-12.614252,-0.08089368,2.7715919,14.801,34.52,15.468123,-0.20960194,-0.14063251,,-1.356047,86.026413,20.44198,0.0,,9.0760002,34.52
40,Ukraine,2007,-0.23533276,12.843,0.31216544,-14.408365,-0.12068735,2.8700027,12.267,51.747002,15.570015,-0.20304175,-0.2375432,,0.0,84.868973,17.410831,0.0,,12.843,51.747002
40,Ukraine,2008,-0.11338063,25.201,0.32740429,-8.692873,-0.073054947,2.6729224,13.23,30.183001,16.501329,-0.12810807,-0.078510895,,4.5631804,71.192848,15.644774,0.0,,25.201,30.183001
40,Ukraine,2009,-0.18304548,15.9,0.15371928,-15.547777,-0.063007191,2.840354,23.99,-5.5120001,21.763735,-0.17712562,-0.17711885,,47.614647,69.581642,16.374695,0.0,,15.9,-5.5120001
40,Ukraine,2010,-0.18135932,9.3649998,0.18207632,-7.2020741,-0.12394843,2.7419965,28.867001,22.691,24.205154,-0.20879325,-0.15247416,,1.8180145,73.838913,18.286158,0.0,,9.3649998,22.691
40,Ukraine,2011,-0.24968536,7.9580002,0.22133717,2.2152231,-0.13886595,2.2582877,26.481001,14.659,25.204977,-0.23461661,-0.22630903,,0.39677083,75.721146,18.663507,0.0,,7.9580002,14.659
40,Ukraine,2012,-0.24415374,0.565,0.20641021,0.62612689,-0.1604622,2.353452,32.445999,12.791,25.93787,-0.23486912,-0.21875781,,0.29077968,69.216782,17.849012,0.0,,0.565,12.791
40,Ukraine,2013,-0.22707731,-0.26100001,0.18850012,-7.1513696,-0.17273355,2.3928952,35.631001,17.563,26.044247,-0.25764647,-0.18797062,,0.024137018,70.025406,17.339624,0.0,,-0.26100001,17.563
40,Ukraine,2014,2.1154046,12.1,0.11449583,0.63274127,0.095548019,2.9673684,63.665001,5.2509999,28.673203,0.97652781,2.547492,,48.554337,80.853844,20.758078,2.2571261,,12.1,5.2509999
40,Ukraine,2015,0.64820075,48.683998,-0.0062452215,9.0924501,-0.055221122,3.8478484,70.259003,3.902,34.375923,0.46255979,0.7033307,,78.861542,94.918381,24.220118,0.0,,48.683998,3.902
40,Ukraine,2016,0.33732074,13.913,-0.0022433207,8.4017687,-0.15689932,3.668618,71.809998,10.929,34.085571,0.095773749,0.46391478,,17.306643,84.358536,22.938057,0.0,,13.913,10.929
40,Ukraine,2017,0.53723609,14.443,-0.00063756265,8.7616854,-0.13469209,3.241493,66.735001,9.6269999,34.596043,0.062366311,0.71872157,,3.9327464,86.290787,26.259981,0.0,,14.443,9.6269999
40,Ukraine,2018,0.25436291,10.947,0.011338414,6.0231972,-0.10432554,3.6351662,56.905998,5.6890001,33.27599,0.012018555,0.37386045,,2.3225896,67.708572,21.879789,0.0,,10.947,5.6890001
40,Ukraine,2019,0.1685043,7.8860002,0.019526361,-0.31867611,-0.066900387,4.0679379,48.327,12.576,30.821991,-0.058879461,0.26500288,,-5.0995111,69.926216,23.279383,0.0,,7.8860002,12.576
40,Ukraine,2020,0.16748998,2.74,-0.043220025,-9.0759554,-0.015055397,4.4003148,58.716,28.624001,34.918991,-0.06845089,0.25457069,,4.6590815,66.154915,18.535954,0.0,,2.74,28.624001
40,Ukraine,2021,0.44873527,9.3610001,-0.033083793,-2.6856279,0.13306183,3.425492,48.917,11.965,29.806992,0.018927446,0.67155683,,0.89265108,58.633369,17.238585,0.0,,9.3610001,11.965
40,Ukraine,2022,8.9432354,20.183001,-0.32578021,5.1123071,10.502634,25.64241,77.717003,20.771999,54.71299,8.3797092,9.2408066,,18.886276,112.93623,43.158249,8.6197596,,20.183001,20.771999
40,Ukraine,2023,5.1801376,12.851,-0.21836402,-1.4251612,3.1514232,36.528172,82.329002,23.007999,63.734989,5.345233,4.8527608,,12.798661,99.392548,35.190639,0.0,,12.851,23.007999
41,United Kingdom,1900,0.10291522,5.0999999,0.10380877,-11.838292,-0.20036593,6.3441381,32.440247,1.7392458,10.312943,0.19240671,-0.26803753,3.958904,,72.415619,18.868879,0.0,2.53,5.0999999,1.7392458
41,United Kingdom,1901,-0.42617419,0.5,0.094328336,-11.584634,-0.17687841,6.1751723,35.79512,-1.169468,10.912856,-0.28572336,-0.78353971,3.749315,-0.13306879,43.076683,10.862716,0.0,2.6700001,0.5,-1.169468
41,United Kingdom,1902,-0.46345428,0.0,0.092645898,-10.480968,-0.30211112,4.9013119,38.968449,2.955373,10.253993,-0.32140931,-0.79398715,3.3287671,0.025863707,43.4799,9.9899416,0.0,2.6600001,0.0,2.955373
41,United Kingdom,1903,-0.39635134,0.40000001,0.057014134,-6.6635866,-0.47562551,3.5300374,41.195843,-3.0068107,8.3028574,-0.35227168,-0.40739486,3.750685,0.16591102,49.491287,12.103317,0.0,2.75,0.40000001,-3.0068107
41,United Kingdom,1904,-0.015192786,-0.2,0.04779347,-4.272541,-0.55088359,3.1746411,40.713665,-0.056652565,8.0352192,-0.015571246,0.042085178,3.293716,0.081362613,76.692307,22.123848,0.0,2.8299999,-0.2,-0.056652565
41,United Kingdom,1905,-0.38922325,0.40000001,0.065474093,-1.8171165,-0.60021752,2.8529501,39.034847,2.3518288,7.5974269,-0.29357365,-0.56378525,3.0109589,0.044782691,54.05724,14.728169,0.0,2.78,0.40000001,2.3518288
41,United Kingdom,1906,-0.59871924,0.0,0.069105707,3.0130885,-0.45303622,2.6512053,37.405014,3.198406,7.1369691,-0.43561593,-0.97019172,4.2739725,0.29825088,40.733101,8.5266523,0.0,2.8299999,0.0,3.198406
41,United Kingdom,1907,-0.64971632,1.2,0.070028692,7.4792895,-0.49996078,2.5180786,35.332447,0.58733594,6.8166947,-0.43800178,-1.1125218,4.9273973,-0.14650255,34.413788,6.7062359,0.0,2.97,1.2,0.58733594
41,United Kingdom,1908,-0.63447785,0.5,0.0095534539,4.017796,-0.66630566,2.5735953,35.676567,2.8313017,7.2643385,-0.46603066,-0.98959398,3.0,-0.15788764,32.829559,7.1392107,0.0,2.9000001,0.5,2.8313017
41,United Kingdom,1909,-0.61551291,0.5,0.016045269,6.598258,-0.61702287,2.7549708,34.877487,1.403636,7.7085047,-0.44252998,-1.0107658,3.1054795,-0.14646372,30.923229,6.2247424,0.0,2.98,0.5,1.403636
41,United Kingdom,1910,-0.71700752,0.89999998,0.019606248,12.392277,-0.64612883,2.8699532,34.513351,2.7774382,7.9096994,-0.49275324,-1.2429295,3.7232876,0.18371126,30.885345,5.6623387,0.0,3.0799999,0.89999998,2.7774382
41,United Kingdom,1911,-0.4281733,0.1,0.034216776,11.792575,-0.62628376,2.9325998,31.614355,1.3357993,7.8711338,-0.35407168,-0.51871741,3.4684932,0.030158924,52.696037,12.054135,0.0,3.1500001,0.1,1.3357993
41,United Kingdom,1912,-0.39082101,3.0,0.031154098,15.665897,-0.391617,2.9203694,29.792233,3.0136187,7.9700394,-0.30158994,-0.4999007,3.7773223,-0.06953083,53.76284,11.708717,0.0,3.28,3.0,3.0136187
41,United Kingdom,1913,-0.44949755,-0.40000001,0.053944621,17.088354,-0.58601761,2.7989256,27.898613,5.8648787,7.9926262,-0.34229821,-0.6746394,4.7712331,0.041358881,49.213394,10.421338,0.0,3.3900001,-0.40000001,5.8648787
41,United Kingdom,1914,2.0148609,-0.30000001,0.055734087,7.6256824,-0.29377839,13.893056,27.271152,14.513096,22.978132,1.931428,2.0533538,4.0438356,-1.3283511,199.27412,59.368813,0.93886322,3.46,-0.30000001,14.513096
41,United Kingdom,1915,3.3002844,12.5,0.098942623,3.2926886,0.52788734,33.224625,39.282608,7.5249491,53.253651,3.3020744,2.3348031,5.0,3.6403883,269.59604,76.799545,0.8754496,3.8199999,12.5,7.5249491
41,United Kingdom,1916,2.7665808,18.1,0.10185012,6.1236753,0.8195442,37.964241,65.584915,14.707276,64.402679,2.9292719,1.1547287,5.4699454,-0.20214035,260.30356,66.073364,0.0,4.3099999,18.1,14.707276
41,United Kingdom,1917,2.9541962,25.200001,0.094295375,-4.8919206,1.4665048,37.312393,97.845818,16.560478,63.414032,3.0321717,1.6862074,5.1520548,0.038605258,296.97101,79.708786,0.0,4.5799999,25.200001,16.560478
41,United Kingdom,1918,3.7054648,22.0,0.10368103,-11.892122,1.5404482,33.294846,119.09918,24.760815,50.845207,3.9600313,1.1936131,5.0,-0.017626908,331.62021,91.112961,0.0,4.4000001,22.0,24.760815
41,United Kingdom,1919,0.73733807,10.1,-0.012409869,5.2350245,0.68747717,3.0670996,142.76616,15.297171,30.580456,0.48127717,1.4225843,5.1534247,8.0627251,166.6438,45.537243,0.0,4.6199999,10.1,15.297171
41,United Kingdom,1920,0.10407571,15.4,-0.11299994,24.409769,0.26505789,6.7501893,137.79384,5.9972377,19.72611,0.056899343,0.22638577,6.7131147,20.828268,102.06319,23.836563,0.0,5.3200002,15.4,5.9972377
41,United Kingdom,1921,-0.082572535,-8.6000004,-0.14854151,-0.50708783,-0.31803289,4.3639927,158.40979,-3.3588572,22.581711,-0.14524217,0.095967799,6.0917807,-5.1261921,72.843681,16.952044,0.0,5.21,-8.6000004,-3.3588572
41,United Kingdom,1922,-0.21859382,-14.0,-0.11809212,4.1277623,-0.15690556,2.7810354,183.4823,-8.6931934,18.862474,-0.17884853,-0.28260705,3.6931508,-13.113087,64.923538,13.052662,0.0,4.4299998,-14.0,-8.6931934
41,United Kingdom,1923,-0.33013946,-6.0,-0.10486651,10.820968,0.043427099,3.0025346,195.54359,-1.5955,18.232441,-0.33124745,-0.29496226,3.4931507,-3.163101,58.87146,14.176241,0.0,4.3099999,-6.0,-1.5955
41,United Kingdom,1924,-0.466102,-0.69999999,-0.084054388,16.7939,-0.49676186,3.029403,188.80684,-0.12316803,17.812271,-0.36705402,-0.66196918,4.0,3.5713439,49.706013,10.377709,0.0,4.3899999,-0.69999999,-0.12316803
41,United Kingdom,1925,-0.44314879,0.30000001,-0.053027887,15.841372,-0.46049535,2.6667631,176.97464,-0.062233008,17.824526,-0.34555122,-0.64889532,4.5780821,-8.5803308,45.767529,10.376439,0.0,4.4299998,0.30000001,-0.062233008
41,United Kingdom,1926,-0.5579192,-0.80000001,-0.10833724,11.619398,-0.3409453,2.6632943,187.12485,1.4436039,18.620672,-0.39832386,-0.93951374,5.0,-0.61897874,37.680462,8.6079922,0.0,4.5500002,-0.80000001,1.4436039
41,United Kingdom,1927,-0.41187507,-2.4000001,-0.047634218,9.4594841,-0.67476511,2.5407813,177.45224,2.5841866,17.427616,-0.32105592,-0.60834986,4.6506848,-0.056359332,45.88192,10.521934,0.0,4.5599999,-2.4000001,2.5841866
41,United Kingdom,1928,-0.54370207,-0.30000001,-0.052812878,9.8390779,-0.69240952,2.4265215,175.7804,4.1413236,17.134903,-0.35158458,-0.97309363,4.5,-0.10402476,37.190571,8.0709639,0.0,4.4699998,-0.30000001,4.1413236
41,United Kingdom,1929,-0.49803323,-0.89999998,-0.039277304,9.7456198,-0.56109297,2.3463974,170.52393,0.18073864,17.259453,-0.35855383,-0.76680404,5.4958906,0.18880421,40.538773,9.6058197,0.0,4.5999999,-0.89999998,0.18073864
41,United Kingdom,1930,-0.42046344,-2.8,-0.064738862,0.019919343,-0.62262303,2.2827539,170.99699,5.0054979,18.264168,-0.37129259,-0.515504,3.4082191,-0.10685354,42.976971,9.4799995,0.0,4.46,-2.8,5.0054979
41,United Kingdom,1931,-0.51256204,-4.3000002,-0.13611098,-8.8022566,-0.55156696,2.501637,184.82608,-2.9859629,19.647541,-0.38201436,-0.78858894,3.9698629,8.9682503,44.57341,10.290947,0.0,4.5300002,-4.3000002,-2.9859629
41,United Kingdom,1932,-0.37539193,-2.5999999,-0.14779256,-13.853702,-0.68034512,2.2074296,190.14745,10.692469,20.427366,-0.3177065,-0.45503137,3.0027323,27.570217,59.718971,14.742778,0.0,3.76,-2.5999999,10.692469
41,United Kingdom,1933,-0.41064799,-2.0999999,-0.13675712,-14.778443,-0.62176055,1.8384215,193.96631,1.5116317,18.550079,-0.39653042,-0.34532624,2.0,-15.125703,52.87656,12.467506,0.0,3.3800001,-2.0999999,1.5116317
41,United Kingdom,1934,-0.50397938,0.0,-0.090305492,-12.659364,-0.49363032,2.3727636,186.63542,2.7862127,17.995014,-0.44533828,-0.58013421,2.0,-18.193842,52.097977,10.941659,0.0,3.0799999,0.0,2.7862127
41,United Kingdom,1935,0.15595579,0.69999999,-0.071028776,-9.990901,-0.55388522,2.7936666,178.0881,6.0499907,18.187294,-0.23575188,1.4551479,2.0,2.7797034,82.748703,21.601067,0.0,2.8900001,0.69999999,6.0499907
41,United Kingdom,1936,0.1246625,0.69999999,-0.045136381,-10.412196,-0.21486112,3.6000891,170.19473,7.3217878,18.458223,-0.14607018,1.0200901,2.0,-1.37922,91.402847,25.332644,0.0,2.9400001,0.69999999,7.3217878
41,United Kingdom,1937,0.09417931,3.4000001,-0.029043898,-5.2580914,-0.016141498,4.7233291,158.69139,3.0378134,17.645706,0.012564277,0.61140013,2.0,0.52978384,87.478371,25.52088,0.0,3.28,3.4000001,3.0378134
41,United Kingdom,1938,0.44884366,1.6,-0.035924193,-10.294488,-0.37749347,6.929543,155.08121,-0.78779256,18.934309,0.1164989,1.4663484,2.0,1.1810356,102.05727,31.314518,0.0,3.3800001,1.6,-0.78779256
41,United Kingdom,1939,2.0052133,2.8,-0.050698958,-15.539027,0.69720101,30.074472,149.68408,5.506072,24.51256,1.2386149,4.4721084,2.2684932,10.797923,191.01532,61.042233,0.0,3.72,2.8,5.506072
41,United Kingdom,1940,2.5944314,16.799999,0.025636308,-18.829161,1.607168,36.126053,121.0586,9.0746269,56.998348,2.257252,3.310142,2.0,15.495069,200.07191,65.493858,0.99021769,3.4000001,16.799999,9.0746269
41,United Kingdom,1941,2.9653261,10.8,0.098226301,-21.749458,4.1882048,32.331875,133.68727,16.902874,58.343655,2.727793,2.8834097,2.0,-5.3018837,241.92404,70.723846,0.0,3.1300001,10.8,16.902874
41,United Kingdom,1942,2.6156311,7.0999999,0.10400525,-30.186626,4.1222768,35.229141,153.20392,9.989171,62.530243,2.9585648,0.32776886,2.0,-0.076608315,306.14059,79.982841,0.0,3.03,7.0999999,9.989171
41,United Kingdom,1943,3.8284912,3.4000001,0.10310996,-31.819578,3.3954949,37.756893,173.99243,11.39397,60.52404,4.328835,0.60014504,2.0,0.0,344.39383,89.095566,0.0,3.0999999,3.4000001,11.39397
41,United Kingdom,1944,3.850754,2.7,0.043017998,-30.541811,1.7789029,39.571167,200.63461,11.535534,62.799473,4.2425447,0.95614129,2.0,0.0,376.73724,101.6664,0.0,3.1400001,2.7,11.535534
41,United Kingdom,1945,1.5868598,2.8,-0.020229388,-29.119583,2.8482859,42.551407,234.68643,7.826829,58.443184,1.4220527,1.6654609,2.0,0.058106057,240.73561,68.644943,0.0,2.9200001,2.8,7.826829
41,United Kingdom,1946,0.55801964,3.0999999,-0.080739923,-14.9614,3.0791943,44.162189,269.79761,13.618375,43.545475,0.041653644,1.886687,2.0,-0.008472885,122.23141,32.700993,0.0,2.5999999,3.0999999,13.618375
41,United Kingdom,1947,0.094963849,7.0,-0.11704116,-7.1004801,3.5081296,15.332913,264.12491,3.9734337,32.240303,-0.073606052,0.51725501,2.0,0.16656339,99.266258,23.466543,0.0,2.76,7.0,3.9734337
41,United Kingdom,1948,0.34454882,7.6999998,-0.11324272,-1.6420991,1.0894669,7.1830463,239.57339,2.8199742,28.625723,-0.16586354,1.690217,2.0,-0.11877516,114.34803,28.686678,0.0,3.21,7.6999998,2.8199742
41,United Kingdom,1949,-0.13721739,2.8,-0.10177408,1.1842916,0.18499328,6.8674059,220.27321,1.2577605,28.635147,-0.34735063,0.44350341,2.0,12.415348,83.723862,20.82992,0.0,3.3,2.8,1.2577605
41,United Kingdom,1950,0.2257957,3.9184954,-0.082343884,7.5567317,0.39498901,7.2084327,216.91817,3.9302685,26.492479,-0.020246239,1.0436413,2.0,28.025507,142.74683,39.632278,0.0,3.55,3.9184954,3.9302685
41,United Kingdom,1951,0.36469895,9.0497742,-0.074129812,18.26255,1.2608672,8.2951965,196.7626,-0.014088819,29.1635,0.10425495,1.3576545,2.0739727,0.038648374,154.43521,45.068844,0.0,3.79,9.0497742,-0.014088819
41,United Kingdom,1952,-0.13086846,10.650069,-0.092010602,10.369915,0.32354563,10.373949,180.8582,2.9293036,29.042316,-0.1872914,0.06323234,3.7131147,0.26066309,105.07939,29.36965,0.0,4.23,10.650069,2.9293036
41,United Kingdom,1953,-0.12496118,3.625,-0.073184669,5.1446776,-0.23749302,10.960455,169.75748,4.97682,28.25506,-0.26173022,0.27741781,3.8547945,0.25188765,101.92927,29.640085,0.0,4.0799999,3.625,4.97682
41,United Kingdom,1954,-0.14987959,2.291918,-0.051950425,4.1687746,-0.29211745,10.056822,163.22563,5.2934356,27.838478,-0.33836478,0.37895441,3.1808219,-0.32450768,91.05645,25.888119,0.0,3.76,2.291918,5.2934356
41,United Kingdom,1955,-0.13575161,5.0707545,-0.037174895,5.8134937,-0.20834538,9.0851326,154.1859,-0.7200532,25.896746,-0.32709944,0.45103627,4.0700002,0.25486284,89.117783,24.104036,0.0,4.4200001,5.0707545,-0.7200532
41,United Kingdom,1956,0.2969352,4.9804568,-0.048531905,3.8960431,0.34501478,8.5625477,143.75885,3.0480518,25.839582,-0.15225725,1.523553,4.8600001,0.062995061,101.25542,30.804522,0.0,4.8299999,4.9804568,3.0480518
41,United Kingdom,1957,0.19412425,3.6913044,-0.052865539,3.6713395,-0.010756329,7.9866223,135.73454,3.8099451,25.432821,-0.32056656,1.5501634,6.3699999,-0.24263111,99.325577,28.383926,0.0,5.3800001,3.6913044,3.8099451
41,United Kingdom,1958,0.17507248,2.9928269,-0.070125468,-0.094141223,-0.55256301,7.6245303,131.12766,4.4122801,25.745594,-0.28882962,1.4746748,3.1500001,-0.079029217,115.22129,29.012608,0.0,4.9000001,2.9928269,4.4122801
41,United Kingdom,1959,-0.15296954,0.5811764,-0.050165828,0.34606069,-0.45955423,7.2906027,124.87041,5.6740155,26.007057,-0.40910327,0.56286198,3.6900001,-0.49830452,82.10849,20.138102,0.0,5.0999999,0.5811764,5.6740155
41,United Kingdom,1960,-0.25150946,1.0035757,-0.022205295,1.4171505,-0.498463,7.0924864,117.94435,2.0758343,25.884914,-0.43187711,0.2734898,4.3499999,0.036236599,86.417786,21.550892,0.0,5.8558335,1.0035757,2.0758343
41,United Kingdom,1961,-0.0024837307,3.4474962,-0.023894928,-0.86295784,-0.43968928,6.9213877,113.75166,3.1196532,25.970257,-0.3304759,0.9582513,5.4000001,0.19513315,126.08382,31.913586,0.0,6.2641668,3.4474962,3.1196532
41,United Kingdom,1962,-0.081402346,4.1964989,-0.039116681,-1.9331759,-0.39043531,6.9441662,110.52126,4.7320881,26.214754,-0.38085535,0.75993752,3.1199999,-0.19447753,124.72618,30.679459,0.0,5.7641668,4.1964989,4.7320881
41,United Kingdom,1963,0.029574906,2.0185435,-0.01975053,-1.1489114,-0.34818584,6.8007436,108.55433,7.610733,25.303957,-0.36166659,1.062778,3.72,0.27347016,117.54991,27.484873,0.0,5.1658335,2.0185435,7.610733
41,United Kingdom,1964,-0.22366996,3.2815869,0.010432955,-0.86701763,-0.17356931,6.596056,101.08108,7.7202511,24.375698,-0.3501389,0.13133693,6.6300001,0.29008985,90.5354,23.364973,0.0,5.7024999,3.2815869,7.7202511
41,United Kingdom,1965,-0.25314561,4.7737746,0.009253473,-2.3911295,-0.26698223,6.4369783,94.606155,9.480855,25.172468,-0.39980707,0.17826952,5.52,-0.13876347,99.786484,26.037329,0.0,6.5516667,4.7737746,9.480855
41,United Kingdom,1966,-0.39263403,3.9096179,0.0062289131,-2.8678265,-0.048763618,6.2490368,91.949295,6.5076008,25.480539,-0.44171843,-0.23310329,5.8499999,0.099528275,90.635468,24.993803,0.0,6.8666668,3.9096179,6.5076008
41,United Kingdom,1967,-0.18131161,2.4821155,0.0080395257,-3.4576199,-0.28152755,6.2357039,89.14785,12.337707,27.151636,-0.26591206,0.12352416,7.48,1.7967696,112.60692,32.371128,0.0,6.6999998,2.4821155,12.337707
41,United Kingdom,1968,-0.4874728,4.6974282,0.027613796,1.0542122,-0.5855642,5.9411054,88.54834,8.5155134,27.126196,-0.43091524,-0.57527673,6.7800002,14.612104,104.20105,26.119967,0.0,7.5091667,4.6974282,8.5155134
41,United Kingdom,1969,-0.46527255,5.4466639,0.026719399,0.96352619,-0.51377183,5.5021958,82.837395,5.1006384,26.227036,-0.40888706,-0.54565609,7.8499999,0.14746307,95.787491,24.853197,0.0,8.8299999,5.4466639,5.1006384
41,United Kingdom,1970,-0.40612462,6.3665686,0.028695127,0.1282398,-0.44659996,5.1974134,73.23539,11.971544,25.701534,-0.33739281,-0.53255236,6.8200002,-0.22110756,102.82236,27.132233,0.0,8.6341667,6.3665686,11.971544
41,United Kingdom,1971,-0.4776518,9.4448376,0.026627321,-0.30499467,-0.4943848,5.0763307,65.554512,16.339233,25.757069,-0.37470344,-0.68462944,4.4099998,-1.959457,87.422432,22.864271,0.0,7.8683333,9.4448376,16.339233
41,United Kingdom,1972,-0.52158356,7.0710983,0.041358769,-1.4662164,-0.36472821,5.1710477,62.041618,21.724409,26.691442,-0.35858104,-0.9100017,5.5999999,-2.220742,87.485275,22.424706,0.0,8.375,7.0710983,21.724409
41,United Kingdom,1973,-0.52456939,9.1960335,0.090605877,4.2835703,1.3358662,4.9061608,54.562183,22.254625,25.819286,-0.39814842,-0.763026,9.5,1.9985271,76.668312,22.631796,0.0,10.558333,9.1960335,22.254625
41,United Kingdom,1974,-0.46176612,16.044012,0.059151206,15.446369,1.2258028,5.069427,51.60144,10.928694,29.147125,-0.38127938,-0.61628187,11.3,4.7571688,70.567474,18.719946,0.0,14.206667,16.044012,10.928694
41,United Kingdom,1975,-0.51585943,24.207287,0.035430878,9.3231773,-0.15562801,5.3396034,46.67778,12.07372,31.877741,-0.42824548,-0.66966224,10.2,5.8777962,79.141571,23.674479,0.0,13.181666,24.207287,12.07372
41,United Kingdom,1976,-0.42881939,16.559523,0.044003434,13.824996,-0.24615696,5.1755033,48.884434,11.90707,32.346489,-0.35312602,-0.57812274,11.2,22.927227,69.23243,19.017986,0.0,13.61,16.559523,11.90707
41,United Kingdom,1977,-0.40885916,15.840267,0.05036756,15.159823,-0.13002169,4.9232779,50.458641,14.874862,30.725782,-0.36960515,-0.45911929,7.5,2.993289,68.475105,18.853338,0.0,12.0275,15.840267,14.874862
41,United Kingdom,1978,-0.36967987,8.2631407,0.064619809,11.023664,-0.35170326,4.7330432,51.62611,15.162661,30.307203,-0.3005079,-0.4568558,8.6000004,-9.0085287,81.370934,23.138279,0.0,12.065,8.2631407,15.162661
41,United Kingdom,1979,-0.36291331,13.42128,0.072145127,10.492514,0.93874389,4.6797576,48.739784,14.48252,29.968811,-0.35279733,-0.28034014,13.1,-9.49753,86.351082,23.23501,0.0,12.945833,13.42128,14.48252
41,United Kingdom,1980,-0.38573182,16.849001,0.031463917,6.9193769,-0.074238278,5.0199037,42.568001,17.262434,31.200504,-0.36221734,-0.34892961,15.0,-8.9093838,102.05772,27.583698,0.0,13.913333,16.849001,17.262434
41,United Kingdom,1981,-0.34368357,12.189,-0.0025451062,4.7622499,-0.25193596,4.9837632,44.778,14.044689,32.764721,-0.36373392,-0.24227026,13.0,15.963053,101.66919,29.155613,0.0,14.883333,12.189,14.044689
41,United Kingdom,1982,0.095376819,8.5109997,-0.0010666717,4.7291331,-0.458956,5.3813267,43.049999,12.560953,32.891953,-0.22536929,1.070699,11.4,14.962696,124.11795,33.891193,0.0,13.085,8.5109997,12.560953
41,United Kingdom,1983,-0.25604594,5.198,0.014526902,5.6580272,-0.58344954,5.3968854,41.852001,13.234006,32.445778,-0.3321104,0.011030379,9.6000004,15.164799,103.87984,27.530962,0.0,11.268333,5.198,13.234006
41,United Kingdom,1984,-0.44160646,4.448,0.020079996,9.9639301,-0.47940335,5.5080795,42.242001,13.565152,32.641911,-0.34314361,-0.61000437,9.3000002,13.839651,88.389366,21.027834,0.0,11.1275,4.448,13.565152
41,United Kingdom,1985,-0.51644236,5.1599998,0.033674758,9.2038441,-0.5384987,5.3207045,41.305,14.749159,32.070377,-0.39585802,-0.73137063,12.283418,3.5814998,92.283493,21.61231,0.0,10.97,5.1599998,14.749159
41,United Kingdom,1986,-0.32434538,3.6259999,0.051107861,4.462769,-0.55710995,5.0598235,41.273998,15.752992,31.237946,-0.26443166,-0.22068143,10.996769,-12.326007,91.707932,22.866217,0.0,10.135,3.6259999,15.752992
41,United Kingdom,1987,-0.46827513,4.066,0.07416077,3.4947057,-0.54314983,4.6866684,39.334999,16.689043,30.010721,-0.41340387,-0.45238173,9.6820774,-10.388006,85.342255,18.863218,0.0,9.5708332,4.066,16.689043
41,United Kingdom,1988,-0.60316068,4.612,0.10124848,0.61065531,-0.47634733,4.2142878,37.080002,17.182892,27.695959,-0.42824599,-0.99913079,10.352675,-7.9801311,72.833328,14.97575,0.0,9.6758337,4.612,17.182892
41,United Kingdom,1989,-0.60515332,5.2160001,0.10127454,1.559611,-0.38365486,4.0409541,32.539001,18.080345,26.675066,-0.47011679,-0.84089339,13.931767,8.6954651,81.248924,16.461205,0.0,10.190833,5.2160001,18.080345
41,United Kingdom,1990,-0.33862025,6.9990001,0.087161705,0.74958098,-0.093661554,3.9832177,28.559,11.976947,28.52272,-0.39936617,-0.034814488,14.808973,-8.0150433,100.47716,24.765268,0.0,11.8025,6.9990001,11.976947
41,United Kingdom,1991,-0.25324708,7.5190001,0.051385958,-2.5824428,-0.26083791,4.1168022,28.497999,5.9835563,30.285036,-0.22385368,-0.078089401,11.573419,0.89705616,115.19403,25.704779,0.0,10.105,7.5190001,5.9835563
41,United Kingdom,1992,-0.47255641,4.2319999,0.030983724,-2.0074515,-0.50976747,3.8647177,33.241001,3.4567668,32.684097,-0.44223157,-0.42732877,9.6805782,0.37874705,75.940979,16.905762,0.0,9.0633335,4.2319999,3.4567668
41,United Kingdom,1993,-0.45569068,2.533,0.03153209,1.0025468,-0.63384724,3.5906496,37.993999,4.4430628,32.883251,-0.42162913,-0.38083503,5.9956408,16.943869,86.624359,18.371004,0.0,7.4796085,2.533,4.4430628
41,United Kingdom,1994,-0.42192411,1.994,0.05149278,2.6925588,-0.57806826,3.3819337,40.790001,4.7307873,32.600712,-0.41071239,-0.26124734,5.5648408,-2.0023794,88.633369,18.838816,0.0,8.1220999,1.994,4.7307873
41,United Kingdom,1995,-0.53627354,2.6300001,0.057614986,1.3575785,-0.64434493,2.8541994,43.737999,9.7887363,32.512058,-0.43711618,-0.64681202,6.7525873,-2.9483132,75.088799,14.547078,0.0,8.2002831,2.6300001,9.7887363
41,United Kingdom,1996,-0.65450317,2.425,0.062468607,2.1266117,-0.62326193,2.7245922,43.846001,9.4571934,31.287622,-0.48201099,-1.001718,6.1105957,1.1245508,61.413044,11.792703,0.0,7.8101835,2.425,9.4571934
41,United Kingdom,1997,-0.71578819,1.825,0.070395723,0.36065465,-0.6601544,2.5601487,43.266998,11.767163,30.608082,-0.51556629,-1.150051,6.9117227,-4.7249951,39.673115,9.7436628,0.0,7.0525918,1.825,11.767163
41,United Kingdom,1998,-0.49859729,1.557,0.080057859,-1.787293,-0.57879132,2.4959624,40.929001,8.9992056,29.960896,-0.44688067,-0.48015022,7.4242558,-1.1549152,51.792046,12.590741,0.0,5.5509582,1.557,8.9992056
41,United Kingdom,1999,-0.50002241,1.329,0.086120158,-2.0192268,-0.5899632,2.4229095,39.431,3.9601319,29.52993,-0.38492551,-0.6749447,5.545774,2.4397123,58.142807,14.408929,0.0,5.0935249,1.329,3.9601319
41,United Kingdom,2000,-0.68110377,0.796,0.099958517,0.32884687,-0.40695113,2.3727965,36.734001,7.8990469,32.13018,-0.47720471,-1.0959338,6.1874566,6.9672189,45.607391,10.102429,0.0,5.3289752,0.796,7.8990469
41,United Kingdom,2001,-0.43625343,1.234,0.100265,0.069931567,-0.413928,2.4111221,33.999001,6.4074178,33.019737,-0.25034741,-0.75334376,5.0434299,5.0349474,111.46019,22.251217,0.0,4.9295001,1.234,6.4074178
41,United Kingdom,2002,-0.40618426,1.2589999,0.09756197,-1.9469699,-0.59054554,2.4856596,34.215,6.7925777,34.292923,-0.30840382,-0.48733997,4.0602894,-4.0473261,111.12048,22.676722,0.0,4.8942418,1.2589999,6.7925777
41,United Kingdom,2003,0.0069237193,1.362,0.10191403,-3.6778624,-0.39068571,2.552062,35.397999,6.5058846,35.619579,0.033445403,0.24759392,3.7351608,-8.1105137,135.32417,28.775322,0.0,4.5265918,1.362,6.5058846
41,United Kingdom,2004,-0.35020092,1.344,0.11105047,-4.0727472,-0.51831561,2.4978213,38.390999,7.2528424,36.551468,-0.22319315,-0.50426239,4.6378207,-10.862523,110.70305,21.647604,0.0,4.8822665,1.344,7.2528424
41,United Kingdom,2005,-0.41076806,2.0569999,0.10630838,-2.4666188,-0.47984412,2.4227161,39.591999,9.8322449,37.164345,-0.27382749,-0.67550969,4.7601676,0.80904734,83.537979,16.481413,0.0,4.4138918,2.0569999,9.8322449
41,United Kingdom,2006,-0.34699634,2.329,0.10222413,1.1275216,-0.55686009,2.3696744,40.515999,10.020412,37.186214,-0.30018273,-0.35198668,4.8492093,-1.2382653,86.026413,18.98555,0.0,4.5016751,2.329,10.020412
41,United Kingdom,2007,-0.46472964,2.323,0.099999338,-3.4773297,-0.43867242,2.3746579,41.547001,10.628294,37.281044,-0.34266955,-0.66726303,6.0022073,-8.0739145,84.868973,16.260492,0.0,5.0112748,2.323,10.628294
41,United Kingdom,2008,-0.55619758,3.602,0.069204189,-0.41316894,-0.30282155,2.4871502,49.327,3.739876,40.327145,-0.39540088,-0.88287884,5.5114117,9.0860558,71.192848,14.867627,0.0,4.5907249,3.602,3.739876
41,United Kingdom,2009,-0.55962873,2.165,-0.0061868816,-2.7949979,-0.60196763,2.6477246,63.193001,1.414605,42.821167,-0.40391582,-0.8832404,1.2136533,17.533443,69.581642,15.553284,0.0,3.6475167,2.165,1.414605
41,United Kingdom,2010,-0.50657785,3.2980001,-0.012544521,0.77118075,-0.55039352,2.5679996,74.273003,2.4967542,43.415962,-0.36786193,-0.73932886,0.69977415,1.1165427,73.838913,17.305132,0.0,3.6244249,3.2980001,2.4967542
41,United Kingdom,2011,-0.52778864,4.4640002,-0.029732279,4.3443727,-0.43042055,2.4990399,79.974998,1.397912,41.995583,-0.37123239,-0.79309338,0.87458003,-3.6967285,75.721146,17.693205,0.0,3.1359916,4.4640002,1.397912
41,United Kingdom,2012,-0.472128,2.8280001,-0.042655405,2.2705786,-0.56109065,2.4178176,83.161003,5.2188921,42.563038,-0.35612771,-0.65784317,0.82725084,1.1911623,69.216782,16.714195,0.0,1.9180417,2.8280001,5.2188921
41,United Kingdom,2013,-0.46014073,2.5650001,-0.052375805,1.2927908,-0.58947486,2.2923205,84.155998,3.7356713,40.293507,-0.32968953,-0.67121595,0.51266086,1.3409495,70.025406,16.181843,0.0,2.3897834,2.5650001,3.7356713
41,United Kingdom,2014,-0.4258019,1.461,-0.049350545,-2.3779845,-0.55989456,2.1844854,86.060997,4.3628678,39.74577,-0.38208914,-0.41153702,0.54294914,-5.0614538,80.853844,21.334497,0.0,2.5690835,1.461,4.3628678
41,United Kingdom,2015,-0.37939692,0.039999999,-0.055617604,-5.0517526,-0.54762828,2.048908,86.720001,3.8259995,38.773426,-0.29148805,-0.4636786,0.57414919,7.7325153,94.918381,23.504303,0.0,1.9010333,0.039999999,3.8259995
41,United Kingdom,2016,-0.40711325,0.66000003,-0.06564758,-3.3545048,-0.56743544,1.984491,86.775002,7.1907125,37.651279,-0.25631168,-0.69483626,0.49899167,13.232779,84.358536,22.062346,0.0,1.3052083,0.66000003,7.1907125
41,United Kingdom,2017,-0.39209267,2.6830001,-0.066094279,-0.74724793,-0.5433048,1.9500289,86.314003,4.8567462,37.199085,-0.28267261,-0.54960036,0.35895166,4.8666019,86.290787,25.495596,0.0,1.2358084,2.6830001,4.8567462
41,United Kingdom,2018,-0.4357999,2.4779999,-0.078318574,-0.15698358,-0.35030675,1.9445556,85.775002,2.7369463,36.987923,-0.37431958,-0.47139424,0.72283584,-3.477252,67.708572,21.025999,0.0,1.4606583,2.4779999,2.7369463
41,United Kingdom,2019,-0.43840659,1.791,-0.088730611,-0.88170457,-0.2067731,1.9852537,85.242996,3.8511624,36.822517,-0.38507521,-0.42478094,0.80785,4.5681844,69.926216,22.366119,0.0,0.93582499,1.791,3.8511624
41,United Kingdom,2020,-0.52056772,0.85100001,-0.22055654,-7.6284194,0.0029786625,2.1630404,104.47,13.849418,48.084496,-0.46835998,-0.56202787,0.29499999,-0.58223915,66.154915,17.871145,0.0,0.37444165,0.85100001,13.849418
41,United Kingdom,2021,-0.53111994,2.5880001,-0.16341878,-8.7031193,1.177232,2.0724175,186.795,9.7329998,43.850494,-0.47369853,-0.55955642,0.090000004,-6.7487559,58.633369,16.826506,0.0,0.78760833,2.5880001,9.7329998
41,United Kingdom,2022,-0.010677416,9.0670004,-0.1470136,0.69818735,2.2111075,2.0569186,141.244,8.6079998,42.196495,-0.12718879,0.86785728,2.0008333,11.705662,112.93623,47.833778,0.0,2.4472916,9.0670004,8.6079998
41,United Kingdom,2023,-0.23292786,7.303,-0.17782502,-4.0614915,0.47789726,2.2306397,138.644,-2.6300001,42.926495,-0.18289445,0.000205366,4.9608335,-0.92337525,99.392548,37.587135,0.0,4.0581164,7.303,-2.6300001
42,United States,1900,-0.45634085,1.0097368,0.097840756,-0.42113292,-0.61219782,0.97156817,6.0840654,7.8848562,2.5040932,-0.17425895,-1.1233568,4.3800001,,72.415619,16.419905,0.0,3.1041667,1.0097368,7.8848562
42,United States,1901,-0.83879817,0.98774248,0.17299478,-0.75526279,-0.52274996,0.78216761,5.4330726,11.36891,2.3305461,-0.49928087,-1.5113659,4.0,0.0,43.076683,8.7600708,0.0,3.1733334,0.98774248,11.36891
42,United States,1902,-0.84985083,0.97808152,0.14701699,-1.565277,-0.48194453,0.79642177,4.8490615,8.541667,1.9963777,-0.50661403,-1.5238849,5.1500001,0.0,43.4799,7.8305955,0.0,3.29,0.97808152,8.541667
42,United States,1903,-0.77339107,2.9174933,0.13440815,-1.5096865,-0.57288009,0.81399202,4.4285941,6.0460653,1.97479,-0.55181354,-1.1304611,3.71,0.0,49.491287,9.7574196,0.0,3.3916667,2.9174933,6.0460653
42,United States,1904,-0.40562266,0.94114977,0.13037822,-1.185195,-0.6718213,0.89976531,4.3823628,5.9728508,2.2523911,-0.19853073,-0.84790504,1.78,0.0,76.692307,19.057795,0.0,3.4733334,0.94114977,5.9728508
42,United States,1905,-0.70409381,-0.93237478,0.17692079,-1.4371297,-0.67102659,0.75465584,3.895813,9.4790773,1.9507328,-0.44108981,-1.1895357,4.4400001,0.0,54.05724,12.050321,0.0,3.4341667,-0.93237478,9.4790773
42,United States,1906,-0.89285845,1.8822995,0.17568748,-0.77780646,-0.41441545,0.67512602,3.6460397,7.7223091,1.818994,-0.55864459,-1.521754,6.54,0.0,40.733101,6.1763949,0.0,3.6500001,1.8822995,7.7223091
42,United States,1907,-0.99775851,4.6299386,0.1187633,-0.51806116,-0.52800375,0.83489335,3.3564808,4.6343231,1.6940722,-0.59289724,-1.7484415,7.0100002,0.0,34.413788,4.7365012,0.0,3.8533332,4.6299386,4.6343231
42,United States,1908,-1.0372738,-1.7657696,0.019023059,0.039275568,-0.72008789,0.86675686,3.8710515,-0.48442906,2.1661243,-0.67704225,-1.6729763,1.92,0.0,32.829559,5.4173231,0.0,3.7691667,-1.7657696,-0.48442906
42,United States,1909,-1.0442469,-1.8083378,0.088622354,-0.80199379,-0.642295,0.84132469,3.5289335,9.2489567,2.1327596,-0.66246247,-1.7356063,2.71,0.0,30.923229,4.5959668,0.0,3.8975,-1.8083378,9.2489567
42,United States,1910,-1.0456936,4.5875607,0.049217504,0.029148972,-0.66945946,0.80539882,3.3987436,5.0286441,2.05654,-0.64814216,-1.7833607,2.98,0.0,30.885345,3.7330444,0.0,3.9741666,4.5875607,5.0286441
42,United States,1911,-0.70979792,0.0,0.042620357,0.74209929,-0.71084684,0.80134338,3.3280029,5.6363635,1.9927902,-0.48352352,-1.0646653,2.5699999,0.0,52.696037,9.2872286,0.0,4.0075002,0.0,5.6363635
42,United States,1912,-0.68448848,2.6360185,0.061427779,0.75083756,-0.47319579,0.76053965,3.1761532,6.6551924,1.8280568,-0.40076801,-1.1599288,3.52,0.0,53.76284,8.9259892,0.0,4.4133334,2.6360185,6.6551924
42,United States,1913,-0.7605834,1.7053627,0.058354925,1.4693968,-0.66253388,0.77401274,3.0190754,3.87305,1.8093477,-0.47181654,-1.2824093,3.22,0.0,49.213394,7.8488636,0.0,4.1841664,1.7053627,3.87305
42,United States,1914,1.5842937,1.010101,-0.064097576,2.263227,-0.63943875,0.68757784,3.2261817,3.9357846,1.9711657,1.6123475,1.153671,3.4300001,0.0,199.27412,52.308128,0.0,4.2333331,1.010101,3.9357846
42,United States,1915,2.6090913,1.0,-0.064193785,2.1608982,-0.36437675,0.65987569,3.0507684,6.6766319,1.9104692,2.8129916,1.032877,1.92,0.0,269.59604,68.409592,0.0,4.0658336,1.0,6.6766319
42,United States,1916,2.3142676,7.9207921,0.051598959,6.5927653,-0.0076621189,0.55359828,2.4445717,16.347502,1.422671,2.3201454,1.2669488,2.6199999,0.0,260.30356,57.568607,0.0,4.2150002,7.9207921,16.347502
42,United States,1917,2.9793048,17.431192,0.014695202,6.2382436,0.74022341,1.0926749,4.9364924,14.893617,3.241647,2.9039769,1.9937836,3.4300001,0.0,296.97101,68.379974,0.0,4.5416665,17.431192,14.893617
42,United States,1918,3.5676336,17.96875,0.056235325,3.2797351,0.99284732,9.1588297,15.990739,8.5604477,16.556742,3.7762339,1.2218088,5.2800002,0.0,331.62021,79.061424,0.0,4.5058331,17.96875,8.5604477
42,United States,1919,1.0725789,14.569536,-0.00046123483,6.3124819,0.20436509,14.171536,32.219032,15.030576,23.382223,0.68743563,1.6741883,6.3200002,0.0,166.6438,37.211899,0.0,4.9308333,14.569536,15.030576
42,United States,1920,-0.012189982,15.606936,-0.057939932,6.3866439,0.38379529,1.8596381,27.22735,11.443761,7.1241288,0.050143927,-0.23055065,7.7399998,0.0,102.06319,19.124922,0.0,5.0799999,15.606936,11.443761
42,United States,1921,-0.40737492,-10.5,-0.13650259,0.67430419,-0.47020274,1.5013632,32.265053,-4.3183532,6.8116374,-0.25500226,-0.7525425,5.9699998,0.0,72.843681,13.690524,0.0,4.3658333,-10.5,-4.3183532
42,United States,1922,-0.54379314,-6.1452513,-0.1024021,0.72365963,0.023023052,1.1612357,30.973,3.6210968,4.4362016,-0.33932287,-0.96450883,4.29,0.0,64.923538,10.074545,0.0,4.355,-6.1452513,3.6210968
42,United States,1923,-0.62906456,1.7857143,-0.0088835303,0.63554126,0.026840581,0.7865904,25.916309,8.1286402,3.6410863,-0.46272823,-0.91993588,4.8600001,0.0,58.87146,11.294811,0.0,4.085,1.7857143,8.1286402
42,United States,1924,-0.77228224,0.0,-0.023882018,0.84414649,-0.53903931,0.64942551,24.20752,5.6440282,3.3126011,-0.48405218,-1.3112119,3.0799999,0.0,49.706013,7.8145537,0.0,3.8766668,0.0,5.6440282
42,United States,1925,-0.82702315,2.3391812,-0.038465068,1.512134,-0.52952051,0.64492494,22.434574,8.6455336,3.1974106,-0.50847685,-1.4217267,4.1799998,0.0,45.767529,8.16222,0.0,3.6949999,2.3391812,8.6455336
42,United States,1926,-0.94223082,1.1428572,-0.015067685,0.99101657,-0.53315371,0.57021761,20.067646,3.9175677,2.9933085,-0.60621613,-1.566624,4.5,0.0,37.680462,6.6334209,0.0,3.3683333,1.1428572,3.9175677
42,United States,1927,-0.79711419,-1.6949153,-0.045601901,0.94117856,-0.69405645,0.61847436,19.190084,3.2790103,2.9616652,-0.51125413,-1.309512,4.0599999,0.0,45.88192,8.2499838,0.0,3.3308334,-1.6949153,3.2790103
42,United States,1928,-0.94700724,-1.7241379,-0.061568152,0.99141169,-0.71193218,0.6898883,17.907831,4.2585549,3.0120544,-0.57476753,-1.6249999,6.04,0.0,37.190571,6.1638932,0.0,3.5775001,-1.7241379,4.2585549
42,United States,1929,-0.89110994,0.0,-0.031085819,0.84259129,-0.61432475,0.67045563,16.186508,0.65645516,2.9907417,-0.55129278,-1.4728371,7.6100001,0.0,40.538773,7.5520887,0.0,3.3158333,0.0,0.65645516
42,United States,1930,-0.87065452,-2.3391812,-0.15498298,-0.89935476,-0.58468056,0.75830436,17.554565,-1.2862319,3.6024306,-0.58005387,-1.3775655,2.9400001,0.0,42.976971,7.55722,0.0,3.3358333,-2.3391812,-1.2862319
42,United States,1931,-0.84240741,-8.9820356,-0.25169316,-2.5751517,-0.6107018,0.90354884,21.707081,-4.6797576,4.6219845,-0.54056996,-1.3500791,1.74,0.0,44.57341,7.9446454,0.0,3.6516666,-8.9820356,-4.6797576
42,United States,1932,-0.60386354,-9.8684206,-0.42036843,-3.4865458,-0.6716252,1.0790306,32.751263,-8.6931934,7.8273578,-0.40813491,-0.93133509,2.05,0.0,59.718971,11.595484,0.0,3.3408334,-9.8684206,-8.6931934
42,United States,1933,-0.72290152,-5.109489,-0.46119258,-2.8632457,-0.62588179,1.0018222,39.403275,-8.6931934,8.0449314,-0.5451538,-0.9776625,1.16,0.0,52.87656,9.8206244,0.0,3.1358333,-5.109489,-8.6931934
42,United States,1934,-0.75231797,3.0769231,-0.38612732,-2.6239259,-0.38038856,1.2020745,40.498714,6.4065509,9.7919159,-0.58726549,-0.94838506,1.0,0.0,52.097977,8.1617317,0.0,2.8175001,3.0769231,6.4065509
42,United States,1935,-0.30645064,2.238806,-0.32903868,-2.1462746,-0.50158346,1.0853765,38.628387,11.702127,8.6367369,-0.42751494,0.2216441,0.56,0.0,82.748703,18.548216,0.0,2.6616666,2.238806,11.702127
42,United States,1936,-0.20157774,1.459854,-0.23420782,-2.5171337,-0.23556636,1.098453,39.78627,9.6048632,9.699399,-0.18540387,-0.095934086,0.91000003,0.0,91.402847,21.649769,0.0,2.6775,1.459854,9.6048632
42,United States,1937,-0.22912593,3.5971222,-0.21172781,-1.490463,-0.29582873,1.1104553,39.166252,4.1597338,8.1502752,-0.12954317,-0.23774287,1.0,0.0,87.478371,21.886087,0.0,2.5699999,3.5971222,4.1597338
42,United States,1938,-0.0073170159,-2.0833333,-0.27667099,-2.4860871,-0.55477905,1.2948797,42.522587,0.053248137,7.8303871,-0.100247,0.32043701,1.0,0.0,102.05727,27.623926,0.0,2.3766668,-2.0833333,0.053248137
42,United States,1939,1.3765582,-1.4184397,-0.22838268,-2.5903261,-0.25127679,1.047736,43.304314,7.060493,9.783062,0.83072191,2.7610974,1.0,0.0,191.01532,55.012207,0.0,2.2225001,-1.4184397,7.060493
42,United States,1940,1.4838146,0.71942449,-0.17809223,-2.0975277,0.00031280177,1.6087053,41.756592,9.9917154,9.2012558,1.3814493,1.418425,1.0,0.0,200.07191,60.704071,0.0,1.88,0.71942449,9.9917154
42,United States,1941,2.2556834,5.0,-0.050208095,-2.0540664,1.8654623,4.8700104,37.837284,11.027418,10.55843,2.2816014,1.3196969,1.0,0.0,241.92404,63.12093,0.0,2.0699999,5.0,11.027418
42,United States,1942,3.1932049,10.884354,0.088751882,-2.1578972,4.7229099,15.665243,43.627979,12.252375,21.172991,3.5978065,0.41521838,1.0,0.0,306.14059,66.535561,0.0,2.1099999,10.884354,12.252375
42,United States,1943,3.8286734,6.1349692,0.20696121,-0.69272929,4.8496251,35.508698,67.304817,24.25964,38.681038,4.313261,0.57005036,1.0,0.0,344.39383,76.08535,0.0,2.1199999,6.1349692,24.25964
42,United States,1944,4.3419089,1.734104,0.2520577,-0.66282707,2.2334776,38.740452,89.493942,18.268482,40.679539,4.8514352,0.80309892,1.0,0.0,376.73724,86.105034,0.0,2.0999999,1.734104,18.268482
42,United States,1945,2.1136086,2.2727273,0.20783959,-2.7230606,2.9171963,39.418385,113.35767,18.350058,40.661911,1.9163011,1.8197317,1.0,0.0,240.73561,57.585129,0.0,1.67,2.2727273,18.350058
42,United States,1946,0.3601017,8.333333,0.057645492,-2.4805317,2.8521235,19.809343,118.9,9.5906591,24.274067,-0.034246393,1.157514,1.16,0.0,122.23141,27.466925,0.0,1.8200001,8.333333,9.5906591
42,United States,1947,-0.0035173178,14.358974,0.0068925633,-0.56571484,2.0777445,5.7272816,107.6,5.7517915,13.819628,-0.12113851,0.2108686,1.38,0.0,99.266258,18.68301,0.0,2.1800001,14.358974,5.7517915
42,United States,1948,0.24595052,7.6722145,0.011271659,-1.9048737,0.93216097,3.9887176,96.0,3.4396574,10.844252,-0.17289469,1.1310072,1.55,0.0,114.34803,23.387444,0.0,2.1199999,7.6722145,3.4396574
42,United States,1949,-0.23168977,-0.98079991,-0.033059716,-2.3519673,0.06326481,5.2720199,91.300003,0.91424614,14.252684,-0.3840712,0.15464188,1.63,0.0,83.723862,16.506229,0.0,1.8,-0.98079991,0.91424614
42,United States,1950,0.68850249,1.064016,0.013641291,-1.3430676,0.48715982,5.0819635,92.099998,3.3127825,14.195519,0.21469758,1.7886698,1.63,0.0,142.74683,31.714758,0.0,2.1800001,1.064016,3.3127825
42,United States,1951,0.89440614,7.9952269,0.050826889,-0.29815504,0.98611104,10.167021,78.0,4.4399905,13.119678,0.44299841,2.0495644,2.1700001,0.0,154.43521,36.522129,0.0,2.51,7.9952269,4.4399905
42,United States,1952,0.10713711,2.2099447,0.050219916,-0.90167594,0.36319152,13.860081,72.5,6.863018,18.425932,0.085430041,0.11744871,2.48,0.0,105.07939,23.336424,0.0,2.52,2.2099447,6.863018
42,United States,1953,0.061113574,0.75675678,0.057586253,-1.6115093,-0.29680064,13.580273,69.5,5.8399229,19.552282,-0.075726196,0.37976772,3.0599999,0.0,101.92927,23.859606,0.0,2.5899999,0.75675678,5.8399229
42,United States,1954,-0.10556516,0.42918456,0.011381716,-1.7730361,-0.44498435,11.736595,69.900002,5.6653895,18.14241,-0.3249498,0.4283824,0.94,0.0,91.05645,20.88249,0.0,2.4016666,0.42918456,5.6653895
42,United States,1955,-0.15434699,-0.32051283,0.042236324,-1.7176228,-0.33997139,10.156245,67.400002,5.9497995,16.086378,-0.38749176,0.48143524,2.6900001,0.0,89.117783,19.390167,0.0,2.8166666,-0.32051283,5.9497995
42,United States,1956,0.039089181,1.5250545,0.022450464,-1.0905806,-0.14785817,9.9010115,62.099998,4.3207955,15.720381,-0.31933638,0.89454097,3.22,0.0,101.25542,26.416311,0.0,3.1824999,1.5250545,4.3207955
42,United States,1957,0.019428313,3.3415084,0.002990874,-0.90506363,-0.29718247,9.9924393,58.599998,4.7857981,16.154367,-0.40451542,0.98290724,3.1700001,0.0,99.325577,23.784136,0.0,3.6475,3.3415084,4.7857981
42,United States,1958,0.2563242,2.7291605,-0.044978935,-1.8941958,-0.55159414,10.071764,59.0,6.4712844,17.123865,-0.21867849,1.2885274,2.6900001,0.0,115.22129,23.146309,0.0,3.3158333,2.7291605,6.4712844
42,United States,1959,-0.27717721,1.0106844,-0.013370228,-1.8359854,-0.32533562,9.4387732,56.900002,6.7282195,17.654997,-0.44342542,0.16024855,2.95,0.0,82.10849,15.998714,0.0,4.3333335,1.0106844,6.7282195
42,United States,1960,-0.23348467,1.457976,-0.025812577,-1.4385424,-0.50924355,8.993125,54.299999,3.0069673,16.997429,-0.48859584,0.38268298,2.1500001,0.0,86.417786,16.889635,0.0,4.1166668,1.457976,3.0069673
42,United States,1961,0.33442715,1.0707241,-0.040452078,-1.8601527,-0.43479547,9.1560316,53.400002,6.739327,17.381939,-0.26555786,1.7053611,2.5899999,0.0,126.08382,25.110136,0.0,3.8824999,1.0707241,6.739327
42,United States,1962,0.30107027,1.1987734,-0.017457094,-2.0316589,-0.38490403,9.3316727,51.599998,7.7761812,17.68791,-0.31288484,1.6715547,3.1700001,0.0,124.72618,23.806793,0.0,3.9458334,1.1987734,7.7761812
42,United States,1963,0.085403435,1.2396694,-0.0097429575,-2.1790628,-0.42640758,8.8318911,50.099998,8.4267654,17.462675,-0.42318332,1.2406622,3.3699999,0.0,117.54991,22.049271,0.0,4.0025001,1.2396694,8.4267654
42,United States,1964,-0.15945029,1.2789116,0.01232433,-2.1143627,-0.33231205,8.051281,47.700001,7.8442993,17.317009,-0.36440772,0.28862262,3.46,0.0,90.5354,18.410425,0.0,4.1866665,1.2789116,7.8442993
42,United States,1965,-0.0041527105,1.5851693,0.041590542,-2.2705579,-0.17266566,7.5872474,45.400002,8.1002398,15.927489,-0.20067725,0.42593756,4.3441668,0.0,99.786484,20.200989,0.0,4.2824998,1.5851693,8.1002398
42,United States,1966,-0.12851843,3.0150754,0.072737753,-2.1206503,0.033934984,8.4352999,42.0,6.5196514,16.539179,-0.3153944,0.27964616,5.4833331,0.0,90.635468,19.368853,0.0,4.9233332,3.0150754,6.5196514
42,United States,1967,0.20271294,2.7727857,0.065832041,-2.2106392,-0.27988884,9.4177961,40.599998,6.8383927,18.310661,-0.020447077,0.70010996,5.0208335,0.0,112.60692,25.69722,0.0,5.0733333,2.7727857,6.8383927
42,United States,1968,0.072337963,4.2717962,0.08233057,-2.069525,-0.46611959,9.2684546,41.0,8.2838278,18.937311,-0.045733146,0.26841673,5.8591666,0.0,104.20105,19.182476,0.0,5.6458335,4.2717962,8.2838278
42,United States,1969,-0.063368164,5.4623861,0.082186155,-2.2553062,-0.42750424,8.6332636,37.200001,6.1158061,18.046118,-0.10149693,-0.027739616,7.7608333,0.0,95.787491,18.675468,0.0,6.6708331,5.4623861,6.1158061
42,United States,1970,0.037445337,5.8382554,0.051205281,-1.7689836,-0.32595825,8.0327435,36.299999,3.930068,18.228683,0.016255498,0.043089692,7.5641665,0.0,102.82236,20.61956,0.0,7.3483334,5.8382554,3.930068
42,United States,1971,-0.17109351,4.2927666,0.050960965,-1.9915582,-0.40316325,6.9430695,36.5,12.136958,18.042839,-0.15678805,-0.14980659,5.0050001,0.0,87.422432,17.198635,0.0,6.1591668,4.2927666,12.136958
42,United States,1972,-0.18031226,3.2722783,0.071383364,-1.6350291,-0.30381349,6.5197568,35.700001,12.417364,18.034492,-0.077318765,-0.40755486,4.6658335,0.0,87.485275,16.672832,0.0,6.21,3.2722783,12.417364
42,United States,1973,-0.3411943,6.1777601,0.097433269,-0.13039511,2.0384216,5.8938704,34.400002,9.7168484,17.238049,-0.25114757,-0.42196876,8.4158335,0.0,76.668312,17.691732,0.0,6.8425002,6.1777601,9.7168484
42,United States,1974,-0.46427616,11.054805,0.06228362,2.9963408,2.1521449,5.9541111,32.599998,5.8748097,17.431498,-0.46617883,-0.33696491,10.244166,0.0,70.567474,14.598406,0.0,7.5574999,11.054805,5.8748097
42,United States,1975,-0.30761251,9.1431465,0.029572396,1.8221813,0.30304936,5.6226792,33.599998,9.4246778,19.724091,-0.39896217,-0.0033046589,6.4366665,0.0,79.141571,18.589495,0.0,7.9875002,9.1431465,9.4246778
42,United States,1976,-0.47422114,5.7448125,0.051605765,2.1041253,-0.18995817,5.1910715,35.099998,12.755967,19.845715,-0.4387157,-0.43936548,5.2683334,0.0,69.23243,15.047137,0.0,7.6116667,5.7448125,12.755967
42,United States,1977,-0.47049105,6.5016842,0.06627164,2.2161725,0.40522844,5.1556172,34.799999,12.404997,19.656687,-0.49958125,-0.28057617,5.6408334,0.0,68.475105,14.92401,0.0,7.4191666,6.5016842,12.404997
42,United States,1978,-0.26074576,7.6309638,0.089586735,2.5083239,-0.086339705,4.9430871,34.099998,8.2713594,19.507833,-0.3231985,-0.026527675,8.2216663,0.0,81.370934,18.257627,0.0,8.4099998,7.6309638,8.2713594
42,United States,1979,-0.19222003,11.254471,0.089183353,3.6425788,1.6365848,4.9519916,32.299999,7.8159165,19.18401,-0.34826776,0.27669445,11.225,0.0,86.351082,18.025246,0.0,9.4425001,11.254471,7.8159165
42,United States,1980,0.0711779,13.502,0.056525629,5.1019387,0.25928134,5.1535373,32.5,8.0366116,20.681746,-0.33848098,1.0833787,13.066667,0.0,102.05772,20.960777,0.0,11.46,13.502,8.0366116
42,United States,1981,0.080234051,10.378,0.051106147,4.1374006,-0.069670916,5.6465411,31.700001,9.0396118,21.148491,-0.32404718,1.0978349,15.910833,0.0,101.66919,22.614044,0.0,13.910833,10.378,9.0396118
42,United States,1982,0.41643173,6.158,0.0011184795,1.9619666,-0.40734217,6.8140569,34.299999,9.0408878,22.302334,-0.21342449,1.9240383,12.270833,0.0,124.11795,26.966209,0.0,13.001667,6.158,9.0408878
42,United States,1983,0.12104592,3.1600001,0.015907109,0.79863584,-0.43040839,6.3211441,38.700001,12.194856,22.244236,-0.21420193,0.94086969,9.0666666,0.0,103.87984,21.047022,0.0,11.105,3.1600001,12.194856
42,United States,1984,-0.1522444,4.368,0.056609329,1.3564079,-0.44423351,6.2364163,39.599998,8.0073328,21.096746,-0.22196473,0.13091138,10.365,0.0,88.389366,15.375373,0.0,12.438334,4.368,8.0073328
42,United States,1985,-0.12395385,3.5280001,0.067964479,0.13428542,-0.40935475,6.4532194,42.599998,8.8923769,21.810291,-0.21898125,0.22534178,8.0474997,0.0,92.283493,15.588475,0.0,10.623333,3.5280001,8.8923769
42,United States,1986,-0.1419144,1.944,0.072525531,0.11826645,-0.45891058,6.6265225,46.799999,8.1462069,21.625803,-0.21185383,0.26986611,6.5183334,0.0,91.707932,17.516781,0.0,7.6824999,1.944,8.1462069
42,United States,1987,-0.2905533,3.5780001,0.076523788,0.87835068,-0.39874637,6.4202743,49.200001,6.5135322,20.679146,-0.38944978,0.13224639,6.8608332,0.0,85.342255,13.835546,0.0,8.3841667,3.5780001,6.5135322
42,United States,1988,-0.48120481,4.0999999,0.087769374,1.6525371,-0.24678172,6.0712776,50.599998,5.3764086,20.327101,-0.42348647,-0.49902362,7.7275,0.0,72.833328,10.511642,0.0,8.8458338,4.0999999,5.3764086
42,United States,1989,-0.37181354,4.7909999,0.092930868,1.6698297,-0.13236429,5.8712058,51.599998,4.1811075,20.273451,-0.36428872,-0.25313571,9.085,0.0,81.248924,11.432904,0.0,8.498333,4.7909999,4.1811075
42,United States,1990,-0.040751077,5.4190001,0.079913773,1.7362243,-0.023571862,5.6051755,54.400002,5.4808717,21.012289,-0.37269124,0.89882112,8.1475,0.0,100.47716,18.856363,0.0,8.5500002,5.4190001,5.4808717
42,United States,1991,0.1716488,4.2160001,0.044287324,1.3677216,-0.22109163,4.8834295,59.099998,3.6791356,21.503706,-0.037393507,0.96778274,5.835,0.0,115.19403,18.97114,0.0,7.8583331,4.2160001,3.6791356
42,United States,1992,-0.4073965,3.0420001,0.043040704,1.1873248,-0.45575598,4.9704666,62.400002,1.8381197,21.188032,-0.53586918,0.053775407,3.6816666,0.0,75.940979,12.46127,0.0,7.0100002,3.0420001,1.8381197
42,United States,1993,-0.24625497,2.97,0.036076687,0.93003047,-0.54536664,4.6043501,64.199997,1.0087309,20.549301,-0.4507542,0.38153163,3.1741667,0.0,86.624359,13.155486,0.0,5.8733335,2.97,1.0087309
42,United States,1994,-0.19781992,2.596,0.043267455,1.5828402,-0.46173054,4.2152648,64.699997,1.2854075,20.059072,-0.46652648,0.60704613,4.6291666,0.0,88.633369,13.478605,0.0,7.0799999,2.596,1.2854075
42,United States,1995,-0.51652426,2.8050001,0.035967968,2.6177521,-0.54139388,3.8602457,65.099998,2.0286844,19.840206,-0.46628028,-0.42539617,5.9166665,0.0,75.088799,10.466092,0.0,6.5799999,2.8050001,2.0286844
42,United States,1996,-0.71598983,2.937,0.040719941,2.4827702,-0.49950239,3.5549822,65.199997,4.941431,19.329374,-0.5398674,-0.89039701,5.3899999,0.0,61.413044,8.37078,0.0,6.4383335,2.937,4.941431
42,United States,1997,-0.89493304,2.3380001,0.052877072,2.8488898,-0.46508354,3.4055622,63.5,5.2829566,18.666351,-0.66167498,-1.1965721,5.6158333,0.0,39.673115,7.0488429,0.0,6.3525,2.3380001,5.2829566
42,United States,1998,-0.73844635,1.5470001,0.062229801,1.8661146,-0.38843778,3.2015586,61.299999,7.1514554,18.233381,-0.62911195,-0.72022915,5.4666667,0.0,51.792046,9.7563639,0.0,5.2641668,1.5470001,7.1514554
42,United States,1999,-0.63981324,2.1930001,0.074487291,1.9674412,-0.42075437,3.0856767,59.099998,7.3967304,17.670094,-0.50440264,-0.71120834,5.3299999,0.0,58.142807,11.066974,0.0,5.6366668,2.1930001,7.3967304
42,United States,2000,-0.88869077,3.3670001,0.079577327,3.363874,-0.26655778,3.1122422,55.599998,6.0510354,17.451468,-0.63528532,-1.217582,6.4558334,0.0,45.607391,7.4809799,0.0,6.0291667,3.3670001,6.0510354
42,United States,2001,0.29853845,2.8169999,0.056997325,0.82940745,-0.11729638,3.1238098,54.799999,8.6233768,17.604078,0.63102281,-0.3574402,3.6866667,0.0,111.46019,14.314969,0.10666254,5.0174999,2.8169999,8.6233768
42,United States,2002,0.25227204,1.596,0.043456603,-0.2559537,-0.4431302,3.447618,57.200001,7.4484167,18.399446,0.38678655,0.1346906,1.7258333,0.0,111.12048,15.067759,0.0,4.6108332,1.596,7.4484167
42,United States,2003,0.62463772,2.2980001,0.03973097,-0.32520992,-0.46026185,3.8271611,59.900002,6.9636836,18.853045,0.61868167,0.96599638,1.1508334,0.0,135.32417,20.519672,0.0,4.0149999,2.2980001,6.9636836
42,United States,2004,0.19504191,2.668,0.046477988,1.0796351,-0.45213538,4.0163126,61.200001,4.7613077,18.767319,0.37729791,-0.028928259,1.5633334,0.0,110.70305,14.500482,0.0,4.2741666,2.668,4.7613077
42,United States,2005,-0.23639262,3.3659999,0.047828041,1.8485847,-0.40745172,4.089232,61.599998,4.267055,18.95789,-0.038122039,-0.59290695,3.5116668,0.0,83.537979,11.351854,0.0,4.29,3.3659999,4.267055
42,United States,2006,-0.19908403,3.2219999,0.045674168,2.7566383,-0.46278164,4.0413423,62.0,5.2296753,19.217768,-0.13277923,-0.23487356,5.1533332,0.0,86.026413,13.859096,0.0,4.7916665,3.2219999,5.2296753
42,United States,2007,-0.21904631,2.8710001,0.036054332,3.3597939,-0.39090669,4.0733504,62.599998,6.1132951,18.852068,-0.16810434,-0.1988631,5.2683334,0.0,84.868973,10.878727,0.0,4.6291666,2.8710001,6.1132951
42,United States,2008,-0.40662122,3.8150001,0.0078076832,4.7760553,-0.27438945,4.4465957,67.699997,6.7598042,20.193394,-0.23705475,-0.66452396,2.9649999,0.0,71.192848,10.165441,0.0,3.6666667,3.8150001,6.7598042
42,United States,2009,-0.40748501,-0.31999999,-0.046957914,-0.7775805,-0.53334683,4.8757682,82.300003,8.0349321,24.296537,-0.29422879,-0.56068754,0.55583334,0.0,69.581642,10.845096,0.0,3.2566667,-0.31999999,8.0349321
42,United States,2010,-0.34250498,1.637,-0.048694097,2.2308862,-0.49645925,4.9040232,91.199997,2.5071464,22.972151,-0.31908211,-0.24349588,0.31166667,0.0,73.838913,12.426334,0.0,3.2141666,1.637,2.5071464
42,United States,2011,-0.31939468,3.1400001,-0.060937986,4.3954573,-0.34189531,4.8224421,95.800003,7.2970877,23.096956,-0.19014436,-0.43007916,0.30333334,0.0,75.721146,12.632147,0.0,2.7858334,3.1400001,7.2970877
42,United States,2012,-0.4631483,2.073,-0.066105738,3.7721326,-0.43896165,4.46171,100.0,8.5846491,21.760496,-0.36414003,-0.50061488,0.2825,0.0,69.216782,12.555467,0.0,1.8025,2.073,8.5846491
42,United States,2013,-0.44703653,1.466,-0.072503857,2.5619121,-0.48025993,4.0237055,100.7,6.7371345,20.510633,-0.33199617,-0.4927896,0.16666667,0.0,70.025406,11.977272,0.0,2.3508334,1.466,6.7371345
42,United States,2014,-0.28743574,1.615,-0.075302929,2.052794,-0.38323462,3.6789181,102.6,6.1742854,19.977062,-0.32153741,0.014587044,0.12416667,0.0,80.853844,16.419767,0.0,2.5408332,1.615,6.1742854
42,United States,2015,-0.10575169,0.121,-0.073988929,-0.64722002,-0.36160246,3.464493,100.1,5.7651792,20.258661,-0.09456376,0.12411312,0.22666667,0.0,94.918381,17.803347,0.0,2.1358333,0.121,5.7651792
42,United States,2016,-0.23157293,1.267,-0.083524533,-2.3691311,-0.45862302,3.4026024,105.2,6.7812371,20.607603,-0.12184207,-0.2684004,0.64416665,0.0,84.358536,16.919283,0.0,1.8416667,1.267,6.7812371
42,United States,2017,-0.1073047,2.131,-0.085858107,-2.1899369,-0.29490149,3.2977235,104.6,5.6938481,20.439989,-0.23380782,0.43192503,1.1525,0.0,86.290787,19.76405,0.0,2.3299999,2.131,5.6938481
42,United States,2018,-0.40265545,2.4389999,-0.082145996,-2.3686404,-0.18171738,3.3040006,105.4,3.8555057,20.017557,-0.45071918,-0.040538497,2.1883333,0.0,67.708572,16.668825,0.0,2.9100001,2.4389999,3.8555057
42,United States,2019,-0.36841172,1.813,-0.081417568,-4.0602403,-0.19516528,3.409214,106.8,5.1004052,20.806808,-0.48342538,0.1365549,2.2075,0.0,69.926216,17.826315,0.0,2.1441667,1.813,5.1004052
42,United States,2020,-0.48809588,1.253,-0.12697394,-7.7487354,0.39751142,3.6451876,128.10001,19.148071,31.351057,-0.57244384,-0.082889512,0.53363639,0.0,66.154915,13.692755,0.0,0.89416665,1.253,19.148071
42,United States,2021,-0.52848577,4.6789999,-0.089336194,-6.1311269,1.9950008,3.40452,118.401,16.857,29.790056,-0.53787267,-0.21356209,0.11416667,0.0,58.633369,12.822186,0.0,1.4425,4.6789999,16.857
42,United States,2022,0.3685984,7.993,-0.089831233,-4.9754162,2.6906972,3.3094771,112.818,-0.84299999,23.401056,0.026190851,1.8576865,2.2275,0.0,112.93623,40.83112,0.15645346,2.9516666,7.993,-0.84299999
42,United States,2023,0.11307473,4.1279998,-0.089203924,-7.4966011,1.1441685,3.3044417,114.756,1.776,23.685057,0.025583405,0.82677436,5.1774998,0.0,99.392548,31.214001,0.11696759,3.9575,4.1279998,1.776
43,Venezuela,1900,-0.37828451,16.304348,0.59797716,,-0.61163735,,,,,-0.010110359,-0.58326626,,,72.415619,21.731688,0.0,,16.304348,
43,Venezuela,1901,2.5530195,-1.8691589,0.49240321,,-0.55628103,,,,,4.907589,1.1378114,,0.0,43.076683,11.843002,2.7377176,,-1.8691589,
43,Venezuela,1902,5.1411667,-8.5714283,0.49033782,,-0.48620626,,,,,6.2951884,3.9764571,,0.0,43.4799,10.61217,3.4759214,,-8.5714283,
43,Venezuela,1903,3.5912714,-3.125,0.4823361,,-0.25440937,,,,,1.536501,4.1082258,,0.0,49.491287,13.075809,0.0,,-3.125,
43,Venezuela,1904,-0.36127892,4.3010755,0.36733931,,-0.64314276,,,,,-0.2605212,-0.35159087,,0.0,76.692307,24.626747,0.0,,4.3010755,
43,Venezuela,1905,0.63673812,3.0927835,0.27778423,,-0.64007634,,,,,0.41309533,0.70924407,,0.0,54.05724,16.001925,0.0,,3.0927835,
43,Venezuela,1906,-0.2154066,17.0,0.13229837,,-0.66972286,,,,,0.027376069,-0.24179031,,0.0,40.733101,9.2455206,0.0,,17.0,
43,Venezuela,1907,-0.50350952,-3.4188035,0.053962775,,-0.60073555,,,,,-0.16792852,-0.6245535,,0.0,34.413788,7.2976642,0.0,,-3.4188035,
43,Venezuela,1908,0.63592416,-7.964602,0.045136988,,-0.64597315,,,,,0.67380148,0.51159537,,0.0,32.829559,7.6690226,0.0,,-7.964602,
43,Venezuela,1909,-0.40430236,3.8461537,0.0047385562,,-0.69617081,,,,,-0.45011556,-0.38579243,,3.8461552,30.923229,6.9105425,0.0,,3.8461537,
43,Venezuela,1910,-0.79700327,12.037037,-0.039348871,,-0.69617081,,,,,-0.68162566,-0.7248705,,-2.4074056,30.885345,6.0774064,0.0,,12.037037,
43,Venezuela,1911,-0.49190557,9.9173555,-0.047857039,,-0.6023764,,,,,-0.3466951,-0.51555359,,0.94876689,52.696037,13.316553,0.0,,9.9173555,
43,Venezuela,1912,-0.75785196,5.2631578,-0.087515011,,-0.62377822,,,,,-0.73429096,-0.68210858,,0.56390738,53.76284,13.10962,0.0,,5.2631578,
43,Venezuela,1913,0.20257415,-12.857142,-0.013622273,,-0.69617081,,,,,0.62599516,-0.11363538,,-1.4953251,49.213394,11.553334,0.0,,-12.857142,
43,Venezuela,1914,-0.21370575,0.81967211,-0.22182134,,-0.6725834,,33.681427,,,0.32027188,-0.51421589,,1.707779,199.27412,68.016251,0.0,,0.81967211,
43,Venezuela,1915,-0.62835526,6.504065,-0.26091337,,-0.57623529,,30.578661,,,-0.27842107,-0.75763708,,-1.8656722,269.59604,89.38578,0.0,,6.504065,
43,Venezuela,1916,-0.53808928,9.9236641,-0.38454574,,-0.5968647,,29.466417,,,-0.1988242,-0.6149587,,-2.2813721,260.30356,77.031975,0.0,,9.9236641,
43,Venezuela,1917,-0.2425205,15.277778,-0.29584959,,-0.53835845,,27.861113,,,0.29959771,-0.39396077,,-0.38910124,296.97101,91.208588,0.0,,15.277778,
43,Venezuela,1918,-0.89863235,3.0120482,-0.36746463,,-0.64102691,,16.373943,,,-0.79586428,-0.78882951,,-13.671879,331.62021,104.95396,0.0,,3.0120482,
43,Venezuela,1919,-0.7724722,16.959064,-0.49963483,,-0.56510943,,12.205497,,,-0.56732845,-0.70943218,,14.705888,166.6438,50.361988,0.0,,16.959064,
43,Venezuela,1920,-0.83559227,17.0,-0.38072804,,-0.47845018,,11.325,,8.5833302,-0.64421469,-0.82708859,,8.4812622,102.06319,26.746178,0.0,,17.0,
43,Venezuela,1921,-0.8210333,-14.187557,-0.44526666,,-0.6231131,,12.4198,,7.8717198,-0.80894125,-0.72257447,,9.454545,72.843681,19.29405,0.0,,,
43,Venezuela,1922,-0.95942503,-9.7142859,-0.46518517,,-0.56525016,,11.9193,,7.0866098,-0.94210774,-0.82708859,,-11.295682,64.923538,14.995124,0.0,,-9.7142859,
43,Venezuela,1923,-0.8815639,0.63291138,-0.37967518,,-0.61149937,,9.9209805,,7.6382799,-0.81723887,-0.79442132,,-0.37452814,58.87146,15.772941,0.0,,0.63291138,
43,Venezuela,1924,-0.84349614,4.4025159,-0.25753257,,-0.65917492,,7.8491402,,8.5885,-0.77478009,-0.76872188,,1.1278148,49.706013,11.558342,0.0,,4.4025159,
43,Venezuela,1925,-0.89061826,4.2168674,-0.061138995,,-0.59756738,,5.8647499,,9.7546396,-0.83175969,-0.79822016,,-2.9739738,45.767529,11.631164,0.0,,4.2168674,
43,Venezuela,1926,-0.83051276,2.8901734,0.061853427,,-0.59196424,,4.3957601,,8.6182003,-0.89042234,-0.69187307,,0.95785469,37.680462,9.508852,0.0,,2.8901734,
43,Venezuela,1927,-0.70426941,-4.4943819,0.06504558,,-0.61214107,,4.2150002,,7.7849998,-0.61159772,-0.67886186,,-0.56926399,45.88192,11.853894,0.0,,-4.4943819,
43,Venezuela,1928,-0.73492223,-1.1764706,0.1403985,,-0.6108281,,3.63379,,11.5526,-0.58206391,-0.68580061,,-0.57251668,37.190571,9.0059061,0.0,,-1.1764706,
43,Venezuela,1929,-0.43791202,-3.5714285,0.19111378,,-0.61536223,,2.5868299,,10.5309,-0.0908022,-0.56921118,,0.0,40.538773,10.651196,0.0,,-3.5714285,
43,Venezuela,1930,-0.80852365,-7.4074073,0.14325209,,-0.62735796,,2.05457,,10.4695,-0.62447435,-0.73212069,,3.8387728,42.976971,10.795774,0.0,,-7.4074073,
43,Venezuela,1931,-0.79537481,-3.3333333,-0.084909052,,-0.64686638,,1.434,,9.0385704,-0.67901409,-0.73531711,,13.308681,44.57341,11.326079,0.0,,-3.3333333,
43,Venezuela,1932,-0.8436293,-7.5862069,-0.10388765,,-0.62655008,,1.23607,,8.2016201,-0.7564016,-0.75421399,,9.2985373,59.718971,16.198606,0.0,,-7.5862069,
43,Venezuela,1933,-0.88439995,-8.955224,-0.17612939,,-0.55520803,,1.31383,,8.8296003,-0.85186726,-0.75626451,,-19.706533,52.87656,13.820239,0.0,,-8.955224,
43,Venezuela,1934,-0.85294306,-13.114754,-0.16750185,,-0.61203229,,1.20977,,9.9278603,-0.94210774,-0.69306242,,-19.706533,52.097977,12.008278,0.0,,-13.114754,
43,Venezuela,1935,-0.61318666,-2.8301888,-0.11527253,,-0.62761569,,1.03448,,11.8205,-0.63524479,-0.46009785,,10.734463,82.748703,24.647017,0.0,,-2.8301888,
43,Venezuela,1936,-0.691809,5.8252425,-0.12661937,,-0.59479982,,0.15291899,,13.2206,-0.72751468,-0.53515929,,0.25510386,91.402847,28.291103,0.0,,5.8252425,
43,Venezuela,1937,-0.75515193,0.0,-0.072342858,,-0.57259524,,0.133167,,13.0295,-0.8527621,-0.61672306,,-13.994915,87.478371,28.392859,0.0,,0.0,
43,Venezuela,1938,-0.44243598,-6.4220185,-0.074749842,,-0.56352776,,0.114811,,11.9786,-0.6072728,-0.30150616,,-5.6213017,102.05727,35.232834,0.0,,-6.4220185,
43,Venezuela,1939,-0.31746054,-0.98039216,-0.072205059,,-0.39723769,,0.11325,,13.6429,-0.052956983,-0.31289119,,78.861542,191.01532,69.670227,0.0,,-0.98039216,
43,Venezuela,1940,0.028195385,-0.99009901,-0.16613129,,-0.48040175,,0.111152,,14.1719,0.99375135,-0.43574455,,0.0,200.07191,75.876625,0.0,,-0.99009901,
43,Venezuela,1941,-0.016694454,6.0,-0.21324469,,0.046171866,,0.03647,,12.593,0.75877208,-0.40683752,,0.0,241.92404,82.236038,0.0,,6.0,
43,Venezuela,1942,0.17080007,5.6603775,-0.35903853,,0.50806719,,0.038941,,12.4649,1.3079981,-0.4101238,,0.0,306.14059,90.416428,0.0,,5.6603775,
43,Venezuela,1943,-0.64548874,6.25,-0.34851152,,0.32189178,,0.29191899,,10.833,-0.40267378,-0.65774131,,0.0,344.39383,103.28583,0.0,,6.25,
43,Venezuela,1944,-0.65061933,7.563025,-0.17275892,,-0.0089053549,,0.69735003,,9.9330502,-0.32305333,-0.69752663,,5.0156684,376.73724,115.92468,0.0,,7.563025,
43,Venezuela,1945,-0.23657565,8.59375,-0.064515702,,-0.078781769,,0.56642902,,11.2204,0.25712821,-0.48197979,,0.0,240.73561,75.99614,0.0,,8.59375,
43,Venezuela,1946,-0.47721723,10.791367,0.044638097,,-0.25360119,,0.53109503,,12.9279,-0.30937895,-0.44085228,,0.0,122.23141,36.9538,0.0,,10.791367,
43,Venezuela,1947,-0.42267534,10.38961,0.18179493,,0.26446268,,0.37050301,,12.7322,-0.52892083,-0.31363767,,0.0,99.266258,26.309433,0.0,,10.38961,
43,Venezuela,1948,-0.34648412,7.0588236,0.29214785,,0.27367613,,0.20856,,12.8663,-0.33197179,-0.3216275,,11.940299,114.34803,32.279514,0.0,,7.0588236,
43,Venezuela,1949,-0.49880081,-2.7472527,0.23671336,1.2114758,-0.21746548,1.9068267,0.19734,11.819386,16.917299,-0.60486567,-0.39855844,,-10.666667,83.723862,22.975655,0.0,,-2.7472527,11.819386
43,Venezuela,1950,-0.58580095,-1.1299435,0.15782927,-1.5921725,-0.32551447,1.9313182,0.1225,3.3848054,15.9992,-0.65827835,-0.50532407,,12.059703,142.74683,42.887508,0.0,,-1.1299435,3.3848054
43,Venezuela,1951,-0.13227828,6.2857141,0.14543326,1.3144158,0.16135992,1.7236419,0.113077,6.203331,16.586901,-0.31119859,-0.090694599,,-11.001595,154.43521,48.702538,0.0,,6.2857141,6.203331
43,Venezuela,1952,-0.7764864,-1.0752689,0.13895558,2.0629508,-0.33818927,1.6701047,0.050000001,18.009727,18.84,-0.55092674,-0.80150414,,-1.1972485,105.07939,31.560926,0.0,,-1.0752689,18.009727
43,Venezuela,1953,-0.73615843,0.54347825,0.11520618,-0.10030925,-0.46020734,1.497681,0.32666701,12.603128,15.3033,-0.79562813,-0.59716308,,-2.9385047,101.92927,31.845465,0.0,,0.54347825,12.603128
43,Venezuela,1954,-0.29102805,0.0,0.13565226,2.9297073,-0.55626905,1.994292,0.186248,8.3842058,14.7894,-0.59037948,-0.14353691,,14.481899,91.05645,27.975775,0.0,,0.0,8.3842058
43,Venezuela,1955,-0.71019566,1.081081,0.14159802,1.2743,-0.43714866,2.5765705,0.149229,15.771684,15.2161,-0.69229609,-0.64409769,,-12.022903,89.117783,26.274225,0.0,,1.081081,15.771684
43,Venezuela,1956,-0.45960203,0.0,0.18483129,2.4045651,0.37058711,2.7549019,0.111765,19.299393,15.2455,-0.60544187,-0.3237969,,0.43384281,101.25542,34.263618,0.0,,0.0,19.299393
43,Venezuela,1957,-0.77687448,0.53475934,0.24562296,5.3531489,-0.088210732,3.2164724,0.078419998,40.021748,16.332899,-0.6981383,-0.6739074,,3.3734438,99.325577,31.561159,0.0,,0.53475934,40.021748
43,Venezuela,1958,0.16363683,1.5957447,0.14281544,0.35427383,-0.37474537,3.4331272,1.9606301,14.116504,24.3888,0.1283558,0.10640084,,-0.0099516511,115.22129,32.04303,0.0,,1.5957447,14.116504
43,Venezuela,1959,0.22145253,1.0471205,0.1155149,-0.23300196,-0.35822937,2.9582095,2.66904,0.49345404,25.458099,0.88407433,-0.13700183,,-0.0099456916,82.10849,22.167879,0.0,,1.0471205,0.49345404
43,Venezuela,1960,1.099129,0.0,0.056975611,-2.0439284,-0.41699493,3.0580444,8.2846203,-8.6931934,23.6731,0.37844485,1.1717213,,-0.0024884078,86.417786,23.198662,0.0,,0.0,-8.6931934
43,Venezuela,1961,0.74082714,4.6632123,-0.012460539,-1.9029762,-0.4475604,1.4222223,8.7851801,1.178,11.8037,0.14202566,0.87464964,,0.0074654096,126.08382,34.350727,0.0,,4.6632123,1.178
43,Venezuela,1962,1.5465308,-1.4851485,-0.019857021,-0.915694,-0.44455549,2.3129022,7.2399998,1.558,17.5667,0.7324329,1.7513314,,-0.0049765683,124.72618,32.80093,0.0,,-1.4851485,1.558
43,Venezuela,1963,2.9229186,0.50251257,-0.047857821,-3.2080851,-0.47748008,2.5535882,6.2968798,16.246,18.696899,3.9759779,1.7461785,,0.0,117.54991,29.81274,0.0,,0.50251257,16.246
43,Venezuela,1964,1.1307304,10.5,0.033885747,-2.2131484,-0.30594447,2.4466891,4.9499998,16.237,17.9,0.49449039,1.1695205,,29.863668,90.5354,25.094206,0.0,,10.5,16.237
43,Venezuela,1965,0.047894735,1.712272,0.034928732,-2.092886,-0.5395487,2.6364355,5.46316,8.1499996,18.7316,0.62585551,-0.30501708,,1.1494234,99.786484,27.779631,0.0,,1.712272,8.1499996
43,Venezuela,1966,-0.079247229,1.769321,-0.00017606118,-5.450295,-0.5948205,2.6568825,5.835,-0.033,19.145,0.1165734,-0.20391864,,0.0,90.635468,26.324978,0.0,,1.769321,-0.033
43,Venezuela,1967,0.37562287,0.0,0.013283397,-5.5773754,-0.1469059,2.8585155,6.7404799,13.546,19.819,0.77677739,0.001273216,,0.0,112.60692,34.300335,0.0,,0.0,13.546
43,Venezuela,1968,-0.5741533,1.3081512,0.034982894,-5.3751316,-0.40716341,2.6773763,7.83778,9.5310001,19.817801,-0.29333889,-0.68160903,,0.0,104.20105,27.210274,0.0,,1.3081512,9.5310001
43,Venezuela,1969,-0.23630939,2.4408717,0.019539932,-5.7945604,-0.59450227,2.4989228,9.9065199,10.868,20.9935,0.11076711,-0.34805313,,0.0,95.787491,25.978876,0.0,,2.4408717,10.868
43,Venezuela,1970,-0.5213902,2.4884412,0.048027791,-8.0396643,0.0075251441,2.2940164,10.5615,7.75,19.4846,-0.20907123,-0.56340259,,0.0,102.82236,28.464329,0.0,,2.4884412,7.75
43,Venezuela,1971,-0.63464946,3.2215223,0.045012746,-5.8354368,-0.37604296,2.6994078,9.6350899,16.728001,19.635099,-0.69795692,-0.54604763,,0.0,87.422432,23.990097,0.0,,3.2215223,16.728001
43,Venezuela,1972,-0.65052295,2.8288579,0.040230356,-6.7298837,-0.13858788,2.8292682,10.641,19.691999,21.303301,-0.54578918,-0.6456452,,-2.2727234,87.485275,23.41876,0.0,,2.8288579,19.691999
43,Venezuela,1973,-0.49769986,4.1339951,0.07251472,-2.1430056,2.1018414,2.4709897,9.7753401,19.677999,20.0123,-0.38674295,-0.51229256,,0.0,76.668312,23.602329,0.0,,4.1339951,19.677999
43,Venezuela,1974,0.18904297,8.27001,0.10224163,11.5432,2.3084846,2.307761,7.7241101,35.622002,35.265202,-0.29746297,0.3534421,,0.0,70.567474,19.816004,0.0,,8.27001,35.622002
43,Venezuela,1975,0.30998513,10.277303,0.13095221,7.9467349,0.061222628,2.5910246,8.3059301,53.289001,33.776299,0.32635331,0.22990076,,0.0,79.141571,24.59499,0.0,,10.277303,53.289001
43,Venezuela,1976,0.026589431,7.5878634,0.18968856,8.7145967,-0.19660753,1.8874907,9.6402607,23.327999,26.5874,0.2206195,-0.024042353,,0.0,69.23243,20.229368,0.0,,7.5878634,23.327999
43,Venezuela,1977,-0.042684235,7.7848048,0.21729824,12.296783,0.025676263,2.0679469,12.671062,25.635,30.6359,-0.13199072,0.067756012,,0.0,68.475105,20.13183,0.0,,7.7848048,25.635
43,Venezuela,1978,0.36657003,7.017539,0.20288835,11.5313,-0.072684325,2.1057613,16.566912,15.339,29.171,0.22243102,0.41803589,,0.0,81.370934,24.496895,0.0,,7.017539,15.339
43,Venezuela,1979,0.48061654,12.471131,0.17875367,8.5101414,2.286134,1.9158564,19.230984,7.4949999,22.279301,1.0178858,0.1745805,,0.0,86.351082,24.603359,0.0,,12.471131,7.4949999
43,Venezuela,1980,0.40358785,21.355,0.1190439,7.5733113,0.33563769,1.6955154,16.635092,17.299999,21.9685,0.58187586,0.26025724,,0.0,102.05772,28.890114,0.0,,21.355,17.299999
43,Venezuela,1981,0.42633647,16.243999,0.08184018,5.6248059,-0.090248674,1.5216857,18.893644,13.449,29.649099,0.12279169,0.55375475,,0.0,101.66919,30.587435,0.0,,16.243999,13.449
43,Venezuela,1982,1.151312,9.6070004,0.028238801,3.2876298,-0.37411803,2.2487726,18.593464,8.5459995,29.0378,1.0427741,1.3224487,,0.0,124.11795,36.586361,0.0,,9.6070004,8.5459995
43,Venezuela,1983,1.1856427,6.2420001,-0.078843869,-14.05122,-0.19401513,2.9707401,21.392069,23.601,25.310301,0.98272532,1.1442981,,0.0,103.87984,29.15678,0.0,,6.2420001,23.601
43,Venezuela,1984,0.6940344,12.25,-0.13573866,-7.1437416,-0.42366689,2.2920518,36.396133,18.256001,19.6667,0.90884262,0.51227683,12.28917,63.186043,88.389366,22.137253,0.0,,12.25,18.256001
43,Venezuela,1985,-0.052287865,11.382,-0.16092442,-10.312934,-0.46249059,1.369619,34.1026,9.6590004,20.344101,-0.33108729,0.040672276,10.51667,6.8832793,92.283493,22.56534,0.0,,11.382,9.6590004
43,Venezuela,1986,-0.44929042,11.544,-0.14521348,-10.751805,-0.34940419,1.6499705,45.867088,12.925,21.472401,-0.34967422,-0.47283006,8.9258327,7.7733335,91.707932,24.439581,0.0,,11.544,12.925
43,Venezuela,1987,-0.45583764,28.136999,-0.095031708,-7.4503455,-0.31191319,1.6336983,58.278133,18.58,25.1437,-0.44082484,-0.41180575,8.9425001,78.861542,85.342255,20.000566,0.0,,28.136999,18.58
43,Venezuela,1988,-0.52270758,29.468,-0.046696894,-3.3895578,-0.46308959,1.8161051,46.294136,20.379999,33.209743,-0.57844859,-0.44653729,8.9483328,0.0,72.833328,15.71023,0.0,,29.468,20.379999
43,Venezuela,1989,-0.33381125,84.462997,-0.13708946,3.6575518,-0.20971856,2.793597,61.831966,41.931,32.526089,-0.45400566,-0.23118475,28.91083,78.861542,81.248924,17.171761,0.0,,84.462997,41.931
43,Venezuela,1990,0.22575241,40.655998,-0.10447061,7.9269943,0.55148333,1.5180366,63.261967,64.879997,31.932823,-0.1791449,0.3284947,29.5,35.166603,100.47716,26.231436,0.0,,40.655998,64.879997
43,Venezuela,1991,-0.33988217,34.205002,-0.045241572,5.9267621,-0.29161251,1.8403352,62.191093,47.554001,33.8918,-0.5695135,-0.19891393,31.299999,21.182724,115.19403,27.483477,0.0,,34.205002,47.554001
43,Venezuela,1992,0.33647045,31.423,0.0072757988,3.6668568,-0.18262237,1.6434789,54.805706,17.742001,30.647228,0.1403283,0.44155329,34.759167,20.33964,75.940979,17.955132,0.0,,31.423,17.742001
43,Venezuela,1993,0.29970628,38.122002,-0.0048194029,2.5622756,-0.53452879,2.1452539,57.746983,25.548,27.666994,-0.2269329,0.53763211,34.759167,32.842957,86.624359,19.475019,0.0,,38.122002,25.548
43,Venezuela,1994,-0.080695249,60.817001,-0.05823702,1.5960244,-0.3953023,1.5907469,63.891449,68.890999,42.217087,-0.64012504,0.14351359,34.759167,64.352402,88.633369,20.081272,0.0,,60.817001,68.890999
43,Venezuela,1995,-0.66981649,59.923,-0.047477785,-2.5309007,-0.61942285,1.5490621,45.904408,36.561001,32.869495,-0.90112627,-0.48400816,25.1,17.086287,75.088799,15.498394,0.0,,59.923,36.561001
43,Venezuela,1996,-0.67915928,99.875999,-0.059529666,6.0725031,-0.53764743,1.0394834,45.904076,68.806999,27.729988,-0.7314173,-0.58456373,26.799999,78.861542,61.413044,12.386234,0.0,,99.875999,68.806999
43,Venezuela,1997,-0.82598817,50.040001,-0.0050968057,1.3162313,-0.56005806,1.7952851,34.848324,55.549,30.988821,-0.86185855,-0.68012917,14.5,17.181499,39.673115,10.165173,0.0,,50.040001,55.549
43,Venezuela,1998,-0.72213054,35.782001,-0.0089822663,-6.361712,-0.38688883,1.5885552,30.655001,7.3769999,28.790108,-0.67571694,-0.62797081,34.759167,12.173504,51.792046,13.661306,0.0,,35.782001,7.3769999
43,Venezuela,1999,-0.47229072,23.57,-0.076939091,-7.9253273,-0.30059129,1.437199,29.563999,21.674,26.104643,-0.45068511,-0.45129085,20.6,10.655451,58.142807,15.451524,0.0,16.371666,23.57,21.674
43,Venezuela,2000,-0.30296826,16.205999,-0.043841902,-2.1756179,0.14149043,1.5265701,27.700001,33.734001,28.293032,-0.3037169,-0.24694462,14.9,12.145963,45.607391,10.579658,0.0,16.371666,16.205999,33.734001
43,Venezuela,2001,-0.46682179,12.531,-0.012202592,-7.9315796,-0.033011481,1.555108,30.729,10.735,31.898718,-0.3496027,-0.4395715,14.7,6.4038978,111.46019,23.486748,0.0,16.371666,12.531,10.735
43,Venezuela,2002,0.24207091,22.434,-0.10744601,-1.5392131,0.48413476,1.1533736,48.176998,14.64,30.989838,0.13250116,0.23927161,28.799999,60.363098,111.12048,23.936378,0.0,16.371666,22.434,14.64
43,Venezuela,2003,0.57575798,31.091,-0.18873404,0.41647846,1.0257853,1.1826906,56.028999,62.404999,32.175426,1.0109464,0.34343693,17.200001,38.945782,135.32417,31.256628,0.0,16.371666,31.091,62.404999
43,Venezuela,2004,-0.072806716,21.747,-0.017214138,5.1584988,0.0046625338,1.2883018,41.783001,49.951,31.914448,0.033944905,-0.12724666,12.6,16.901751,110.70305,23.106897,0.0,15.56828,21.747,49.951
43,Venezuela,2005,0.010259578,15.955,0.079579942,9.8678427,-0.082533494,1.8317138,34.912998,47.439999,33.530262,0.29712871,-0.14054745,11.6,11.717504,83.537979,17.749104,0.0,12.9275,15.955,47.439999
43,Venezuela,2006,0.42093608,13.663,0.17954957,8.3535175,0.15393081,1.9784923,25.658001,72.736,39.266632,0.076714866,0.51546764,10.3,1.777864,86.026413,20.407833,0.0,7.8094444,13.663,72.736
43,Venezuela,2007,0.069112167,18.698999,0.262721,5.8305192,0.67737031,1.8889931,26.364,33.894001,35.949425,0.17130783,0.035974018,10.7,0.00013340608,84.868973,17.358912,0.0,9.5500002,18.698999,33.894001
43,Venezuela,2008,0.98477393,31.441,0.31346828,1.401844,1.4394594,1.7935529,20.311001,28.801001,34.879414,1.4190857,0.74096513,16.200001,0.0,71.192848,15.601897,0.0,14.47,31.441,28.801001
43,Venezuela,2009,0.78064662,26.041,0.28111982,-11.9675,-0.051330872,1.2310704,27.573999,23.332001,33.269497,0.36599517,0.73341775,16.200001,-0.0056363996,69.581642,16.296465,0.0,12.83875,26.041,23.332001
43,Venezuela,2010,0.014469602,28.187,0.27310514,-4.4155173,0.37510884,1.0134887,37.706001,23.546,31.098679,0.22929636,-0.097435758,14.8,78.861542,73.838913,18.281769,0.0,15.528334,28.187,23.546
43,Venezuela,2011,-0.47812402,26.09,0.32207182,-0.9812091,-0.30172598,1.1304053,52.476002,49.205002,39.360641,-0.18952383,-0.584768,14.6,1.2110482,75.721146,18.652119,0.0,16.371666,26.09,49.205002
43,Venezuela,2012,-0.026080281,21.069,0.38589945,-0.28457442,0.16029741,1.3414718,58.445,53.290001,38.00705,-0.13611655,-0.013781146,14.5,0.0002001025,69.216782,17.799181,0.0,16.371666,21.069,53.290001
43,Venezuela,2013,-0.43483385,40.639,0.40944988,3.5173891,1.4764407,1.6695517,85.399002,58.842999,36.450886,-0.19640376,-0.49694374,14.5,41.506321,70.025406,17.341881,0.0,15.264965,40.639,58.842999
43,Venezuela,2014,-0.14576194,62.168999,0.38105157,-2.7443213,1.9050709,1.1618168,84.897003,,31.606583,-0.34897017,-0.082261577,14.7,3.5340521,80.853844,22.571346,0.0,15.108189,62.168999,
43,Venezuela,2015,0.20202582,113.1312,0.32943445,,1.4716192,0.94137597,129.76199,,22.948378,-0.097411625,0.36282092,14.9,0.0,94.918381,24.849012,0.0,15.386638,,
43,Venezuela,2016,-0.2838597,115.61687,0.16667499,,2.3765368,0.45404601,138.40401,,19.685883,-0.58881539,-0.12465274,15.1,47.734695,84.358536,23.368961,0.0,14.804344,,
43,Venezuela,2017,0.9108299,116.43247,0.033099215,,3.6857481,2.2333322,133.61,,21.766199,0.21675113,1.2772828,14.8,7.4435635,86.290787,26.734705,0.0,12.946667,,
43,Venezuela,2018,0.81464714,121.72421,-0.10498381,,2.4707174,0.15085389,175.313,94.782738,37.860416,0.57691151,0.83818465,14.7,78.861542,67.708572,22.141619,0.0,,,83.488998
43,Venezuela,2019,4.4876328,120.53126,-0.36082911,,5.9863377,1.7923038,205.99001,91.978378,21.023975,0.48055607,5.6763873,23.299999,-19.706533,69.926216,23.12619,0.0,,,83.488998
43,Venezuela,2020,2.0596805,118.35469,-0.69155592,,1.8318202,1.5755227,336.54501,90.582657,11.12254,0.021322666,2.8566546,30.700001,78.861542,66.154915,18.611767,0.0,,,83.488998
43,Venezuela,2021,0.23944774,117.93703,-0.63691407,,0.63846231,0.31363073,254.242,89.803825,13.108702,-0.33494616,0.44364074,34.759167,-19.706533,58.633369,17.707397,0.0,,,83.488998
43,Venezuela,2022,1.7689273,114.98056,-0.50295222,,2.3185661,0.64988679,164.423,89.093575,15.11098,1.1427194,2.3242109,34.759167,,112.93623,50.148754,0.0,,,83.488998
43,Venezuela,2023,0.077071764,116.06656,-0.4162842,,1.8474001,0.50070453,138.461,88.713234,15.042423,-0.40780672,0.33774397,,,99.392548,39.388012,0.0,,,83.488998
44,Vietnam,1900,-0.50699109,,,,-0.58251321,,,,,-0.45641267,-0.5543496,,,72.415619,21.765738,0.0,,,
44,Vietnam,1901,-0.52340043,,,,-0.59752703,,,,,-0.48046941,-0.55915606,,,43.076683,12.169765,0.0,,,
44,Vietnam,1902,-0.52384067,,,,-0.59752703,,,,,-0.49127504,-0.55428004,,,43.4799,11.184305,0.0,,,
44,Vietnam,1903,-0.52368522,,,,-0.59752703,,,,,-0.48612422,-0.55942184,,,49.491287,13.501104,0.0,,,
44,Vietnam,1904,-0.49748927,,,,-0.5692724,,,,,-0.47427806,-0.5230307,,,76.692307,24.653564,0.0,,,
44,Vietnam,1905,-0.44356483,,,,-0.56763858,,,,,-0.41805205,-0.47575712,,,54.05724,16.073019,0.0,,,
44,Vietnam,1906,-0.5200482,,,,-0.59752703,,,,,-0.48569587,-0.55308664,,,40.733101,9.3071375,0.0,,,
44,Vietnam,1907,-0.52677929,,,,-0.59752703,,,,,-0.49127504,-0.55976385,,,34.413788,7.3382769,0.0,,,
44,Vietnam,1908,-0.50673461,,,,-0.59752703,,,,,-0.4812009,-0.52235907,,,32.829559,7.7988262,0.0,,,
44,Vietnam,1909,-0.52950686,,,,-0.59752703,,,,,-0.49127504,-0.56485361,,,30.923229,6.9630837,0.0,,,
44,Vietnam,1910,-0.52950686,,,,-0.59752703,,,,,-0.49127504,-0.56485361,,,30.885345,6.0927792,0.0,,,
44,Vietnam,1911,-0.52391297,,,,-0.58503306,,,,,-0.48137635,-0.56485361,,,52.696037,13.355597,0.0,,,
44,Vietnam,1912,-0.52364951,,,,-0.57181203,,,,,-0.48609263,-0.55938852,,,53.76284,13.123248,0.0,,,
44,Vietnam,1913,-0.52374202,,,,-0.5851177,,,,,-0.48617446,-0.55947483,,,49.213394,11.65795,0.0,,,
44,Vietnam,1914,-0.51827097,1.3888888,,,-0.59752703,,,,,-0.48133385,-0.55437016,,,199.27412,68.076378,0.0,,1.3888888,
44,Vietnam,1915,-0.52108914,2.7397261,,,-0.59752703,,,,,-0.47637948,-0.55961758,,,269.59604,89.409286,0.0,,2.7397261,
44,Vietnam,1916,-0.52093661,5.3333335,,,-0.58429885,,,,,-0.48116475,-0.55952269,,,260.30356,77.063881,0.0,,5.3333335,
44,Vietnam,1917,-0.52367395,1.2658228,,,-0.58351266,,,,,-0.48095343,-0.55941129,,,296.97101,91.271011,0.0,,1.2658228,
44,Vietnam,1918,-0.52023262,2.5,,,-0.58283603,,,,,-0.48580465,-0.55331606,,,331.62021,104.95108,0.0,,2.5,
44,Vietnam,1919,-0.52316892,2.4390244,,,-0.56959397,,,,,-0.48566744,-0.55894011,,,166.6438,50.373787,0.0,,2.4390244,
44,Vietnam,1920,-0.52635831,-3.5714285,,,-0.59752703,,,,,-0.49127504,-0.5589782,,,102.06319,26.754967,0.0,,-3.5714285,
44,Vietnam,1921,-0.51261699,13.580247,,,-0.59752703,,,,,-0.47633132,-0.5490948,,,72.843681,19.291431,0.0,,13.580247,
44,Vietnam,1922,-0.52689451,4.347826,,,-0.59752703,,,,,-0.49127504,-0.55997878,,,64.923538,14.992693,0.0,,4.347826,
44,Vietnam,1923,-0.52686727,-1.0416666,,,-0.56369078,,,,,-0.49127504,-0.559928,,,58.87146,15.777854,0.0,,-1.0416666,
44,Vietnam,1924,-0.52714878,1.0526316,,,-0.56795859,,,,,-0.49127504,-0.5604533,,,49.706013,11.56712,0.0,,1.0526316,
44,Vietnam,1925,-0.52484161,1.0416666,,,-0.57125789,,,,,-0.48714736,-0.55614793,,,45.767529,11.633334,0.0,,1.0416666,
44,Vietnam,1926,-0.5273217,-3.0927835,,,-0.57901913,,,,,-0.48740834,-0.56485361,,,37.680462,9.5190201,0.0,,-3.0927835,
44,Vietnam,1927,-0.52152216,6.3829789,,,-0.59752703,,,,,-0.48067811,-0.55367863,,,45.88192,11.870613,0.0,,6.3829789,
44,Vietnam,1928,-0.5257014,7.0,,,-0.59752703,,,,,-0.49127504,-0.55775237,,,37.190571,9.0236139,0.0,,7.0,
44,Vietnam,1929,-0.52761257,1.8691589,,,-0.58891571,,,,,-0.49127504,-0.56131876,,,40.538773,10.698792,0.0,,1.8691589,
44,Vietnam,1930,-0.50840449,8.2568808,,,-0.58836079,,,,,-0.47769627,-0.53621477,,,42.976971,10.790418,0.0,,8.2568808,
44,Vietnam,1931,-0.51838392,-2.5423729,,,-0.57125646,,,,,-0.47815332,-0.55447549,,,44.57341,11.331255,0.0,,-2.5423729,
44,Vietnam,1932,-0.50006485,-6.0869565,,,-0.57897925,,,,,-0.46001562,-0.54287726,,,59.718971,16.182167,0.0,,-6.0869565,
44,Vietnam,1933,-0.52569169,-11.111111,,,-0.59752703,,,,,-0.48789951,-0.56129396,,,52.87656,13.82379,0.0,,-11.111111,
44,Vietnam,1934,-0.52409208,-7.2916665,,,-0.59752703,,,,,-0.48808116,-0.55811739,,,52.097977,12.013317,0.0,,-7.2916665,
44,Vietnam,1935,-0.52209347,-2.247191,,,-0.58839506,,,,,-0.48799548,-0.55447817,,,82.748703,24.672888,0.0,,-2.247191,
44,Vietnam,1936,-0.52406335,-4.5977011,,,-0.58852488,,,,,-0.4880642,-0.55808169,,,91.402847,28.311365,0.0,,-4.5977011,
44,Vietnam,1937,-0.46906981,8.4337349,,,-0.53168303,,,,,-0.44782814,-0.46617141,,,87.478371,28.355947,0.0,,8.4337349,
44,Vietnam,1938,-0.44052625,16.27907,,,-0.57733405,,,,,-0.39465463,-0.48183167,,,102.05727,35.198956,0.0,,16.27907,
44,Vietnam,1939,-0.37716386,6.0,,,-0.53779751,,,,,-0.34773338,-0.39502257,,,191.01532,69.589211,0.0,,6.0,
44,Vietnam,1940,-0.034726325,28.301888,,,-0.31010965,,,,,-0.10616994,0.070345044,,,200.07191,75.509644,0.0,,28.301888,
44,Vietnam,1941,0.15163161,35.294117,,,0.025445396,,,,,0.056592006,0.31109044,,,241.92404,81.691376,0.0,,35.294117,
44,Vietnam,1942,-0.23817433,28.225807,,,-0.14216468,,,,,-0.03887384,-0.46130192,,,306.14059,90.252281,0.0,,28.225807,
44,Vietnam,1943,-0.38810995,33.333332,,,-0.31397456,,,,,-0.26124454,-0.50952893,,,344.39383,103.18395,0.0,,33.333332,
44,Vietnam,1944,-0.24423084,50.0,,,-0.49499339,,,,,-0.023515601,-0.48671129,,,376.73724,115.68842,0.0,,50.0,
44,Vietnam,1945,0.48957849,33.333332,,,-0.096936114,,,,,1.0249499,0.20622672,,,240.73561,75.116165,0.0,,33.333332,
44,Vietnam,1946,-0.38906816,115.38608,,,-0.23760387,,,,,-0.3729355,-0.3984611,,,122.23141,36.868744,0.0,,,
44,Vietnam,1947,-0.3744736,41.495777,,,-0.39778122,,,,,-0.30967048,-0.44668776,,,99.266258,26.215958,0.0,,41.495777,
44,Vietnam,1948,-0.48221591,47.826088,,,-0.52862602,,,,,-0.46084464,-0.49666187,,,114.34803,32.293518,0.0,,47.826088,
44,Vietnam,1949,-0.41544467,26.086956,,,-0.53376061,,,,,-0.41918987,-0.42042118,,,83.723862,22.913103,0.0,,26.086956,
44,Vietnam,1950,0.086473286,-2.0689669,-0.18751882,,-0.24411559,,,,,0.028955387,0.17781755,,,142.74683,42.349625,0.0,,-2.0689669,
44,Vietnam,1951,-0.045283884,19.014084,-0.14678998,,-0.16186579,,,,,-0.048324078,-0.017337494,,,154.43521,48.330193,0.0,,19.014084,
44,Vietnam,1952,0.0555312,11.83432,-0.10883603,,-0.046496969,,,,,0.024522455,0.094808057,,,105.07939,31.033789,0.0,,11.83432,
44,Vietnam,1953,0.41179883,16.402119,-0.071788736,,-0.26225498,,,,,0.31599811,0.52142793,,,101.92927,30.990593,0.0,,16.402119,
44,Vietnam,1954,1.3059022,5.0000019,-0.03396748,,-0.054427873,0.0,,,,0.82440299,1.7303711,,,91.05645,26.330956,0.0,,5.0000019,
44,Vietnam,1955,0.11685251,10.822511,-0.0013870861,15.826231,-0.26841858,,,,,0.013326786,0.23136343,,,89.117783,25.696295,0.0,,10.822511,
44,Vietnam,1956,-0.26517209,5.4687486,0.025400508,7.442822,-0.40467897,,,,,-0.3545472,-0.15506287,,,101.25542,34.06493,0.0,,5.4687486,
44,Vietnam,1957,-0.35003573,0.0,0.045838114,15.822597,-0.47213253,,,,,-0.42191789,-0.28384107,,,99.325577,31.411417,0.0,,0.0,
44,Vietnam,1958,-0.38727188,1.4814801,0.064140022,4.5911779,-0.5011915,,,,,-0.43788591,-0.34367013,,,115.22129,32.016956,0.0,,1.4814801,
44,Vietnam,1959,-0.242127,-5.4744525,0.077177465,8.6914444,-0.48101547,,,,,-0.19146858,-0.3167285,,,82.10849,22.012203,0.0,,-5.4744525,
44,Vietnam,1960,-0.26232165,4.6332078,0.089776754,13.632975,-0.44877541,,,,,-0.26898983,-0.26346964,,,86.417786,23.14485,0.0,,4.6332078,
44,Vietnam,1961,0.26634693,11.808114,0.10734212,6.6009431,-0.27145785,13.431279,,,,0.21656246,0.31766379,,,126.08382,33.771011,0.0,,11.808114,
44,Vietnam,1962,0.42319822,2.6402678,0.19474438,3.3771048,-0.2432079,14.067825,,,,0.48945743,0.30706716,,,124.72618,32.151501,0.0,,2.6402678,
44,Vietnam,1963,0.48911396,3.2154279,0.19088937,18.989473,-0.16056319,29.359201,,,,0.48244593,0.45414045,,,117.54991,29.232239,0.0,,3.2154279,
44,Vietnam,1964,1.5241247,3.4267986,0.20426278,9.1377411,0.2251208,34.510704,,,,1.1242093,1.8081453,,,90.5354,23.380869,1.0799665,,3.4267986,
44,Vietnam,1965,3.6166096,8.1325321,0.18113199,3.0486634,2.2583873,37.776993,,,,2.7469916,4.3157139,,,99.786484,24.016481,2.2248893,,8.1325321,
44,Vietnam,1966,3.9314194,30.083563,0.15642361,-7.6337051,6.0177045,19.062862,,,,2.947423,4.6761723,,,90.635468,22.256824,0.0,,30.083563,
44,Vietnam,1967,3.8976424,33.190578,-0.0098287947,-5.4655046,2.5211477,42.979176,,,,3.5391178,4.1457286,,,112.60692,30.306665,0.0,,33.190578,
44,Vietnam,1968,4.1862121,8.1993608,-0.060632914,-8.7133827,1.2231793,41.503872,,,,4.5703168,3.6102324,,,104.20105,22.85816,0.0,,8.1993608,
44,Vietnam,1969,2.9560528,19.316492,-0.011958976,-6.0442381,0.77481633,33.554306,,,,3.6834219,1.9776348,,,95.787491,22.80356,0.0,,19.316492,
44,Vietnam,1970,3.1584213,24.456903,-0.025399458,-14.313457,1.3046386,22.950668,,,15.21402,3.8342347,2.3086393,,,102.82236,25.073702,0.0,,24.456903,
44,Vietnam,1971,2.7260838,19.090698,-0.0096052382,-15.544503,0.93761927,11.06325,,,15.856944,3.1691227,2.2897365,,-0.090158999,87.422432,20.991095,0.0,,19.090698,
44,Vietnam,1972,3.3430803,33.417809,0.041076351,-14.087732,0.99006689,11.553663,,,14.360042,3.7523031,2.8549397,,0.63295323,87.485275,19.844063,0.0,,33.417809,
44,Vietnam,1973,1.2725424,51.912106,0.071436867,-8.1154594,4.5658979,9.9865541,,,14.753954,1.3022159,1.1950203,,-0.45977139,76.668312,21.968994,0.0,,51.912106,
44,Vietnam,1974,0.038933869,71.397934,-0.0073746741,-6.7996182,3.2630558,,,,14.418702,0.018556211,-0.012682824,,-3.6793292,70.567474,19.395697,0.0,,71.397934,
44,Vietnam,1975,1.0515094,115.08762,-0.11899994,-9.0958033,2.1898346,,,,16.443748,0.83727372,1.2698079,,-3.9386742,79.141571,23.243799,1.0225334,,,
44,Vietnam,1976,-0.034001604,21.200001,-0.0035595973,-15.662847,0.36622569,,,,16.638725,-0.19552208,0.13963903,,-0.48728499,69.23243,19.861563,0.0,,21.200001,
44,Vietnam,1977,-0.061426647,21.200001,-0.0091283061,-15.733277,0.83360767,,,,16.310894,-0.13436937,0.0068073673,,-1.1638899,68.475105,19.78299,0.0,,21.200001,
44,Vietnam,1978,0.15976714,21.200001,-0.041315917,-15.813456,0.80124611,,,,16.325203,0.080697782,0.21407588,,10.77437,81.370934,23.98094,0.0,,21.200001,
44,Vietnam,1979,0.6382938,21.200001,-0.074079491,-18.595236,2.789223,,,,16.04648,0.39874351,0.9598642,,-5.4142098,86.351082,23.652868,0.0,,21.200001,
44,Vietnam,1980,0.25341907,25.156,-0.14239718,-19.988623,1.3067571,,,,14.841927,-0.049044535,0.53544539,,5.1424136,102.05772,28.290506,0.0,,25.156,
44,Vietnam,1981,0.05577071,69.599998,-0.15017915,,0.45980641,,,,15.567189,-0.11372057,0.26797,,78.443275,101.66919,30.173918,0.0,,69.599998,
44,Vietnam,1982,0.040341087,95.401001,-0.11661857,,0.18691857,,,,16.799192,-0.12176835,0.22175257,,78.861542,124.11795,36.255821,0.0,,95.401001,
44,Vietnam,1983,0.11631683,49.487,-0.10939651,,-0.18471919,,,,16.844065,0.10004805,0.17180699,,-19.706533,103.87984,28.758785,0.0,,49.487,
44,Vietnam,1984,0.0082789576,64.897003,-0.07056319,,-0.21275596,,,,17.032927,0.018425817,0.019253071,,2.5932045,88.389366,21.793272,0.0,,64.897003,
44,Vietnam,1985,-0.031309523,91.601997,-0.060816403,-18.077871,-0.055017225,10.536732,,,16.966022,0.014819612,-0.051813431,,78.861542,92.283493,22.187563,0.0,,91.601997,
44,Vietnam,1986,-0.22179097,116.47835,-0.080726929,-27.284435,-0.26998803,9.1290445,,,17.35358,-0.21585017,-0.21097454,,23.28767,91.707932,24.201494,0.0,,,
44,Vietnam,1987,-0.27342457,116.16233,-0.095812045,-31.931438,-0.10614695,3.9537678,,,17.784712,-0.27563816,-0.24188142,,78.861542,85.342255,19.809912,0.0,,,
44,Vietnam,1988,-0.26813832,116.21666,-0.088138379,-36.100861,-0.015380358,7.1016102,,,16.620302,-0.2645573,-0.26201379,,78.861542,72.833328,15.508327,0.0,,,
44,Vietnam,1989,-0.2423258,95.769997,-0.09790808,0.43929702,-0.018153435,7.2865129,,,19.126762,-0.26609319,-0.19903009,,78.861542,81.248924,16.963715,0.0,,95.769997,
44,Vietnam,1990,-0.038873002,36.030998,-0.10062578,21.34404,0.36676943,7.9108567,,,19.15353,-0.17884307,0.20497395,,45.22567,100.47716,25.887014,0.0,,36.030998,
44,Vietnam,1991,-0.02018005,81.817001,-0.1004383,4.3743606,0.18772145,5.5953174,,,18.532898,0.0011760612,0.088368692,,54.825726,115.19403,27.068121,0.0,,81.817001,
44,Vietnam,1992,-0.24577776,37.705002,-0.073938414,8.3102703,-0.10499131,3.3745883,,,18.446678,-0.32931623,-0.16178249,,10.672883,75.940979,17.81374,0.0,,37.705002,
44,Vietnam,1993,-0.24493419,8.3789997,-0.053215351,-1.8422477,-0.31565759,2.2586946,,13.177,18.300209,-0.28040716,-0.18649331,26.4,-5.0100322,86.624359,19.329361,0.0,,8.3789997,13.177
44,Vietnam,1994,-0.31976178,10.378,-0.025940252,6.5378227,-0.06048857,2.6493554,,17.382999,18.862968,-0.39122483,-0.25173473,,3.0515015,88.633369,19.969248,0.0,,10.378,
44,Vietnam,1995,-0.32332802,16.926001,0.0081334068,0.81147492,-0.28673887,4.3875327,,21.589001,18.613478,-0.38090226,-0.23184012,,0.66191149,75.088799,15.333929,0.0,,16.926001,
44,Vietnam,1996,-0.42618012,5.5929999,0.03949463,15.728708,-0.29345271,3.9308496,,25.795,17.098961,-0.43453109,-0.42522916,,-0.051339589,61.413044,12.316602,0.0,,5.5929999,25.795
44,Vietnam,1997,-0.44129562,3.095,0.060264166,14.205523,-0.19461498,3.7377164,,25.292,16.596245,-0.43123889,-0.44456303,10.875,5.8984375,39.673115,10.095711,0.0,,3.095,25.292
44,Vietnam,1998,-0.42975459,8.1099997,0.058543015,13.607919,-0.32037538,3.463099,,23.809,16.207045,-0.41155794,-0.42974868,11.65418,13.563484,51.792046,13.590933,0.0,,8.1099997,23.809
44,Vietnam,1999,-0.33932516,4.0929999,0.046556808,16.0459,-0.24372734,3.102762,,66.452003,15.08698,-0.27351668,-0.35609362,8.9250002,5.0886869,58.142807,15.320642,0.0,,4.0929999,66.452003
44,Vietnam,2000,-0.42865095,-1.784,0.052489955,21.234459,-0.12286281,6.8369269,24.754999,35.418999,14.403969,-0.4133518,-0.43231559,5.4166665,1.610703,45.607391,10.547931,0.0,,-1.784,35.418999
44,Vietnam,2001,-0.3306751,-0.43900001,0.058738589,18.238602,-0.25186124,6.6608272,25.42,27.336,14.260012,-0.25579,-0.37787607,5.4899998,3.9344072,111.46019,23.348333,0.0,,-0.43900001,27.336
44,Vietnam,2002,-0.32271364,3.7650001,0.065499634,19.351324,-0.35977396,5.852365,27.711,13.275,13.354903,-0.24732134,-0.33682755,5.9183335,3.7645278,111.12048,23.857649,0.0,,3.7650001,13.275
44,Vietnam,2003,-0.20372927,3.1099999,0.073690057,23.260635,-0.31926894,2.1286411,29.834999,33.051998,13.293913,-0.10341345,-0.2510868,5.8266668,1.5058281,135.32417,31.098751,0.0,,3.1099999,33.051998
44,Vietnam,2004,-0.31248286,7.8119998,0.084872931,28.133528,-0.20076738,2.0143797,29.363001,31.049999,13.251212,-0.21001042,-0.37947476,5.6916676,1.5243285,110.70305,22.988846,0.0,,7.8119998,31.049999
44,Vietnam,2005,-0.34151241,8.3000002,0.092941865,21.923986,-0.21474375,1.7809608,28.669001,30.907,13.226606,-0.28131419,-0.39519936,6.1266665,0.7171154,83.537979,17.665928,0.0,,8.3000002,30.907
44,Vietnam,2006,-0.34126043,7.664,0.097547352,25.521038,-0.21869229,1.9383646,30.247999,29.671,12.053177,-0.31625056,-0.35646677,4.7284522,0.85335594,86.026413,20.363295,0.0,,7.664,29.671
44,Vietnam,2007,-0.3447037,8.3769999,0.097964115,37.716675,-0.031210085,2.3047574,32.209999,49.105999,10.708473,-0.34010631,-0.34362572,4.1530566,0.69321787,84.868973,17.284277,0.0,,8.3769999,49.105999
44,Vietnam,2008,-0.40088555,23.311001,0.082844868,33.239895,-0.01924229,2.156373,31.045,20.698,10.004654,-0.39955497,-0.39648408,12.129583,1.2239892,71.192848,15.666213,0.0,,23.311001,20.698
44,Vietnam,2009,-0.4144758,6.6929998,0.067381635,9.3466864,-0.28517589,2.2652087,36.169998,26.233,9.9180613,-0.41689989,-0.39560577,8.0383329,4.679317,69.581642,16.354109,0.0,,6.6929998,26.233
44,Vietnam,2010,-0.40687573,9.1400003,0.063979819,-15.75693,-0.14519212,1.8153958,37.285999,29.715,9.3331146,-0.40781286,-0.3976258,11.145,9.0701694,73.838913,18.259821,0.0,,9.1400003,29.715
44,Vietnam,2011,-0.4413971,18.684999,0.059259359,-8.9429636,-0.29886484,1.5565493,36.185001,11.942,8.8795853,-0.42197973,-0.46437544,12.35,10.190955,75.721146,18.615675,0.0,,18.684999,11.942
44,Vietnam,2012,-0.42728084,9.1210003,0.044626702,-15.542422,-0.20637257,1.7183133,38.330002,24.545,9.7552557,-0.43097708,-0.42405403,8.8162498,1.5517011,69.216782,17.792385,0.0,,9.1210003,24.545
44,Vietnam,2013,-0.41552627,6.592,0.029217094,-12.576303,-0.30266166,1.7440771,41.412998,21.399,9.8057499,-0.36682549,-0.43814138,6.6433334,0.50612646,70.025406,17.285458,0.0,,6.592,21.399
44,Vietnam,2014,-0.36400256,4.0869999,0.020521646,-12.760592,-0.30214912,1.8229578,43.641998,19.74,9.5693474,-0.31821677,-0.39171475,5.0875001,1.0250787,80.853844,22.494335,0.0,,4.0869999,19.74
44,Vietnam,2015,-0.36743072,0.64700001,0.015713669,-8.100296,-0.29620948,1.9070281,46.117001,14.908,9.3527575,-0.35516584,-0.37005845,4.23,2.5986776,94.918381,24.808109,0.0,,0.64700001,14.908
44,Vietnam,2016,-0.34429622,2.675,0.0067770528,-12.540421,-0.24841556,1.9505618,47.880001,17.879999,9.3649607,-0.36440828,-0.30285466,,1.0942776,84.358536,23.26054,0.0,,2.675,17.879999
44,Vietnam,2017,-0.3450599,3.5209999,-0.00080648373,-1.999976,-0.13314858,1.8038722,46.620998,14.256,9.3743582,-0.40457827,-0.29057673,,1.9835237,86.290787,26.740068,0.0,,3.5209999,14.256
44,Vietnam,2018,-0.34296179,3.54,-0.0032818476,-3.4389346,-0.054626279,1.8065014,43.798,12.698,9.4489317,-0.34516498,-0.33658752,,1.0369421,67.708572,22.135927,0.0,,3.54,12.698
44,Vietnam,2019,-0.016676642,2.7950001,-0.0064883861,-8.6153231,0.069138743,2.3,40.993,13.621,9.5489655,-0.31762189,0.29760635,,1.9829679,69.926216,23.164488,0.0,,2.7950001,13.621
44,Vietnam,2020,-0.32584941,3.22,-0.053195532,-15.383117,0.38921002,2.4000001,41.319,13.633,10.988965,-0.38593271,-0.2374357,,0.68600994,66.154915,18.707989,0.0,,3.22,13.633
44,Vietnam,2021,-0.36907366,1.837,-0.10349678,2.6436579,1.5523847,2.3,39.237,9.6759996,9.8629646,-0.38339522,-0.33732539,,-0.20934662,58.633369,17.671564,0.0,,1.837,9.6759996
44,Vietnam,2022,-0.30425659,3.1570001,-0.097057454,-6.3749666,1.0426147,2.3,34.923,5.6789999,7.9349647,-0.31219783,-0.24198966,,0.48113441,112.93623,50.197365,0.0,,3.1570001,5.6789999
44,Vietnam,2023,-0.29232296,3.253,-0.12348622,-30.301035,0.49422276,1.8,34.417,12.455422,9.0719643,-0.32472411,-0.22763357,,2.2177849,99.392548,39.265381,0.0,,3.253,12.455422
