dates,CCI_OECD,CCI_OECDE,FXTWBDI,GSCOMM,US_PPCE,PZTEXP,GPR,GPRT,GPRA,GFDWLDINF,GFDFTWORLD,MWRDPPP_GDP_DET,RPZTEXP,RGSCOMM,RGFDFTWORLD,LNGPR,LNGPRT,LNGPRA
1/1/1970,,,,101.39,19.377,3.35,114.30558,106.45992,116.4687,5.8015089,26.7545,,17.288538,523.24921,138.07349,473.8875389,466.7768576,475.7622567
2/1/1970,,,,103.1,19.454,3.35,113.88655,105.53148,114.63219,5.9928894,27.5294,,17.220108,529.96814,141.51022,473.5202777,465.9009297,474.1728655
3/1/1970,,,,105.56,19.502,3.35,108.93523,87.606911,123.38503,5.9061103,27.5567,,17.177725,541.27783,141.30191,469.0753485,447.2859888,481.5309791
4/1/1970,,,,103.1,19.601,3.35,108.29139,79.343224,128.46228,5.9156222,24.9238,,17.090965,525.99359,127.15575,468.4825649,437.378305,485.563532
5/1/1970,,,,101.19,19.663,3.35,151.49146,116.00743,184.52718,6.0060067,23.2944,,17.037075,514.6214,118.46819,502.0529254,475.3654241,521.779677
6/1/1970,,,,102.35,19.714,3.35,115.01668,79.187721,150.24014,5.8266935,22.6633,,16.993,519.17419,114.96043,474.5077161,437.1821249,501.2234947
7/1/1970,,,,102.02,19.786,3.31,133.10281,124.92,129.52391,5.6607208,24.0112,,16.729,515.61713,121.35449,489.1121837,482.7673532,486.3865497
8/1/1970,,,,102.81,19.838,3.31,130.96762,115.29671,144.95699,5.6296296,24.7464,,16.68515,518.2478,124.74242,487.4950117,474.7508893,497.6437078
9/1/1970,,,,105.88,19.927,3.31,217.05499,183.40361,248.34038,5.7719722,25.4881,,16.610628,531.33942,127.90736,538.0150732,521.1689243,551.4800305
10/1/1970,,,,106.16,20.026,3.31,139.45993,120.78535,145.71172,6.0442762,25.0555,,16.528513,530.11084,125.11485,493.777732,479.4015003,498.1630149
11/1/1970,,,,105.44,20.105,3.31,88.1866,97.080551,75.808456,6.1972632,25.5582,,16.463566,524.44666,127.1236,447.9455024,457.5541057,432.8209843
12/1/1970,,,,104,20.194,3.56,89.978539,82.850227,88.108765,6.0679593,26.7667,,17.628998,515.00446,132.54779,449.9571186,441.7034484,447.8572017
1/1/1971,,,,107.64,20.237,3.56,101.70838,92.217606,108.07713,5.8257122,27.9385,,17.591539,531.89703,138.05653,462.2109699,452.4151067,468.2845139
2/1/1971,,,,110.99,20.296,3.56,121.87318,120.88148,128.81038,5.7498789,28.1755,,17.540401,546.85651,138.82292,480.2980996,479.4810561,485.83414
3/1/1971,,,,108.73,20.363,3.56,107.90684,95.053368,113.32467,5.624404,29.3542,,17.482689,533.95868,144.15459,468.1268262,455.4438502,473.0256885
4/1/1971,,,,108.91,20.443,3.56,113.98463,94.610405,125.79533,5.5601301,30.2569,,17.414274,532.74957,148.00616,473.6063615,454.9767459,483.4656221
5/1/1971,,,,106.39,20.528,3.56,89.548401,70.572708,105.99454,5.7601504,29.4825,,17.342167,518.26776,143.62091,449.4779272,425.6643498,466.3387583
6/1/1971,,,,107.82,20.619,3.56,90.15181,82.297539,98.646324,5.9764714,29.7243,,17.265629,522.91577,144.15976,450.1495027,441.0341204,459.1540969
7/1/1971,,,,105.55,20.681,3.56,116.08878,109.68445,117.65361,6.0334039,29.1921,,17.213867,510.37183,141.15421,475.4355243,469.7607607,476.7744799
8/1/1971,,,,104.93,20.741,3.56,97.841728,93.380211,93.061363,6.1243577,29.7714,,17.164072,505.90619,143.53888,458.3351153,453.6679449,453.3259093
9/1/1971,,,,103.75,20.772,3.56,95.921844,91.311508,86.030914,6.0901914,29.4305,,17.138456,499.47043,141.68352,456.3533735,451.4276826,445.4706697
10/1/1971,,,,105.98,20.804,3.56,101.86267,103.51574,90.456635,5.8660517,28.2564,,17.112093,509.42126,135.82196,462.3625534,463.9723678,450.4870565
11/1/1971,,,,108.29,20.847,3.56,112.60488,120.2058,98.295387,5.705039,28.4367,,17.076797,519.45123,136.40668,472.3885054,478.9205274,458.7977098
12/1/1971,,,,110.46,20.929,3.56,134.92668,114.91473,156.41969,5.6750593,30.9399,,17.009892,527.78442,147.83267,490.473152,474.4190375,505.2542715
1/1/1972,,,,113.27,21.015,3.56,107.67568,92.116371,120.98698,5.5959973,32.0132,,16.940281,538.99597,152.33499,467.9123746,452.305268,479.5682937
2/1/1972,,,,111.56,21.098,3.56,96.545647,83.507774,108.33786,5.7997284,33.181,,16.873638,528.77051,157.27083,457.0015922,442.4939729,468.5254677
3/1/1972,,,,111.34,21.128,3.56,85.073952,68.163857,102.20372,5.8664255,33.581,,16.849678,526.97839,158.94073,444.3520902,422.1914468,462.6968076
4/1/1972,,,,111.99,21.16,3.56,130.44696,97.526756,164.27785,5.7399125,33.9662,,16.824196,529.2533,160.5208,487.0966707,458.0126761,510.1559202
5/1/1972,,,,112.79,21.207,3.56,157.06137,155.09183,154.88695,5.7589264,34.5987,,16.786909,531.85266,163.14755,505.6636621,504.4017393,504.2695496
6/1/1972,,,,113.84,21.239,3.56,126.81707,113.30937,131.32846,5.6394286,33.7354,,16.761618,535.99512,158.83705,484.2745654,473.0121865,487.7701513
7/1/1972,,,,113.89,21.315,3.56,97.44413,83.960052,100.57963,5.7913356,34.1967,,16.701853,534.31854,160.43491,457.9279188,443.0341114,461.0949752
8/1/1972,,,,115.54,21.377,3.56,92.613617,66.201355,109.45525,5.9911876,35.1085,,16.653412,540.48743,164.23492,452.8436183,419.2700931,469.551579
9/1/1972,,,,125.97,21.473,3.56,130.83099,90.904457,177.88307,6.1787901,34.5158,,16.57896,586.64368,160.74046,487.3906338,450.9809032,518.1126424
10/1/1972,,,,126.72,21.497,3.56,89.867989,72.582619,100.11343,6.5881343,34.7403,,16.56045,589.4776,161.60535,449.8341805,428.4725485,460.6303843
11/1/1972,,,,131.17,21.561,3.56,88.154556,75.481384,95.058525,6.698565,36.5031,,16.511293,608.36694,169.30151,447.9091592,432.3886056,455.4492755
12/1/1972,,,,144.16,21.63,3.56,82.811211,70.712494,89.414352,6.9727159,37.1123,,16.458622,666.48175,171.5779,441.6563451,425.8622276,449.3281206
1/1/1973,101.9943,104.6508,,150.09,21.695,3.56,78.512154,66.259926,89.866959,7.7121916,37.1373,100.5922,16.409311,691.81842,171.17908,436.3253441,419.358528,449.8330343
2/1/1973,101.6766,104.1135,,149.65,21.809,3.56,59.873119,48.129456,67.425751,7.9657378,37.3332,101.1823,16.323536,686.18463,171.18254,409.222764,387.3894381,421.1027007
3/1/1973,101.3518,103.4958,27.1461,153.19,21.964,3.56,78.528023,78.906685,69.102371,8.695653,37.3221,101.60542,16.208342,697.45947,169.92397,436.3455542,436.8265952,423.5589043
4/1/1973,101.0325,102.8677,27.3374,148.95,22.127,3.56,86.568069,77.286751,92.402992,9.4995747,35.379,101.83725,16.088942,673.15948,159.89063,446.0931029,434.7522544,452.6159359
5/1/1973,100.777,102.4102,27.1878,165.14,22.236,3.56,72.211716,61.225578,78.410088,10.17307,35.213,101.88284,16.010075,742.66956,158.36032,427.9602304,411.4565043,436.1952593
6/1/1973,100.6226,102.1955,26.7725,172.09,22.363,3.56,66.124062,61.929398,65.429169,10.634721,35.3733,101.92554,15.919152,769.53003,158.1778,419.1532705,412.5994994,418.0968168
7/1/1973,100.5675,102.1258,26.3869,183.61,22.444,3.56,84.712395,75.233078,85.151535,11.157543,36.1511,101.66083,15.8617,818.08057,161.07245,443.9261931,432.0591001,444.4432434
8/1/1973,100.5943,102.0798,26.6781,218.39,22.703,4.31,85.832939,72.953133,98.851341,11.970076,34.5816,101.63754,18.984276,961.94336,152.32172,445.2402837,428.9817221,459.3617116
9/1/1973,100.6028,101.9681,26.7415,199.38,22.793,4.31,78.704033,72.9254,77.414612,12.381348,35.515,101.46746,18.909315,874.74225,155.81538,436.5694399,428.9437001,434.9175548
10/1/1973,100.4467,101.6517,26.6379,193.08,22.922,4.31,197.29222,165.20294,251.31395,13.057714,35.8062,101.71768,18.802896,842.3349,156.20888,528.468598,510.7174658,552.6702954
11/1/1973,100.0237,101.0224,27.3773,196.15,23.11,4.31,133.74368,154.43187,112.29832,13.575214,31.0974,101.68146,18.649935,848.76678,134.56253,489.5925132,503.9753028,472.1158902
12/1/1973,99.4844,100.1943,27.7205,209.92,23.3,4.31,104.31681,120.73194,81.029884,14.291494,30.7744,101.72105,18.497854,900.94421,132.07896,464.7432519,479.3572716,439.4818025
1/1/1974,99.1554,99.4418,28.4859,236.8,23.523,10.11,98.54908,109.84111,79.905479,15.12,30.9435,101.22717,42.979214,1006.6743,131.54572,459.0554698,469.9034867,438.0844424
2/1/1974,99.103,99.1499,28.1033,244.29,23.797,10.11,87.671799,98.078583,69.796013,16.184055,31.356,100.93362,42.484348,1026.558,131.76451,447.3600286,458.5769025,424.5576888
3/1/1974,99.23,99.1599,27.6816,226.73,24.073,10.11,93.127625,109.27539,67.54512,16.470589,30.4922,100.43233,41.997257,941.84357,126.66556,453.3970864,469.387121,421.2795819
4/1/1974,99.3669,99.3152,27.4135,207.87,24.243,10.11,84.141968,78.347534,79.463669,16.847406,29.9148,100.35435,41.702759,857.44336,123.39562,443.2505467,436.1154494,437.5299923
5/1/1974,99.3464,99.3808,27.2436,197.46,24.482,10.11,79.973457,65.935654,86.426231,16.858236,28.6405,100.1191,41.295647,806.55176,116.98595,438.1694792,418.8679327,445.9291229
6/1/1974,99.1806,99.2598,27.5104,195.91,24.69,10.11,85.047623,89.14653,76.407837,17.13526,27.6705,100.07493,40.947754,793.47913,112.07169,444.321137,449.028142,433.6085269
7/1/1974,98.9475,99.0105,27.7256,229.42,24.872,10.11,103.60446,121.17929,75.086929,17.443609,26.0485,99.826614,40.648117,922.40271,104.73022,464.0580379,479.7271184,431.8646496
8/1/1974,98.7189,98.737,28.0935,245.68,25.132,10.11,92.666473,99.255051,76.670448,17.334818,23.3881,99.684181,40.2276,977.55847,93.061035,452.9006735,459.769281,433.9516341
9/1/1974,98.5133,98.492,28.2486,236.29,25.393,10.11,66.064522,68.830376,59.998516,17.774511,21.1353,99.254433,39.814121,930.53204,83.23278,419.0631871,423.1645159,409.4319829
10/1/1974,98.3511,98.3337,28.1869,270.17,25.575,11.16,70.664368,86.784012,42.513958,17.776974,23.0869,98.918907,43.636364,1056.3832,90.271362,425.7941457,446.3422411,374.9832446
11/1/1974,98.2771,98.385,28.132,292.69,25.767,11.16,84.200478,92.474472,65.480011,18.054558,22.6551,98.231773,43.311211,1135.9103,87.922928,443.3200598,452.6932628,418.174492
12/1/1974,98.2944,98.5925,28.1214,268.08,25.971,11.16,91.073135,86.410904,90.975502,17.534538,22.2091,97.649086,42.971004,1032.2283,85.514999,451.1662865,445.9113872,451.0590261
1/1/1975,98.4334,98.9062,28.1246,236.04,26.132,11.16,89.581825,88.673363,85.295448,16.782488,25.3774,96.980049,42.706261,903.26038,97.11235,449.5152453,448.495954,444.6121088
2/1/1975,98.6811,99.2225,27.9117,219.3,26.274,11.16,105.36065,119.31232,92.023239,15.841585,27.5487,96.560272,42.475452,834.66547,104.85156,465.7389227,478.1744593,452.2041143
3/1/1975,98.9701,99.4906,27.8758,205,26.363,11.16,106.51913,86.187416,122.6048,15.218855,27.6802,96.124489,42.332058,777.60498,104.9964,466.8324593,445.6524181,480.8966174
4/1/1975,99.2312,99.7251,28.2397,206.48,26.452,11.16,101.18145,94.661263,96.886574,15.147495,28.756,95.993034,42.189625,780.58368,108.71011,461.691544,455.0304867,457.3540954
5/1/1975,99.4037,99.8935,28.3277,191.18,26.558,11.16,85.110069,97.023201,62.349136,15.049181,29.3655,95.852821,42.021236,719.8584,110.57121,444.3945348,457.4950135,413.2749815
6/1/1975,99.508,99.9355,28.5075,188.87,26.724,11.16,89.933731,110.66495,59.123047,14.985406,29.6658,95.92498,41.760216,706.74298,111.00808,449.9073077,470.6507168,407.9620815
7/1/1975,99.5893,99.9401,29.1623,192.5,26.953,11.16,107.0883,137.91278,59.701408,14.820743,27.9564,95.978409,41.405411,714.20624,103.72278,467.3653728,492.6621456,408.9355605
8/1/1975,99.6448,99.9221,29.6759,209,27.07,11.16,113.30048,126.1431,85.219383,14.236002,27.4568,96.16713,41.226448,772.07239,101.42889,473.0043405,483.7416977,444.5228908
9/1/1975,99.7129,99.9337,29.935,212.95,27.204,11.16,85.271935,96.807991,67.925354,13.688806,26.2375,96.281097,41.02338,782.78931,96.447212,444.5845385,457.2729543,421.8409367
10/1/1975,99.8619,100.0853,30.0038,201.47,27.362,11.16,94.508636,101.0518,76.600662,13.280048,27.9768,96.44352,40.786491,736.31311,102.24691,454.8691217,461.5633257,433.8605719
11/1/1975,100.1354,100.4609,29.9841,191.05,27.538,11.16,87.127884,104.22381,60.388718,12.830647,28.6746,96.550644,40.525818,693.76862,104.12739,446.737697,464.6540606,410.0802299
12/1/1975,100.481,100.9923,30.2006,184.52,27.69,11.16,97.772522,88.121849,101.97929,12.597951,28.632,96.824623,40.30336,666.37775,103.40195,458.2643576,447.8720504,462.4769753
1/1/1976,100.7898,101.4866,30.1736,176.26,27.795,11.16,100.96117,105.32851,87.842369,12.496281,31.1224,97.126518,40.151108,634.14282,111.97121,461.4735987,465.7084133,447.5543947
2/1/1976,100.9476,101.7308,30.1523,177.71,27.831,12.03,65.892006,65.180565,58.623085,12.407898,30.8232,97.433174,43.225182,638.53259,110.75132,418.8017129,417.7161342,407.1128561
3/1/1976,101.0043,101.7516,30.3633,181.69,27.873,12.1,85.215538,99.845222,63.343204,12.741086,31.1181,97.635307,43.411186,651.84949,111.64245,444.5183788,460.3621207,414.8567624
4/1/1976,101.0386,101.6693,30.5808,193.24,27.936,12.17,76.084862,80.55864,63.8009,12.809443,30.8223,97.779129,43.563862,691.72394,110.33183,433.1849323,438.8985366,415.5767297
5/1/1976,101.0932,101.5822,30.6599,191.53,28.069,12.17,82.69223,95.644264,61.522831,12.79567,30.2393,97.839882,43.357441,682.35419,107.73202,441.5125644,456.0635725,411.9408342
6/1/1976,101.128,101.5264,30.7338,193.57,28.192,12.17,83.257996,84.295647,77.830772,12.186177,31.1005,97.869324,43.168274,686.61322,110.31676,442.1944172,443.4330227,435.453688
7/1/1976,101.1033,101.4829,30.634,183.99,28.335,12.17,96.19931,65.857224,127.4638,11.848342,30.7397,97.892418,42.950417,649.33826,108.48668,456.6422185,418.7489126,484.7832403
8/1/1976,101.0067,101.4465,30.6473,170.97,28.491,12.17,111.51832,115.01353,98.2705,11.824978,30.5989,97.936493,42.715244,600.08423,107.39848,471.4188882,474.5049774,458.772388
9/1/1976,100.8824,101.4256,31.2425,162.15,28.651,13.9,84.971329,81.002525,81.624313,12.232585,30.7837,97.986816,48.514885,565.94885,107.44372,444.2313894,439.4480327,440.2127171
10/1/1976,100.7931,101.4165,31.375,155.01,28.801,13.9,82.468697,90.381187,68.034416,12.428767,29.6318,98.009102,48.262215,538.21045,102.88462,441.2418791,450.4036137,422.0013695
11/1/1976,100.7991,101.4682,31.8399,151.32,28.932,13.9,71.75856,70.78759,70.968102,12.638103,29.4444,98.068253,48.04369,523.01947,101.77105,427.3307151,425.9683703,426.2230508
12/1/1976,100.8721,101.5443,31.9292,154.96,29.094,13.9,76.150406,84.84169,59.683762,12.901499,31.584,98.119461,47.776173,532.61841,108.55846,433.2710411,444.0787049,408.905999
1/1/1977,100.9635,101.5833,31.8698,154.97,29.263,13.9,68.387947,83.100479,44.687305,13.038878,30.4485,98.143417,47.500256,529.5766,104.05119,422.5196596,442.0050466,379.9689457
2/1/1977,101.0074,101.4513,32.0895,158.31,29.492,13.9,79.455872,89.877235,54.399097,13.26691,30.2378,98.214523,47.131424,536.78961,102.52882,437.5201798,449.8444684,399.6347554
3/1/1977,100.9858,101.1448,32.2102,163.92,29.64,13.9,75.528976,87.881645,53.268116,13.167444,29.9713,98.272392,46.896088,553.03644,101.11774,432.4516371,447.5990966,397.5337953
4/1/1977,100.9271,100.7451,32.1247,172.93,29.812,13.9,96.703491,99.981766,84.334862,12.936975,30.2208,98.364143,46.625519,580.06842,101.37126,457.1649503,460.4987829,443.4795326
5/1/1977,100.899,100.4939,32.165,170.63,29.963,13.9,90.837067,99.801826,73.946114,12.91056,29.7309,98.396889,46.390549,569.46899,99.22538,450.9067429,460.318648,430.3336639
6/1/1977,100.9612,100.5227,32.2002,159.06,30.131,13.9,82.9702,89.138016,67.201576,13.376918,30.7701,98.500748,46.131889,527.89484,102.12107,441.8481507,449.018591,420.76967
7/1/1977,101.0787,100.734,32.02,146.07,30.287,13.9,95.030609,103.63129,77.004768,13.434695,30.2773,98.503891,45.894279,482.28613,99.967972,455.419904,464.0839311,434.3867342
8/1/1977,101.192,100.9649,32.2554,139.79,30.428,14.85,88.248367,90.988029,76.598618,13.64537,30.3088,98.658836,48.803734,459.41238,99.608253,448.0155191,451.0727948,433.8579035
9/1/1977,101.2976,101.2104,32.3414,143.98,30.543,14.85,78.145142,86.733383,63.383793,13.22092,30.6046,98.689354,48.61998,471.40097,100.20168,435.8567892,446.283885,414.9208198
10/1/1977,101.4027,101.4589,32.16,147.46,30.685,14.85,95.637093,108.4035,81.357788,12.744388,29.9994,98.763145,48.394981,480.56055,97.765686,456.0560747,468.5860376,439.8856564
11/1/1977,101.4898,101.6597,32.0244,150.48,30.861,14.85,85.853432,94.832962,70.097275,12.272728,30.2915,98.663368,48.118984,487.60571,98.154633,445.2641563,455.2117049,424.988392
12/1/1977,101.5645,101.823,31.624,155.04,31.011,14.85,69.245461,72.156357,57.648838,11.853959,30.8059,98.653847,47.886234,499.95163,99.338623,423.7657598,427.8835389,405.437009
1/1/1978,101.6065,101.9157,31.4265,156.55,31.194,14.85,80.037025,93.614006,58.254406,10.315395,29.812,98.410461,47.605309,501.85934,95.569664,438.248934,453.9180009,406.4819729
2/1/1978,101.5914,101.9483,31.4404,162.11,31.339,14.85,99.008713,109.77779,77.942062,9.9537048,29.4944,98.481659,47.385048,517.27881,94.114044,459.5207856,469.8458232,435.5965756
3/1/1978,101.5329,101.9497,31.2824,173.97,31.542,14.85,123.99232,111.65626,126.56162,9.9175453,30.7383,98.587608,47.080082,551.55029,97.451965,482.0219628,471.5425045,484.0729304
4/1/1978,101.5324,101.9599,31.274,182.36,31.781,14.85,93.269775,115.90577,57.959137,9.7153168,32.0294,99.176186,46.726032,573.80194,100.7816,453.54961,475.2777533,405.9738228
5/1/1978,101.5603,102.0327,31.5078,190.62,32.008,14.85,136.79793,127.50588,140.70961,9.7337217,32.341,99.469887,46.39465,595.53864,101.04037,491.8504873,484.8162481,494.6698263
6/1/1978,101.5669,102.1701,31.1561,180.13,32.217,14.85,119.13562,109.49734,125.12473,9.6473703,32.5701,99.874748,46.093678,559.11475,101.09601,478.0262508,469.5900257,482.931108
7/1/1978,101.5812,102.3504,30.6049,173.18,32.393,14.85,106.08075,108.71349,101.94978,9.8000431,34.8246,99.886726,45.843239,534.6217,107.50656,466.4200597,468.8715889,462.4480339
8/1/1978,101.5637,102.5751,30.1503,175.54,32.557,14.85,81.537697,73.933922,84.384315,9.6535187,35.5292,100.06844,45.612312,539.17743,109.12922,440.1065453,430.3171748,443.5381543
9/1/1978,101.5484,102.8177,30.2507,187.68,32.742,14.85,87.909416,71.353073,101.02517,9.6050062,35.8431,100.04319,45.354591,573.20874,109.47132,447.6306921,426.7640412,461.5369694
10/1/1978,101.4214,102.9694,29.764,193.51,33.003,14.85,80.476715,71.707001,81.53447,9.8694067,35.0472,100.24496,44.995911,586.34064,106.19398,438.7967888,427.2588386,440.1025876
11/1/1978,101.16,103.0156,30.3359,193.46,33.19,14.85,92.753502,101.05408,76.699661,10.036224,33.7116,100.28967,44.742393,582.88641,101.57156,452.9945458,461.5655819,433.9897289
12/1/1978,100.8909,102.9493,30.4539,195.83,33.345,14.85,94.511124,108.4886,73.887665,10.089022,34.7116,100.45235,44.534412,587.28442,104.09837,454.8717542,468.6645098,430.2545899
1/1/1979,100.7987,102.816,30.4507,199.26,33.597,14.85,103.93336,105.20565,98.190598,11.731371,35.5008,100.31173,44.200375,593.08868,105.66658,464.3749925,465.5917006,458.6910467
2/1/1979,100.7809,102.6662,30.6422,208.94,33.776,15.85,116.88839,123.2954,111.65573,12.021053,34.7324,100.32593,46.926811,618.60492,102.8316,476.1219548,481.4583102,471.5420298
3/1/1979,100.7188,102.5194,30.7202,213.12,34.04,15.85,111.46332,117.76023,98.85984,12.148365,36.0708,100.27539,46.562866,626.08698,105.96592,471.3695568,476.8650608,459.3703089
4/1/1979,100.639,102.326,30.9744,214.59,34.395,15.85,115.45313,116.63186,103.27699,12.376442,35.9158,100.34293,46.082279,623.8988,104.42157,474.8864647,475.9022478,463.7414602
5/1/1979,100.5363,102.0998,31.2296,211.38,34.751,18.1,95.409805,105.83703,72.431686,12.581567,35.1897,100.4267,52.084831,608.27026,101.26241,455.8181351,466.1900458,428.2643856
6/1/1979,100.344,101.874,31.2522,209.26,35.038,19.1,121.85184,134.11531,99.271812,13.046118,36.0998,100.50883,54.512245,597.2373,103.03043,480.280588,489.8699952,459.7861664
7/1/1979,100.1395,101.6819,30.8068,205.48,35.305,21.75,99.355263,102.06706,84.23568,13.628179,36.2633,100.49982,61.606007,582.01385,102.71435,459.8701942,462.5630048,443.3618584
8/1/1979,100.0287,101.4906,30.9431,201.99,35.575,26.5,85.806717,81.722954,84.992821,13.831478,37.6097,100.40855,74.490517,567.78638,105.71947,445.209729,440.3334917,444.2566794
9/1/1979,99.9181,101.2709,30.9932,218.44,35.889,28.5,91.475456,109.71336,70.100235,14.512209,38.344,100.33598,79.411522,608.65448,106.84054,451.6070696,469.7871147,424.9926146
10/1/1979,99.74,101.0184,31.3542,218.23,36.182,29,101.15517,128.18468,61.497578,14.750584,35.3813,100.2285,80.150352,603.1452,97.787018,461.6655675,485.3472037,411.8997792
11/1/1979,99.5735,100.7004,31.7575,230.14,36.433,31,108.56225,122.74712,87.365311,14.988381,36.3572,100.2654,85.087692,631.68005,99.791946,468.7323741,481.0126304,447.0098305
12/1/1979,99.4109,100.2933,31.5537,235.38,36.739,32.5,117.32474,146.35025,82.603127,15.691181,37.2157,100.20957,88.461853,640.68158,101.29753,476.4945646,498.6002721,441.4047537
1/1/1980,99.2598,99.8359,31.5316,241.88,37.124,32.5,187.34505,253.78198,96.691185,16.552771,39.3418,100.34412,87.544449,651.54614,105.97403,523.2952104,553.6475552,457.152224
2/1/1980,99.0315,99.576,31.7839,254.15,37.526,37,132.23184,164.33568,78.472015,17.271189,39.2445,100.19344,98.598305,677.26379,104.57949,488.4556746,510.1911165,436.2742064
3/1/1980,98.7148,99.4585,32.62,236.22,37.987,38,105.94997,131.83699,69.296242,17.69751,34.9044,100.01059,100.03423,621.8443,91.885117,466.2967002,488.1566235,423.8390677
4/1/1980,98.5076,99.3982,32.8956,223.44,38.185,39.5,150.27753,192.29919,89.376213,18.086861,37.068,99.346802,103.44376,585.15125,97.074768,501.2483785,525.905244,449.2854573
5/1/1980,98.4864,99.3569,31.8808,236.17,38.482,39.5,106.32451,128.62834,69.938492,18.402462,38.769,98.820297,102.64539,613.71552,100.7458,466.6495833,485.6927161,424.761617
6/1/1980,98.6324,99.2608,31.4193,243.39,38.725,39.5,105.62351,120.94453,80.079765,18.429056,40.5034,98.193123,102.00129,628.50873,104.59238,465.9880979,479.5332011,438.30232
7/1/1980,98.8621,99.1773,31.4253,255.06,39.026,39.5,85.448257,88.801468,69.196243,17.893623,41.6233,98.001785,101.21458,653.56427,106.6553,444.7911011,448.6403181,423.6946569
8/1/1980,99.1487,99.1156,31.7885,265,39.351,38,89.582947,100.90639,73.402626,17.912012,42.312,97.754921,96.566795,673.42633,107.52459,449.5164978,461.4193255,429.5959712
9/1/1980,99.3754,98.981,31.6172,280.93,39.715,36,133.67047,156.19336,98.547783,17.679834,43.4565,97.806862,90.645851,707.36499,109.42088,489.5377592,505.1094727,459.0541537
10/1/1980,99.4382,98.7237,31.7864,292.36,40.033,36,156.71111,166.24976,154.1087,18.016642,44.5966,97.806557,89.925812,730.29749,111.3996,505.4404047,511.3491236,503.7658198
11/1/1980,99.3067,98.4106,32.4312,293.9,40.359,36,119.91107,131.96443,92.374641,18.558437,46.337,98.079552,89.199432,728.21429,114.81207,478.6750385,488.2532417,452.5852493
12/1/1980,99.0675,98.1621,32.7795,272.38,40.621,37,126.36696,143.68369,99.277756,18.355801,45.2001,98.140213,91.085892,670.53986,111.27274,483.9190055,496.7614286,459.7921538
1/1/1981,98.9396,97.9226,32.7564,263.78,41.011,38,136.07204,149.54642,112.3308,17.850163,43.76,98.407646,92.658066,643.1933,106.70308,491.3184451,500.7606846,472.144809
2/1/1981,98.8053,97.6539,33.6647,253.01,41.426,38,120.42129,142.42561,91.338783,17.516026,43.82,98.396843,91.729828,610.75171,105.77898,479.0996344,495.8819828,451.4575484
3/1/1981,98.7517,97.4278,33.8387,242.49,41.715,38,104.97079,116.31938,84.627525,17.168261,45.36,98.490417,91.09433,581.3017,108.73786,465.3682121,475.6339684,443.8259568
4/1/1981,98.8289,97.3107,34.5191,247.87,41.897,38,130.26677,145.99817,104.27966,17.101179,45.37,98.147491,90.698616,591.61755,108.28938,486.9584425,498.3594087,464.7076329
5/1/1981,98.9283,97.2484,35.4809,238.35,42.085,38,129.11075,147.18092,107.87919,16.811993,44.34,97.988495,90.293457,566.35382,105.3582,486.0670563,499.1662578,468.101199
6/1/1981,98.9126,97.1265,36.2824,238.73,42.253,36,145.15544,191.51062,85.033844,16.694365,43.74,97.720581,85.20105,565.00128,103.51928,497.7805168,525.4943264,444.3049342
7/1/1981,98.8678,96.9896,37.0116,228.89,42.508,36,106.3602,110.53858,92.089149,17.089931,42.46,97.735649,84.689941,538.46332,99.887077,466.6831447,470.53646,452.2757119
8/1/1981,98.8097,96.8312,37.6334,227.3,42.774,36,114.56373,123.64326,101.83547,17.263845,41.56,97.616776,84.163277,531.39758,97.161827,474.1131262,481.7400484,462.3358472
9/1/1981,98.7034,96.8405,37.0442,226.76,43.033,36,110.00722,124.81817,78.112434,17.229286,38.49,97.578918,83.656731,526.94446,89.442986,470.0546,482.6858038,435.814925
10/1/1981,98.5555,96.9697,36.9502,222.19,43.228,35,109.70173,130.07413,76.32946,16.86331,39.66,97.304428,80.966042,513.99554,91.746094,469.7765137,486.8104519,433.5058971
11/1/1981,98.4576,97.1327,36.5512,219.45,43.46,36,133.71266,187.01764,60.208942,16.396589,42.3,96.958466,82.834793,504.94708,97.330879,489.5693169,523.1202944,409.7820879
12/1/1981,98.5289,97.3728,36.6767,205.27,43.594,35,153.39218,211.08492,71.925972,16.212036,41.29,96.506058,80.286278,470.86755,94.714867,503.299791,535.2260517,427.5637423
1/1/1982,98.7044,97.6661,37.2915,208.47,43.853,33.85,137.53346,186.35605,65.870354,16.597569,40.57,96.031288,77.189705,475.38367,92.513626,492.3867233,522.7659091,418.7688477
2/1/1982,98.77,97.9152,38.6168,212.95,43.985,31.56,131.08052,155.97542,92.211624,16.159824,37.89,95.706711,71.751732,484.14233,86.143005,487.5811791,504.9698431,452.4086196
3/1/1982,98.8192,98.1497,40.0416,212.95,44.098,28.48,151.69737,176.82172,116.04111,15.804365,36.8,95.388771,64.583427,482.90173,83.450493,502.1887549,517.5141993,475.3944525
4/1/1982,98.9256,98.3286,40.5326,221.14,44.12,33.45,211.58339,290.20554,111.46324,15.571164,38.42,95.290131,75.815956,501.22394,87.080688,535.46192,567.0589431,471.369485
5/1/1982,98.9754,98.3826,40.1619,220.07,44.382,35.93,197.13168,256.10632,128.79985,15.66265,37.38,95.09417,80.956245,495.85419,84.223335,528.3871932,554.5592671,485.8259649
6/1/1982,98.9122,98.1723,41.7734,208.78,44.704,35.07,206.74463,225.806,180.4062,15.859658,35.45,94.956467,78.449356,467.02756,79.299393,533.148436,541.9676224,519.5210975
7/1/1982,98.7851,97.7133,42.5632,208.49,44.969,34.16,160.95972,179.33974,136.52472,15.68002,35.07,94.604553,75.96344,463.63049,77.987061,508.1154147,518.9281996,491.6505697
8/1/1982,98.7192,97.2667,44.0168,209.47,45.108,33.95,129.55823,145.97301,103.89912,15.997475,37.29,94.33712,75.263809,464.37439,82.668266,486.4130433,498.3421742,464.3420428
9/1/1982,98.7373,96.8888,44.651,205.25,45.233,35.63,113.48135,130.95714,81.873016,15.906259,37.32,93.947472,78.769928,453.76163,82.506134,473.1638506,487.4870094,440.5169462
10/1/1982,98.8049,96.6681,44.7493,199.63,45.487,35.68,130.71317,143.54474,97.959358,15.870476,39.36,93.656517,78.439995,438.87265,86.53022,487.3005381,496.6646764,458.4552678
11/1/1982,98.8606,96.6224,44.9461,202.18,45.624,34.15,128.31804,164.27042,71.021034,15.775318,42.26,93.35096,74.850952,443.14395,92.626686,485.451187,510.1513972,426.2976087
12/1/1982,98.9402,96.7586,44.3418,201.55,45.693,31.72,124.75291,152.22343,84.51355,15.922565,43.8,93.209702,69.419823,441.09601,95.857132,482.6335061,502.5349376,443.6911877
1/1/1983,99.134,97.1603,44.47,203.81,45.906,31.19,111.58194,130.41733,78.811218,16.38023,44.42,93.065262,67.943192,443.97247,96.762947,471.4759209,487.0739539,436.7055347
2/1/1983,99.4859,97.695,45.2135,200.86,45.984,28.95,105.83022,116.43874,83.440453,16.341866,45.31,93.061577,62.95668,436.80411,98.534271,466.1836112,475.7365298,442.413324
3/1/1983,99.9348,98.1843,45.9191,201.64,46.043,28.82,103.6405,123.71269,70.994736,16.369984,46.9,93.077095,62.593662,437.93845,101.86131,464.092818,481.7961861,426.2605733
4/1/1983,100.3016,98.3528,46.4789,211.05,46.253,30.61,139.2773,170.7224,87.42038,16.248137,50.15,93.275352,66.179489,456.29474,108.4254,493.646691,514.0038846,447.0728436
5/1/1983,100.4941,98.3019,46.642,207.21,46.384,30,120.82636,151.19537,81.224213,16.202446,49.83,93.431366,64.677475,446.72733,107.42928,479.4354474,501.8572842,439.7213392
6/1/1983,100.5493,98.2472,47.5769,207.32,46.557,31,121.96391,139.40289,94.002411,16.024137,51.16,93.668442,66.585045,445.30362,109.8868,480.3725181,493.736823,454.3320431
7/1/1983,100.5509,98.2266,48.0798,206.22,46.82,31.66,109.81378,123.42319,86.511292,15.782508,50.21,93.77961,67.620674,440.45279,107.24049,469.8786022,481.5619019,446.0274949
8/1/1983,100.5231,98.222,49.0218,216.08,47.02,31.91,102.93948,109.19775,88.78968,15.609013,50.32,93.958817,67.864738,459.54913,107.01829,463.4141243,469.3160459,448.6270427
9/1/1983,100.4952,98.1685,49.3166,213.77,47.185,31.11,154.43143,170.13719,122.76517,15.971176,51.28,94.132484,65.931969,453.04651,108.6786,503.9750179,513.6605112,481.0273344
10/1/1983,100.5331,98.1759,49.1603,208.45,47.265,30.41,153.99194,150.36192,154.39642,16.186378,50.41,94.315895,64.339363,441.02402,106.65397,503.6900263,501.3045188,503.9523451
11/1/1983,100.6883,98.3275,49.9217,209.11,47.332,29.84,161.25276,176.19409,138.68141,16.527882,51.54,94.537079,63.044029,441.79413,108.89039,508.2973072,517.1586172,493.2179288
12/1/1983,100.9067,98.5193,50.7275,210.79,47.358,29.24,140.66432,129.36736,150.21999,16.553595,52.1,94.779846,61.742474,445.09903,110.01309,494.6376343,486.2656109,501.210082
1/1/1984,101.0815,98.6326,51.3315,212.61,47.564,29.69,122.21691,127.20789,112.82664,15.592219,52.51,95.099548,62.421158,446.99774,110.39862,480.5797417,484.5822677,472.5852481
2/1/1984,101.1074,98.5426,51.2061,206.02,47.884,30.145,107.09199,94.655502,116.61774,15.992936,51.69,95.286629,62.954224,430.24811,107.94837,467.3688185,455.0244006,475.8901406
3/1/1984,101.0494,98.3571,51.0535,213.36,48.041,30.761,103.05618,102.397,103.91113,16.306738,54.19,95.451225,64.030724,444.12064,112.79948,463.5274276,462.8857415,464.3536015
4/1/1984,100.9256,98.172,51.7183,214.63,48.224,30.618,110.24726,102.66691,119.61984,16.482542,53.69,95.459091,63.491207,445.06885,111.3346,470.2725661,463.1489864,478.4318714
5/1/1984,100.8307,98.0726,52.9199,214.8,48.285,30.52,115.24295,130.96274,95.032898,16.457176,49.34,95.543732,63.208035,444.85864,102.18494,474.7042509,487.4912855,455.4223126
6/1/1984,100.7832,98.0529,53.5858,209.56,48.371,29.967,115.16541,125.93835,97.361244,16.56554,49.6,95.523933,61.952408,433.2348,102.54078,474.6369443,483.5792501,457.8428226
7/1/1984,100.839,98.2298,55.2251,198.46,48.544,28.752,79.984665,83.821823,68.459824,16.488855,47.4,95.658455,59.228741,408.82498,97.643372,438.1834929,442.8693391,422.6247062
8/1/1984,100.9402,98.4631,55.5223,198.13,48.693,29.25,87.385536,87.132935,80.767937,16.363808,52.16,95.691887,60.070236,406.89627,107.12012,447.0329777,446.7434941,439.1580067
9/1/1984,101.0089,98.6723,56.9345,199.77,48.759,29.311,114.03165,106.92146,113.42078,16.284893,51.82,95.767738,60.114029,409.70898,106.27782,473.6476041,467.2094546,473.110462
10/1/1984,100.9883,98.7928,57.8579,198.41,48.874,28.765,114.1382,115.80106,117.83649,16.221432,52.26,95.684662,58.855423,405.96228,106.92802,473.7409995,475.1873719,476.9297986
11/1/1984,100.9774,98.9693,57.7734,201.77,48.943,28.098,113.51844,118.16209,99.736938,16.188148,51.99,95.675514,57.409641,412.25507,106.22561,473.1965291,477.2057326,460.25361
12/1/1984,100.9999,99.2573,59.0432,197.22,49.081,25.429,116.54699,114.74961,109.95701,16.272053,52.89,95.60257,51.810272,401.82556,107.76064,475.8294539,474.275245,470.0089471
1/1/1985,101.0558,99.6511,60.2498,192.83,49.326,25.641,102.17338,107.57417,89.647491,16.537445,55.59,95.648483,51.982727,390.92972,112.69919,462.6671174,467.8180563,449.5885213
2/1/1985,101.0301,99.8229,62.0299,191.34,49.555,27.271,117.10202,126.44273,96.601669,16.610846,55.69,95.655952,55.031784,386.11642,112.38018,476.3045521,483.9789478,457.0596019
3/1/1985,100.9834,99.8237,62.6927,194.35,49.749,28.238,124.77815,127.07085,116.98727,16.831429,57.48,95.72776,56.760941,390.66113,115.54001,482.653736,484.4744805,476.2065125
4/1/1985,100.9516,99.799,61.4382,192.65,49.821,28.805,87.929001,94.640198,73.757797,17.003979,57.17,95.751198,57.816986,386.68433,114.75081,447.6529682,455.0082312,430.0786712
5/1/1985,100.9229,99.7366,61.9645,186.86,49.939,27.623,103.26285,111.15978,92.276726,16.909304,59.77,95.86628,55.313484,374.17648,119.68602,463.7277679,471.0968626,452.4791954
6/1/1985,100.934,99.6871,61.8996,183.36,50.075,27.143,148.78282,134.65671,174.14375,16.756176,60.61,95.922066,54.204693,366.17075,121.03844,500.2487659,490.2728651,515.9881108
7/1/1985,100.9299,99.7145,60.933,176.17,50.198,27.329,133.90543,126.30108,149.54236,16.689837,61.77,96.075676,54.44241,350.95023,123.05271,489.7133805,483.866858,500.7579697
8/1/1985,100.9306,99.8336,61.0563,175.37,50.364,27.755,82.784103,75.26384,84.879532,16.538555,62.28,96.198997,55.108807,348.20508,123.65976,441.623605,432.0999807,444.1232981
9/1/1985,100.9689,100.0667,61.7893,181.34,50.449,28.289,102.43449,101.5695,92.486313,15.95821,62.53,96.355217,56.074451,359.45212,123.94695,462.9223472,462.0743293,452.7060666
10/1/1985,101.0431,100.4084,59.8051,193.78,50.533,29.538,105.99191,91.342209,118.73129,15.789267,65.57,96.381477,58.452892,383.4722,129.75679,466.336277,451.4612992,477.6862873
11/1/1985,101.1458,100.6761,59.3561,199.96,50.68,30.813,94.848183,98.258377,80.122139,15.838563,69.27,96.413292,60.799133,394.55408,136.68114,455.227754,458.7600509,438.3552208
12/1/1985,101.2751,100.9234,59.5001,196.41,50.85,27.228,96.421165,80.304565,111.21063,15.887894,71.97,96.382721,53.545723,386.25369,141.53392,456.8725731,438.5826469,471.1425971
1/1/1986,101.3941,101.2567,59.5705,182.24,51.084,22.945,135.36075,137.66832,166.02263,15.596885,73.05,96.31134,44.916218,356.74576,142.99977,490.7943437,492.4847314,511.2124104
2/1/1986,101.4511,101.5035,58.443,165.5,51.084,15.442,98.750031,84.021179,114.81561,14.978029,79.52,96.208405,30.228643,323.9762,155.66518,459.2591718,443.1068898,474.332745
3/1/1986,101.4637,101.6062,57.9379,164.85,50.972,12.618,98.676674,85.129463,117.56116,13.93275,87.03,96.067284,24.754766,323.41284,170.7408,459.1848586,444.4173192,476.6958709
4/1/1986,101.4586,101.5716,57.7782,156.71,50.868,12.847,148.31386,142.49339,182.87279,12.817543,89.55,96.009041,25.255564,308.07187,176.04388,499.9330704,495.9295613,520.8790775
5/1/1986,101.4458,101.507,57.0707,160.77,50.961,15.444,117.38924,126.68499,114.20221,12.273671,89.17,95.879875,30.305529,315.47653,174.97694,476.5495251,484.1703611,473.7970649
6/1/1986,101.4505,101.4883,57.5697,150.77,51.151,13.469,96.29425,106.94334,80.065819,11.76633,92.74,95.872765,26.331841,294.75476,181.30634,456.7408608,467.2299161,438.2849034
7/1/1986,101.4136,101.5394,56.8645,149.77,51.164,11.575,94.70179,99.808052,83.975319,11.373511,93.57,95.836479,22.623329,292.72534,182.88249,455.0732902,460.3248861,443.0522934
8/1/1986,101.3549,101.6519,56.4982,158.81,51.228,15.092,103.34594,104.75927,99.8452,11.171284,100.89,95.92115,29.460451,310.00626,196.94308,463.8082001,465.1665051,460.3620987
9/1/1986,101.3096,101.7335,56.8131,160.8,51.396,14.913,117.10789,106.35902,126.74608,11.121045,96.29,95.919876,29.015877,312.86481,187.34921,476.3095647,466.6820352,484.2185715
10/1/1986,101.2972,101.7752,57.1086,159.21,51.488,14.852,96.792435,109.01692,77.405823,10.804988,94.44,95.977997,28.845556,309.21768,183.42139,457.256884,469.15031,434.906201
11/1/1986,101.2271,101.7419,57.9537,160.54,51.58,15.207,109.77282,124.65135,89.471626,10.381074,101.34,95.818085,29.482357,311.24466,196.4715,469.8412957,482.552064,449.3921547
12/1/1986,101.1563,101.6704,58.1416,159.44,51.651,16.076,89.753777,93.463776,78.102501,10.128264,100,95.857536,31.124277,308.68716,193.60709,449.707011,453.7573939,435.8022079
1/1/1987,101.1435,101.5907,56.8145,163.17,51.894,18.656,96.942818,90.495506,104.48915,10.255069,111.89,95.571648,35.950207,314.42941,215.61259,457.41213,450.5300192,464.9083238
2/1/1987,101.1782,101.4862,56.556,158.95,52.076,17.726,100.68335,109.72403,89.295982,10.861667,115.36,95.641418,34.038712,305.22699,221.52238,461.1980443,469.7968395,449.1956492
3/1/1987,101.2343,101.3725,56.5125,161.97,52.214,18.305,89.607719,105.55125,67.093552,11.944125,122.54,95.515732,35.057648,310.20416,234.68802,449.5441466,465.9196617,420.6087944
4/1/1987,101.2961,101.235,55.801,165.91,52.409,18.643,113.39408,117.12814,99.126457,13.157567,129.43,95.811729,35.572136,316.56778,246.9614,473.0869185,476.3268549,459.6396378
5/1/1987,101.3309,101.0861,55.8987,172.94,52.542,19.415,98.650917,97.371407,95.235184,12.698749,129.44,95.877869,36.951393,329.14621,246.3553,459.1587528,457.8532605,455.6349453
6/1/1987,101.3825,100.9914,56.8675,174.52,52.741,20.034,94.182404,99.829254,81.829407,12.663158,129.32,96.220512,37.985626,330.90005,245.19823,454.523337,460.3461267,440.4636678
7/1/1987,101.4483,100.9943,57.7814,176.33,52.863,21.355,98.871964,107.52895,88.264816,11.847403,131.54,96.170433,40.396873,333.56033,248.83188,459.382572,467.7760114,448.0341568
8/1/1987,101.4803,101.071,57.8073,174.22,53.072,20.274,99.968445,115.48032,87.601334,11.403081,139.35,96.345352,38.200935,328.27103,262.56784,460.4854586,474.9100126,447.2796226
9/1/1987,101.4442,101.1839,57.1971,173.95,53.251,19.526,121.16708,143.45198,97.539818,10.765444,136.44,96.305077,36.667854,326.66052,256.22055,479.717042,496.6000345,458.0260684
10/1/1987,101.3228,101.1764,57.3691,176.39,53.42,19.848,101.05859,110.70102,88.826912,10.003809,112.97,96.658829,37.154625,330.19467,211.4751,461.5700448,470.6833054,448.6689667
11/1/1987,101.2076,101.1081,56.0095,171,53.521,18.92,96.153488,110.7995,75.883743,9.609129,110.07,96.770477,35.350609,319.50076,205.65759,456.5945748,470.7722262,432.9202472
12/1/1987,101.2526,101.0938,55.4227,165.22,53.62,17.241,109.85638,124.49729,88.268723,8.9600353,115.04,97.069283,32.154045,308.13129,214.54681,469.9173876,482.4283949,448.0385832
1/1/1988,101.3839,101.1206,55.7823,169.41,53.828,17.16,83.20153,87.140923,72.895576,8.0737934,117.93,97.037422,31.87932,314.72467,219.08672,442.1265737,446.7526613,428.9027951
2/1/1988,101.5025,101.2017,56.4335,167.71,53.908,16.765,86.206146,90.189255,73.823097,6.9602957,124.79,97.160774,31.099279,311.1041,231.48698,445.6741474,450.1910296,430.167165
3/1/1988,101.584,101.294,55.9492,165.83,54.093,16.217,110.20651,105.94202,109.30102,5.8483396,128.52,97.072739,29.979849,306.56461,237.59082,470.2355969,466.2891963,469.4105727
4/1/1988,101.6156,101.3564,55.6546,174.57,54.356,17.875,119.45052,113.93639,128.48338,4.5686054,129.82,97.170708,32.885056,321.16049,238.83289,478.2902227,473.564031,485.5799557
5/1/1988,101.6534,101.3419,56.0366,175.26,54.514,17.438,104.87347,106.54884,97.154175,4.6745749,127.4,97.138336,31.988113,321.49539,233.70143,465.2754576,466.8603472,457.629915
6/1/1988,101.6852,101.3305,56.9398,175.49,54.746,16.53,79.708122,74.011833,81.076439,4.2528987,127.09,97.223297,30.193987,320.5531,232.14482,437.8371488,430.4224986,439.5392401
7/1/1988,101.7318,101.3762,58.3909,171.16,55.012,15.498,83.430481,70.792038,96.274185,4.9139795,128.6,97.183159,28.172035,311.13211,233.76718,442.4013722,425.9746537,456.7200214
8/1/1988,101.8182,101.5463,59.222,168.54,55.175,15.524,84.054161,73.711067,93.280922,5.1438546,123.78,97.239784,28.135931,305.46442,224.34073,443.1461365,430.0152951,453.5615607
9/1/1988,101.8648,101.7638,59.4956,164.69,55.444,14.467,74.842659,72.93438,74.347778,5.3825002,126.8,97.247719,26.092995,297.03845,228.69923,431.538803,428.9560133,430.8753787
10/1/1988,101.8492,101.9729,58.5462,165.32,55.625,13.798,73.450233,71.80867,65.830246,5.6105533,132.35,97.31134,24.805393,297.2045,237.93259,429.6608075,427.4005221,418.7079398
11/1/1988,101.8084,102.0895,57.5641,167.9,55.754,13.977,68.798416,55.859085,77.55838,5.7573719,138.79,97.438652,25.069054,301.14432,248.93282,423.1180721,402.283218,435.1030943
12/1/1988,101.7643,102.071,57.6463,178.06,55.928,16.266,90.39872,82.279739,94.384125,5.8772655,139.54,97.557137,29.083822,318.37363,249.49936,450.4230108,441.0124893,454.7372892
1/1/1989,101.7391,101.9685,58.8673,184.4,56.215,17.983,89.24659,89.095222,82.815033,4.1060891,145.29,97.726128,31.989683,328.02634,258.45416,449.1403213,448.9705708,441.6609603
2/1/1989,101.6257,101.8326,59.1977,181.37,56.402,17.826,91.618553,88.437469,91.774567,4.1759143,143.36,97.810913,31.605263,321.56662,254.17538,451.7633795,448.2295737,451.9335211
3/1/1989,101.4502,101.7046,60.1818,192.72,56.612,19.445,87.733772,79.901108,93.086624,4.2194424,142.34,97.945755,34.347843,340.42252,251.43079,447.4306911,438.078972,453.35305
4/1/1989,101.2879,101.6121,60.7379,197.16,56.989,21.04,83.579094,77.834389,84.563286,4.9173918,145.54,97.892876,36.919407,345.96149,255.38261,442.5793417,435.4583352,443.7500201
5/1/1989,101.2011,101.6136,62.3075,190.4,57.197,20.032,103.82851,116.75053,80.266983,5.0506759,142.45,97.83931,35.022816,332.88458,249.05153,464.2740596,476.0039436,438.5358366
6/1/1989,101.2037,101.7509,63.8003,187,57.322,20.005,89.461555,97.678947,68.486633,5.2156029,139.7,97.749748,34.899342,326.22726,243.71097,449.380898,458.168605,422.6638588
7/1/1989,101.28,101.9078,63.2983,183.69,57.459,19.644,84.753105,84.326042,78.832497,5.6197071,155.09,97.790207,34.187855,319.68881,269.91418,443.9742383,443.4690738,436.732531
8/1/1989,101.3789,102.0366,63.928,180.92,57.466,18.522,109.17729,115.95725,115.18624,5.092978,151.23,97.815872,32.231232,314.82965,263.16431,469.2973075,475.3221589,474.6550297
9/1/1989,101.4903,102.1684,64.9645,187.95,57.594,19.594,85.545845,79.419579,88.943741,4.8569341,155.64,97.890762,34.020905,326.33609,270.23648,444.9052431,437.4744925,448.8004046
10/1/1989,101.4857,102.257,64.4618,191.54,57.819,20.091,69.524673,68.156113,64.535484,4.8373632,150.3,97.836174,34.748093,331.27518,259.94916,424.1681697,422.1800853,416.7215212
11/1/1989,101.4332,102.326,64.7943,191.39,57.945,19.82,92.828712,71.749733,112.52257,4.4981236,155.91,97.883842,34.204849,330.29596,269.06549,453.0755988,427.3184133,472.3153824
12/1/1989,101.4071,102.3809,64.8801,198.15,58.113,21.088,112.55353,101.52502,128.65443,4.4976387,160.75,97.837372,36.287922,340.97363,276.61624,472.3428931,462.0305271,485.7129973
1/1/1990,101.3889,102.3677,65.2869,201.95,58.553,22.641,81.544044,76.011421,80.726074,6.0151682,152.94,97.82618,38.667534,344.90121,261.19925,440.1143291,433.0883605,439.1061621
2/1/1990,101.3215,102.3138,66.1879,197.72,58.811,22.108,77.407211,81.10881,65.389038,6.1239023,145.93,97.737297,37.591606,336.19562,248.13385,434.9079942,439.5791587,418.035463
3/1/1990,101.2586,102.2294,67.764,196.03,59.033,20.418,67.591942,68.186722,59.722858,6.0360904,137.02,97.733383,34.587433,332.06851,232.10747,421.3488775,422.2249854,408.9714828
4/1/1990,101.2245,102.1893,68.1042,194.29,59.157,18.582,81.643845,97.976547,54.792671,5.152812,134.02,97.565041,31.411329,328.43112,226.54968,440.2366434,458.4728134,400.3556444
5/1/1990,101.1369,102.1378,67.7392,194.81,59.29,18.237,86.40712,97.816574,66.843781,4.9967217,147.98,97.516586,30.758982,328.57144,249.58678,445.907008,458.3094031,420.235827
6/1/1990,101.009,102.0961,67.9757,185.31,59.552,16.871,79.681107,72.84642,80.652878,4.9182229,146.21,97.41629,28.329863,311.17343,245.51653,437.8032506,428.8353389,439.0154489
7/1/1990,100.7838,101.963,66.9314,190.01,59.699,18.638,85.78743,82.369255,81.847137,4.3498554,147.38,97.499023,31.219954,318.28003,246.87181,445.1872492,441.1212248,440.4853325
8/1/1990,100.381,101.6115,65.9052,225.1,60.096,27.174,250.45108,353.76312,128.2502,4.9669695,133,97.47541,45.217651,374.56735,221.31256,552.3263612,586.8627537,485.3983044
9/1/1990,99.9415,101.0786,65.5218,248.25,60.465,33.687,188.66054,262.12363,106.95481,5.2609997,118.33,97.439148,55.713223,410.56808,195.7,523.9949316,556.8816263,467.2406409
10/1/1990,99.6529,100.8048,64.4507,253.46,60.811,35.922,143.85257,172.94637,105.10759,5.5348907,129.84,97.13855,59.071548,416.79959,213.51401,496.8788956,515.2981546,465.4984492
11/1/1990,99.5822,100.7685,64.509,238.08,60.888,32.3,158.74355,201.18106,115.40346,5.7185326,127.18,96.815437,53.048222,391.013,208.87531,506.7290007,530.4205299,474.8434336
12/1/1990,99.6251,100.6762,65.6037,214.38,60.945,27.337,153.16243,194.64853,103.18326,5.7447252,129.8,96.477737,44.855198,351.7598,212.97891,503.1498992,527.1195522,463.6506631
1/1/1991,99.7204,100.4462,65.89,204.03,61.177,24.959,379.24979,360.03281,479.71585,8.3312626,134.08,96.259644,40.798012,333.50769,219.16733,593.8195065,588.6195166,617.3193949
2/1/1991,99.9823,100.4124,65.5421,190.46,61.208,20.523,339.35803,253.79163,490.27374,8.1635742,146.18,96.030876,33.52993,311.16849,238.825,582.7055686,553.6513576,619.4963888
3/1/1991,100.366,100.6043,67.9982,194.83,61.221,19.86,148.61832,133.98248,171.39545,7.8582783,142.09,95.831177,32.43985,318.24048,232.09357,500.1381409,489.7709045,514.397346
4/1/1991,100.5087,100.696,69.0961,196.89,61.332,20.823,97.76001,100.77496,88.505547,7.8033595,143.66,95.724625,33.951283,321.02328,234.23335,458.2515598,461.2889912,448.3065228
5/1/1991,100.5012,100.6539,69.5669,195.29,61.586,21.24,88.569023,95.45739,79.067688,9.0240316,145.48,95.690926,34.488358,317.10129,236.22252,448.3782169,455.867997,437.0304296
6/1/1991,100.4572,100.4212,70.6303,186.84,61.69,20.195,87.733833,99.798851,69.488586,8.8794985,136.54,95.70507,32.736263,302.86917,221.33247,447.4307606,460.315667,424.1162509
7/1/1991,100.3952,100.1274,70.811,188.31,61.787,21.42,115.18468,144.65106,84.731201,8.8866491,143.04,95.604195,34.667488,304.77286,231.505,474.6536753,497.4324359,443.9483905
8/1/1991,100.3501,100.0138,70.2779,190.43,61.931,21.688,113.49503,133.41467,87.345291,8.580904,142,95.4963,35.019619,307.48737,229.28743,473.1759047,489.3462097,446.9869126
9/1/1991,100.2903,100.0838,69.5824,192.07,62.144,21.857,117.94219,154.14365,74.796638,8.107996,145.84,95.348717,35.171535,309.07248,234.68074,477.0194589,503.788496,431.4772937
10/1/1991,100.099,100.1328,69.4747,198.15,62.26,23.228,100.83181,122.64443,77.956482,7.9867067,148.52,95.290016,37.308064,318.26212,238.54802,461.3453881,480.9289356,435.6150748
11/1/1991,99.8299,100.1537,68.8844,194.45,62.397,22.465,100.74233,120.33022,77.582062,8.102788,141.49,95.163261,36.003334,311.63358,226.75769,461.2566069,479.0239797,435.1336241
12/1/1991,99.6353,100.1199,68.5179,179.89,62.553,19.517,103.96954,135.23251,58.747433,7.8677435,151.26,95.085892,31.200743,287.58014,241.81094,464.4097972,490.6995593,407.3247458
1/1/1992,99.5769,100.0483,68.7701,179.25,62.638,18.82,102.95763,126.15647,69.45668,4.7012429,147.78,94.98851,30.04566,286.16815,235.92708,463.4317544,483.7522962,424.0703249
2/1/1992,99.6738,100.0055,69.9191,184.28,62.797,18.995,87.203468,101.09597,62.860504,4.6915798,144.87,94.998863,30.24826,293.45352,230.69574,446.8244101,461.6070264,414.0918049
3/1/1992,99.8416,99.8712,71.4185,183.13,62.949,18.916,85.297318,107.12957,53.69252,5.0201411,137.52,94.934128,30.049723,290.91803,218.46257,444.6143012,467.4039036,398.3273699
4/1/1992,99.9416,99.6611,71.4206,188.21,63.119,20.243,85.855621,92.641197,74.401253,5.0966234,138.57,94.96843,32.071167,298.1828,219.5377,445.266706,452.8733935,430.9472783
5/1/1992,99.9482,99.4932,71.1032,190.22,63.203,20.94,78.968147,93.082291,56.43539,3.8757107,143.98,94.940216,33.13134,300.96674,227.80565,436.9044569,453.3483951,403.3096444
6/1/1992,99.8481,99.4065,70.3217,194.47,63.315,22.375,93.849091,124.33614,49.730015,4.2140174,138.52,95.011459,35.339176,307.14682,218.77911,454.1688077,482.2988704,390.6608674
7/1/1992,99.6516,99.3053,69.3966,188.42,63.524,21.759,75.19677,92.428864,51.642941,4.0072007,138.21,95.020683,34.253197,296.6123,217.5713,432.0108278,452.6439311,394.4353516
8/1/1992,99.4307,99.0738,69.1534,184.77,63.609,21.35,81.645195,87.556793,70.159523,3.7452199,142.19,95.069794,33.564434,290.47775,223.53755,440.2382969,447.2287646,425.0771549
9/1/1992,99.2412,98.733,69.8129,187.78,63.713,21.902,74.609718,92.689262,45.738724,3.9509442,140.46,95.082848,34.37603,294.72791,220.45737,431.2270767,452.925263,382.2945291
10/1/1992,99.1792,98.3931,71.459,187.31,63.938,21.688,68.182777,71.336258,58.993061,3.7347758,136.32,95.051666,33.920361,292.95569,213.20654,422.2191996,426.7404726,407.7419827
11/1/1992,99.3103,98.1182,73.8778,181.72,64.064,20.342,91.008995,109.62292,68.556908,3.6259308,138.92,94.907333,31.752623,283.65384,216.84566,451.0958348,469.7046477,422.7664174
12/1/1992,99.4635,97.9034,74.3782,179.51,64.176,19.407,83.420967,97.294037,60.885471,3.6866713,139.6,94.814743,30.240276,279.71515,217.52679,442.3899681,457.7737703,410.8994575
1/1/1993,99.5341,97.7813,75.4316,179.79,64.332,19.075,128.91808,144.89354,114.82777,4.0514588,139.88,94.715744,29.650873,279.47211,217.43456,485.9177164,497.5999266,474.3433354
2/1/1993,99.533,97.7855,75.8759,183.63,64.429,20.053,90.468063,105.261,64.637405,4.1273084,143.02,94.689339,31.124184,285.01141,221.98079,450.4996893,465.644298,416.8793268
3/1/1993,99.5242,97.8486,75.6647,188.26,64.561,20.347,94.241447,99.914673,80.288094,4.0650897,151.33,94.579727,31.51593,291.60019,234.39848,454.5860074,460.4316552,438.5621341
4/1/1993,99.4967,97.9664,74.755,187.49,64.733,20.27,112.72166,144.03902,72.713913,4.1115704,157.84,94.551445,31.31324,289.63589,243.83235,472.4921594,497.0084235,428.6532742
5/1/1993,99.3812,97.9384,75.0323,184.19,64.933,19.94,110.72975,137.38629,77.883865,4.1761198,161.84,94.471893,30.708576,283.66162,249.24153,470.7092548,492.2796593,435.5218807
6/1/1993,99.2229,97.7817,75.812,177.31,64.955,19.07,104.19525,125.46405,73.332115,4.0371332,159.32,94.438835,29.358788,272.9736,245.2775,464.6266543,483.2019263,429.4998644
7/1/1993,99.0954,97.703,76.9967,174.3,65.059,17.866,123.31479,131.75841,107.08215,4.2798295,163.2,94.377335,27.461227,267.91068,250.84923,481.4740354,488.0970018,467.3596297
8/1/1993,99.0476,97.7242,77.2073,175.38,65.17,18.009,97.241676,97.085625,94.735573,4.5342278,169.88,94.382675,27.633881,269.11154,260.67209,457.7199385,457.5593321,455.1089569
9/1/1993,99.0708,97.7607,77.2887,173.08,65.238,17.514,89.16478,97.456596,76.930183,4.3806162,166.27,94.386871,26.846317,265.30551,254.86679,449.0486119,457.940711,434.2898296
10/1/1993,99.1673,97.7401,78.1658,176.37,65.443,18.145,106.16591,130.30681,65.22377,4.4205937,169.87,94.460831,27.726418,269.50171,259.5694,466.5003059,486.9891747,417.7823973
11/1/1993,99.3467,97.7616,79.2584,171.61,65.567,16.699,83.480179,105.13096,51.355938,4.3977346,159.77,94.53756,25.468605,261.73227,243.67441,442.4609226,465.5206811,393.8780567
12/1/1993,99.6603,97.921,79.9361,164.12,65.582,14.51,79.551796,97.065681,50.134674,4.6252022,167.2,94.656212,22.124973,250.25159,254.948,437.6408332,457.5387873,391.4712865
1/1/1994,99.9869,98.1489,81.9806,171.29,65.604,15,83.489975,93.091835,65.270424,4.6891212,177.8,94.772774,22.86446,261.09689,271.02005,442.4726565,453.3586479,417.8539009
2/1/1994,100.2085,98.5272,82.062,173.61,65.756,14.78,117.24207,148.14723,76.488106,4.7178788,175.54,94.940117,22.477036,264.02155,266.95663,476.4240772,499.8206577,433.7135252
3/1/1994,100.3565,99.0048,82.6208,170.4,65.937,14.66,93.474037,98.562347,79.419533,4.841917,168.17,95.114487,22.233343,258.4285,255.04648,453.7683719,459.0689312,437.4744346
4/1/1994,100.5115,99.5512,83.251,173.76,66.015,16.38,95.356972,116.44586,68.708939,4.6352668,173.18,95.269173,24.812542,263.21292,262.33432,455.7627449,475.7426444,422.9879307
5/1/1994,100.6677,100.0697,83.2652,174.57,66.111,17.88,104.46679,122.9767,73.906204,4.6053991,173.42,95.379807,27.045424,264.05591,262.31641,464.8869222,481.1994907,430.2796776
6/1/1994,100.7968,100.4388,83.2283,178.4,66.272,19.07,120.35224,148.29607,79.949852,4.753819,173.01,95.472481,28.775351,269.19363,261.06049,479.0422776,499.9210748,438.1399588
7/1/1994,100.89,100.6367,82.2735,179.44,66.481,19.65,99.640236,115.40326,75.470879,4.8340807,175.99,95.555946,29.557318,269.91171,264.72226,460.1566059,474.8432603,432.3746873
8/1/1994,100.992,100.7914,82.2333,174.6,66.634,18.38,98.227028,122.92201,66.640152,5.1189046,180.8,95.644028,27.583515,262.02838,271.33295,458.7281412,481.1550089,419.9307279
9/1/1994,101.0655,100.8992,81.4699,171,66.708,17.46,98.898483,131.31796,51.33683,5.3082018,175.73,95.766182,26.173773,256.34106,263.43167,459.40939,487.7621558,393.8408428
10/1/1994,101.0899,100.8936,80.9927,174.86,66.821,17.71,94.85363,118.89934,64.505692,5.300107,180.44,95.885147,26.503645,261.6842,270.03488,455.2334967,477.8277253,416.6753468
11/1/1994,101.0695,100.8171,81.3965,177.73,66.948,18.1,86.529808,100.79308,70.689461,5.3683829,172.09,96.019211,27.035908,265.4747,257.05026,446.0488956,461.3069702,425.8296495
12/1/1994,101.0403,100.7149,83.467,174.93,66.991,17.16,96.047501,107.74174,81.616096,5.2066474,173.07,96.070656,25.615381,261.12463,258.34814,456.4842871,467.9737067,440.2026497
1/1/1995,100.9915,100.6274,85.8253,176.9,67.127,17.99,80.154678,84.899139,70.477058,5.2638583,169.69,96.068069,26.799946,263.53033,252.78949,438.3958243,444.1463952,425.5287238
2/1/1995,100.8636,100.581,85.436,176.71,67.246,18.53,76.875328,72.59407,77.145996,5.2122531,170.82,95.985275,27.555542,262.78143,254.02254,434.2184993,428.4883238,434.5699679
3/1/1995,100.7228,100.5913,84.8004,176.9,67.37,18.55,82.244446,79.159042,79.87529,5.0881042,178.85,95.956253,27.534512,262.57977,265.47424,440.9695862,437.1459019,438.0466543
4/1/1995,100.6781,100.6818,82.3387,182.6,67.547,19.87,99.19088,93.923035,99.147942,5.2987127,185.1,95.879974,29.416553,270.33029,274.0314,459.7046075,454.247567,459.6613098
5/1/1995,100.7003,100.7895,82.2584,182.61,67.651,19.74,87.842529,96.409195,79.349617,5.4293356,185.79,95.825233,29.179169,269.9295,274.6301,447.5545768,456.8601581,437.386362
6/1/1995,100.799,100.8142,82.5265,178.39,67.717,18.42,104.60776,121.57905,85.120949,5.2933435,184.85,95.749924,27.201441,263.4346,272.9743,465.0217736,480.0564669,444.4073174
7/1/1995,100.8705,100.7346,82.5078,173.85,67.802,17.3,107.64542,115.32477,100.19745,5.0856838,194.01,95.730148,25.515472,256.40836,286.142,467.8842678,474.7752235,460.7142739
8/1/1995,100.8491,100.5836,84.4627,177.17,67.948,18.03,106.93478,118.49734,100.76746,4.759757,189.42,95.722153,26.534998,260.7435,278.772,467.2219116,477.4890513,461.2815486
9/1/1995,100.7138,100.3603,85.6727,182.07,67.995,18.23,71.20517,72.984016,68.817551,4.7403259,194.25,95.703133,26.810795,267.76968,285.68277,426.5565428,429.0240458,423.1458814
10/1/1995,100.5952,100.1246,85.5807,180.74,68.171,17.44,67.741501,64.277809,69.12648,4.5843983,190.64,95.601044,25.582726,265.12741,279.64972,421.5699005,416.3214455,423.593787
11/1/1995,100.5143,99.9135,86.8467,186.09,68.169,17.99,76.333496,78.812622,69.865883,4.4695334,196.97,95.526321,26.390295,272.98331,288.94366,433.5111846,436.7073162,424.6577447
12/1/1995,100.4902,99.6964,87.5988,196.96,68.3,19.04,65.672058,68.982018,55.3638,4.3851781,202.29,95.471672,27.877012,288.37482,296.17862,418.4673538,423.3845862,401.3925951
1/1/1996,100.495,99.5312,88.3185,194.45,68.452,18.88,75.634926,73.66008,79.682465,4.2346377,205.87,95.37207,27.581371,284.06766,300.75089,432.5918161,429.9460997,437.8049549
2/1/1996,100.5365,99.4451,88.52,194.9,68.56,19.07,80.420921,85.975975,69.157791,4.1718826,206.49,95.42524,27.815052,284.27655,301.18146,438.7274354,445.4067897,423.639072
3/1/1996,100.6209,99.4321,88.5167,200.72,68.767,21.36,82.147614,77.891006,84.088196,4.2639694,209.27,95.517822,31.061411,291.88419,304.31747,440.85178,435.531049,443.18662
4/1/1996,100.6481,99.428,88.786,212.4,68.973,23.57,84.828621,71.231972,98.646362,4.2743664,214.08,95.706673,34.172791,307.94659,310.38232,444.0632998,426.5941763,459.1541354
5/1/1996,100.6396,99.4621,89.2877,209.26,69.092,21.25,65.530823,59.192993,68.710739,4.1502199,213.7,95.730263,30.756094,302.87152,309.29776,418.2520612,408.0803173,422.9905504
6/1/1996,100.663,99.4665,89.6896,201.83,69.091,20.45,69.088585,72.525932,61.670174,3.9852042,214.14,95.967682,29.598646,292.12198,309.93906,423.5389522,428.3944181,412.180041
7/1/1996,100.7022,99.437,89.5819,202.76,69.237,21.32,80.644318,74.906937,85.272194,3.9916744,205.87,95.935402,30.792784,292.84921,297.341,439.004835,431.6246503,444.5848422
8/1/1996,100.7463,99.4573,89.1762,199.1,69.303,21.96,81.687645,81.733742,85.693893,3.8392882,208.21,95.972191,31.686939,287.28915,300.43433,440.2902766,440.3466915,445.0781563
9/1/1996,100.7682,99.4484,89.6331,202.63,69.499,23.99,88.196976,87.048286,92.839005,3.6945388,215.68,95.897835,34.518482,291.55817,310.33539,447.9572677,446.6462976,453.0866864
10/1/1996,100.7743,99.4003,90.0393,209.64,69.709,24.9,55.58683,56.879757,49.544357,3.7248902,217.28,96.053459,35.719921,300.73593,311.69577,401.7946303,404.0939513,390.2868369
11/1/1996,100.7583,99.3805,89.655,210.8,69.833,23.71,57.344612,58.057617,51.038422,3.7138104,228.18,96.071457,33.952431,301.86301,326.75098,404.907889,406.1435914,393.2578722
12/1/1996,100.7265,99.4427,90.652,220.48,69.914,25.39,74.982635,80.178627,66.176483,3.7433541,224.21,96.266029,36.316044,315.35886,320.694,431.7256553,438.4256983,419.2325158
1/1/1997,100.7519,99.5346,91.5269,214.32,70.005,25.17,54.062435,53.257828,55.227325,3.5678017,226.2,96.150772,35.954575,306.14957,323.11978,399.0139582,397.5144798,401.1457849
2/1/1997,100.8375,99.5478,93.2512,194.83,70.151,22.21,50.55994,54.501366,43.509159,3.4728591,228.63,96.253128,31.660276,277.72946,325.91125,392.3159563,399.8225766,377.2971468
3/1/1997,100.954,99.5608,94.0187,192.94,70.225,20.99,58.480061,56.366299,59.907318,3.0993288,223.28,96.182663,29.889641,274.74545,317.94946,406.8685859,403.1871444,409.2798668
4/1/1997,101.1033,99.6307,94.7587,191.24,70.294,19.72,62.844486,62.376057,61.280483,3.0194445,229.42,96.37394,28.053604,272.05737,326.3721,414.0663198,413.31815,411.5461407
5/1/1997,101.2742,99.78,93.8091,198.61,70.262,20.83,53.576015,53.544285,49.572899,2.8966594,244.28,96.373924,29.646181,282.67056,347.67014,398.1101487,398.0509069,390.3444293
6/1/1997,101.4311,99.9825,93.5546,186.5,70.352,19.17,39.045624,36.685635,38.639481,2.9218423,255.64,96.572899,27.248692,265.09552,363.37274,366.4730809,360.2385262,365.4274578
7/1/1997,101.5367,100.21,94.4769,185.35,70.394,19.63,47.698425,47.42841,43.43375,2.8436553,267.21,96.569267,27.885899,263.30368,379.59201,386.4898378,385.9221416,377.1236789
8/1/1997,101.5606,100.4532,96.1728,194.26,70.45,19.93,48.582298,46.308628,49.425003,2.8864453,249.68,96.61528,28.289568,275.74167,354.40738,388.3259226,383.5328294,390.045643
9/1/1997,101.5448,100.634,96.5385,197.21,70.62,19.79,42.689087,41.639343,41.087933,2.8836136,262.7,96.623199,28.023222,279.25516,371.99094,375.3943314,372.9045466,371.5714477
10/1/1997,101.4869,100.6983,96.956,205.75,70.712,21.26,49.746307,58.689461,34.460205,2.7575202,247.63,96.891068,30.065619,290.96899,350.19516,390.693623,407.2260171,353.980518
11/1/1997,101.4345,100.7143,98.6245,199.35,70.716,20.17,59.693371,79.036308,32.765533,2.6079185,250.98,96.799004,28.522541,281.90225,354.9126,408.9220976,436.9907342,348.937714
12/1/1997,101.3946,100.6967,102.231,181.94,70.701,18.32,43.998268,48.362331,35.839134,2.4234328,253.86,96.893295,25.91194,257.33725,359.0614,378.415027,387.8721226,357.9040425
1/1/1998,101.45,100.7303,105.1038,170.94,70.736,16.71,53.096302,59.82127,42.487816,2.3112092,259.83,96.526505,23.623049,241.65913,367.32358,397.2107284,409.1361283,374.9217352
2/1/1998,101.5351,100.8481,104.0776,169.02,70.699,16.06,77.597618,101.84083,45.368019,2.334111,277.3,96.473595,22.716021,239.06985,392.2262,435.1536731,462.3411104,381.480743
3/1/1998,101.572,100.9973,103.8506,164.28,70.71,15.02,57.248062,65.501999,44.516712,2.4754024,288.52,96.121109,21.241692,232.32924,408.03281,404.739379,418.2080661,379.5864669
4/1/1998,101.5811,101.0894,103.7603,165.93,70.798,15.44,50.996582,58.767384,38.00285,2.1837449,290.7,96.056282,21.808525,234.37103,410.60483,393.1758611,407.3587007,363.7661157
5/1/1998,101.5454,101.2148,104.5376,161.63,70.895,14.86,94.473488,129.79889,43.802757,2.2235284,286.15,95.835312,20.960575,227.98505,403.62509,454.8319245,486.5986253,377.9696761
6/1/1998,101.4812,101.3548,106.7315,154.5,70.835,13.66,76.309074,94.954681,48.778854,2.087245,291.36,95.828415,19.284252,218.11252,411.32208,433.4791857,455.3399736,388.7296899
7/1/1998,101.4264,101.5354,107.0722,149.22,71.01,14.08,54.048416,64.22628,38.299324,2.0255322,289.82,95.589226,19.828194,210.13942,408.13971,398.9880237,416.2412473,364.5432246
8/1/1998,101.3564,101.632,108.9952,141.12,71.108,13.36,97.020859,83.938553,123.83875,1.9088321,257.87,95.658905,18.788322,198.45868,362.64554,457.4925997,443.0085019,481.8980316
9/1/1998,101.2998,101.7201,107.8864,148.43,71.067,14.95,62.513443,68.476952,55.129616,2.0075345,254.06,95.594803,21.036488,208.85925,357.49362,413.5381622,422.6497221,400.9687067
10/1/1998,101.307,101.8384,105.2264,149.59,71.223,14.39,54.403648,57.895927,48.278042,2.1433415,277.29,95.759628,20.204147,210.03047,389.32648,399.643121,405.8647037,387.697684
11/1/1998,101.4146,101.9288,105.3305,144.36,71.226,12.85,67.965927,88.071342,38.602264,2.1752038,293.08,95.701187,18.041164,202.6788,411.47894,421.9006506,447.8147191,365.3310928
12/1/1998,101.5284,101.942,104.6001,131.83,71.298,11.28,75.959892,86.280396,64.999756,2.213192,306.33,95.8638,15.820921,184.89999,429.6474,433.0205464,445.7602411,417.4383516
1/1/1999,101.6839,101.9149,104.724,135.35,71.398,12.47,63.987225,69.461212,53.77272,2.1408341,313.12,95.841988,17.465475,189.57114,438.55569,415.8683454,424.0768496,398.4766275
2/1/1999,101.7848,101.7894,106.0406,132.49,71.358,12.01,58.316383,67.283997,44.17395,1.961753,304.24,95.988846,16.830629,185.66945,426.35724,406.5883066,420.8922422,378.8135249
3/1/1999,101.7753,101.5516,107.2651,143.93,71.412,14.66,83.397278,89.738358,75.18808,1.9541584,317.21,95.949905,20.528763,201.54875,444.19705,442.3615671,449.6898303,431.9992708
4/1/1999,101.7463,101.329,106.6133,155.45,71.757,17.34,106.19801,112.34139,103.23338,2.1898873,331.02,96.070671,24.16489,216.63391,461.30692,466.530537,472.154236,463.699225
5/1/1999,101.7647,101.2372,106.4256,156.83,71.804,17.75,85.441132,89.377563,80.671417,2.0239074,318.51,96.030296,24.720072,218.41402,443.58252,444.7827624,449.2869678,439.0384324
6/1/1999,101.81,101.2944,107.0573,158.35,71.826,17.89,79.410545,75.961349,83.76152,1.9670471,333.54,96.136688,24.907415,220.46335,464.37222,437.4631168,433.0224645,442.7973713
7/1/1999,101.8465,101.43,107.1989,165.24,72.017,20.07,62.142872,66.837288,54.257927,2.0962162,332.28,96.205215,27.86842,229.44583,461.39105,412.9436121,420.2261128,399.3749102
8/1/1999,101.8879,101.5946,106.2463,177.76,72.148,21.26,62.858643,65.262108,57.959991,2.2149005,332.48,96.372978,29.467207,246.38243,460.83051,414.0888443,417.8411592,405.9752962
9/1/1999,101.9542,101.7925,105.5727,187.73,72.407,23.88,69.581512,75.542664,62.214027,2.1739471,329,96.435173,32.980236,259.27051,454.37595,424.24989,432.4697583,413.0580489
10/1/1999,102.0285,102.029,105.1655,184.93,72.529,22.64,72.353485,79.384109,60.161953,2.1191986,345.81,96.704262,31.215099,254.97388,476.7886,428.1563621,437.429821,409.7040143
11/1/1999,102.1308,102.1961,105.4119,191.92,72.594,24.97,57.963867,60.386982,52.497967,2.0632179,355.79,96.823128,34.396782,264.37448,490.10938,405.9819834,410.0773552,396.0774445
12/1/1999,102.2401,102.3113,105.4915,194.62,72.763,26.08,86.084938,95.510826,86.469734,2.1004014,381.23,97.055374,35.842392,267.4711,523.93384,445.533446,455.9239602,445.9794457
1/1/2000,102.3564,102.4069,105.2406,200.1,72.961,27.18,64.457809,65.573601,64.250412,2.2976344,360.07,97.046936,37.252777,274.2561,493.51022,416.6010886,418.3173191,416.2788136
2/1/2000,102.3659,102.4425,106.5548,211.05,73.191,29.35,63.541721,57.65136,68.082169,2.5446758,359.62,97.278282,40.100559,288.35513,491.34457,415.1696714,405.4413837,422.0715343
3/1/2000,102.3156,102.4329,106.5845,213.93,73.505,29.89,50.101986,55.030735,40.816406,2.5969424,384.24,97.470207,40.663902,291.04141,522.73993,391.4060648,400.7891847,370.9084108
4/1/2000,102.2959,102.3851,107.2299,200.38,73.444,25.74,48.682739,53.304905,40.917027,2.2249551,368.03,97.782654,35.047112,272.83371,501.10287,388.5324532,397.6028353,371.1546284
5/1/2000,102.2874,102.3354,109.6804,219.05,73.505,28.78,79.48288,77.269699,83.227814,2.3755293,358.03,97.85244,39.153801,298.00693,487.08252,437.5541653,434.7301887,442.1581595
6/1/2000,102.2546,102.2573,108.5729,230.14,73.754,31.83,64.717819,73.574669,53.1744,2.7323987,370.14,97.995346,43.156982,312.03732,501.85751,417.0036573,429.8300795,397.3577078
7/1/2000,102.2475,102.2233,108.7205,221.99,73.939,29.77,51.904022,57.316975,41.059078,2.7255182,360.51,97.913864,40.26292,300.23398,487.57761,394.9396282,404.8596828,371.5011956
8/1/2000,102.1873,102.1196,109.4996,230.87,73.934,31.22,46.492256,49.192291,41.585922,2.6681366,375.38,97.930435,42.226852,312.26498,507.72311,383.9285761,389.5736924,372.7761697
9/1/2000,102.0569,101.9313,110.8176,247.6,74.252,33.88,52.689999,64.444992,35.192142,2.7653112,356.48,97.773575,45.628399,333.45905,480.09482,396.4425665,416.5812023,356.0822819
10/1/2000,101.9589,101.9304,112.4624,243.67,74.353,33.08,76.456528,82.387604,77.610146,2.7076416,350.37,97.759079,44.490471,327.72046,471.2251,433.6722318,441.1434989,435.1698166
11/1/2000,101.8266,102.0532,113.4048,251.79,74.457,34.4,45.060562,44.357689,47.20681,2.8990433,329.5,97.636436,46.201164,338.16833,442.53729,380.8007407,379.2286065,385.4538162
12/1/2000,101.6157,102.1525,112.3249,244.64,74.571,28.46,45.3951,46.16898,43.983353,2.9200234,334.6,97.61277,38.16497,328.0632,448.69989,381.540417,383.2308144,378.3811221
1/1/2001,101.4096,102.1548,112.1425,238.86,74.932,29.58,46.899555,53.702358,38.343319,2.9064748,341.72,97.475136,39.475792,318.76901,456.04013,384.8008187,398.3456911,364.6580301
2/1/2001,101.2394,102.0448,112.8649,231.5,75.048,29.61,55.087711,63.689892,45.426674,2.8582149,312.13,97.519585,39.45475,308.46924,415.90717,400.892666,415.4025869,381.6099466
3/1/2001,101.1411,101.891,114.689,220.15,75.055,27.24,61.708954,66.722183,56.866989,2.7488871,290.06,97.376549,36.293385,293.31824,386.46326,412.2429042,420.0537476,404.0715015
4/1/2001,101.0748,101.676,115.4385,222.91,75.187,27.41,50.568737,52.77367,47.172199,3.1139216,311.77,97.33725,36.455769,296.47412,414.65945,392.3333539,396.6012392,385.3804715
5/1/2001,101.0266,101.4505,115.2588,222.35,75.385,28.64,60.376862,61.344994,56.864189,3.3616195,308.11,97.16642,37.991642,294.95258,408.71527,410.0605952,411.651357,404.0665776
6/1/2001,100.9852,101.2403,115.9473,213.33,75.518,27.6,72.064339,79.313103,64.214478,3.1602559,298.6,97.10305,36.547577,282.48895,395.40244,427.7559317,437.3403348,416.2228699
7/1/2001,100.8948,101.0765,116.333,202.85,75.493,26.45,61.072941,65.492783,52.618771,2.9508662,292.49,96.768539,35.036362,268.70041,387.43988,411.2068904,418.1939953,396.3072919
8/1/2001,100.6985,100.9259,114.5411,203.79,75.484,27.47,64.107735,55.232075,74.892204,2.8890891,278.47,96.655685,36.391819,269.97775,368.91263,416.0565027,401.1543853,431.60498
9/1/2001,100.4353,100.799,114.944,196.35,75.227,25.88,498.64789,260.16962,841.17749,2.6757462,252.89,96.331886,34.402542,261.01001,336.16919,621.1900215,556.1333803,673.4802684
10/1/2001,100.3066,100.7323,115.6559,178.09,75.492,22.21,512.52972,261.34741,854.07495,2.4935477,258.53,96.126396,29.420336,235.90579,342.46011,623.93587,556.5850595,675.0018953
11/1/2001,100.3623,100.7482,116.1748,169.7,75.441,19.67,306.78589,149.79523,509.74612,2.2342267,273.86,95.944252,26.073355,224.944,363.01215,572.6150078,500.9269228,623.3912798
12/1/2001,100.5442,100.8652,116.2321,168.06,75.363,19.33,236.09975,126.19801,381.9725,2.1386089,276.12,95.963684,25.649191,223.00067,366.38669,546.4254385,483.7852181,594.5348616
1/1/2002,100.7103,100.9704,117.5814,168.97,75.431,19.67,172.4772,106.91624,262.28702,2.1764126,268.07,95.893417,26.076813,224.00604,355.3844,515.0265054,467.2045724,556.94394
2/1/2002,100.8371,100.9818,118.2322,172.75,75.558,20.74,146.18571,95.780312,212.9055,2.0566189,265.14,95.989853,27.449112,228.63231,350.90924,498.48778,456.2057152,536.0848405
3/1/2002,100.9471,100.8836,117.5449,193.59,75.763,24.42,151.97636,99.123344,219.96884,2.1435068,276.48,95.988647,32.232094,255.52051,364.92746,502.3724982,459.6364974,539.34859
4/1/2002,100.9789,100.6862,117.1734,199.87,76.08,26.27,157.49655,100.74445,225.64035,2.1644685,266.92,96.096893,34.529442,262.7103,350.84122,505.9403553,461.2587112,541.894236
5/1/2002,100.9702,100.5244,115.7598,200.67,76.13,27.02,163.32231,142.24683,209.40878,1.9041841,267.04,96.111221,35.49192,263.58859,350.76843,509.572561,495.7563788,534.4288227
6/1/2002,100.8573,100.352,114.5036,197.03,76.225,25.52,149.33043,127.79075,189.12349,1.8296136,250.44,96.161591,33.479828,258.48474,328.55362,500.6161502,485.0394161,524.2400188
7/1/2002,100.7026,100.215,112.9253,203.28,76.393,26.94,122.77834,94.349678,168.41974,1.9861971,229.25,96.170418,35.265011,266.09769,300.09293,481.0380616,454.7007859,512.6459316
8/1/2002,100.5514,100.0608,114.262,208.91,76.543,28.38,127.06451,101.69574,157.46445,2.1014941,229.56,96.197739,37.077198,272.93155,299.90985,484.469491,462.1985414,505.9199719
9/1/2002,100.4034,99.9026,115.0741,223.81,76.681,29.67,174.90334,174.53145,188.71919,2.0869236,203.85,96.040947,38.692764,291.87152,265.84161,516.4233478,516.2104955,524.0260143
10/1/2002,100.2418,99.6668,115.9185,222.71,76.821,28.85,172.03192,167.02582,197.39906,2.3086774,218.79,95.947021,37.554836,289.90771,284.80493,514.7680041,511.8148411,528.5227365
11/1/2002,100.1279,99.3505,114.7414,212.17,76.897,26.27,159.12759,155.01375,179.06284,2.5673032,230.56,95.867752,34.162582,275.91452,299.82965,506.9706333,504.3513823,518.7736806
12/1/2002,99.9835,99.034,114.094,230.03,76.971,29.42,175.81172,182.99956,175.19843,2.6946003,219.23,95.759857,38.222187,298.85281,284.82156,516.941365,520.9483748,516.5919217
1/1/2003,99.7808,98.8054,112.7789,244.54,77.201,32.94,206.4346,245.81755,176.95985,2.874603,212.47,95.747902,42.667843,316.75757,275.21664,532.9983655,550.4589594,517.5922871
2/1/2003,99.6062,98.6576,112.5997,264.19,77.526,35.87,239.61093,296.7598,213.08032,3.1122684,208.07,95.752617,46.268349,340.776,268.38739,547.9016483,569.2923057,536.1669184
3/1/2003,99.5958,98.6052,112.0789,246.7,77.725,33.55,358.71118,362.41107,429.1442,3.1752448,206.82,95.628204,43.165005,317.40109,266.09198,588.2517552,589.277912,606.1792993
4/1/2003,99.8434,98.7208,111.1299,221.67,77.593,28.25,255.77518,212.60545,331.60324,2.8020587,224.58,95.532959,36.407925,285.68298,289.43332,554.4298856,535.9438101,580.3939194
5/1/2003,100.1209,98.9068,107.2115,228.18,77.504,28.14,162.12187,153.39629,186.84636,2.5896733,236.88,95.443634,36.307804,294.41061,305.63583,508.8348336,503.3024704,523.0286675
6/1/2003,100.2898,99.0886,106.6124,235.02,77.588,30.72,145.76973,127.83353,176.91827,2.5233114,241.07,95.432343,39.59375,302.90765,310.70526,498.2028185,485.0728871,517.5687875
7/1/2003,100.3581,99.1953,107.7695,233.18,77.816,30.76,134.89891,108.3928,167.44865,2.4693799,246.07,95.573341,39.529144,299.65561,316.22031,490.4525683,468.5761666,512.0676737
8/1/2003,100.3497,99.2304,109.1304,241.36,78.079,31.59,138.23093,109.64906,180.00012,2.502701,251.15,95.80896,40.459023,309.1228,321.66141,492.8925692,469.7284902,519.2957518
9/1/2003,100.3543,99.2762,107.949,228.54,78.323,28.29,118.19628,99.720467,143.55717,2.6308281,252.33,96.007301,36.119659,291.79169,322.16589,477.2346632,460.2370942,496.6733353
10/1/2003,100.4236,99.3477,105.6339,242.23,78.333,30.33,108.31738,93.028328,129.94328,2.580132,267.26,96.235413,38.719315,309.23111,341.18442,468.5065621,453.2904049,486.7098048
11/1/2003,100.5546,99.4299,105.4734,246.29,78.432,31.09,118.08669,93.331589,153.24634,2.5245328,270.92,96.44902,39.639431,314.01724,345.42023,477.1419016,453.6158625,503.2046692
12/1/2003,100.6942,99.4628,103.9806,261.24,78.605,32.15,129.46507,107.44404,164.98053,2.5310712,287.12,96.62294,40.900707,332.34528,365.26938,486.3411115,467.6970154,510.5827467
1/1/2004,100.8405,99.5103,102.1976,269.2,78.909,34.27,113.46759,106.71729,126.08519,2.3227429,292.27,96.683105,43.429775,341.15247,370.38867,473.1517245,467.0183188,483.695779
2/1/2004,100.8281,99.5881,102.6578,266.28,79.077,34.74,115.07597,104.11482,129.24428,2.1714809,297.45,96.688118,43.931866,336.73508,376.15234,474.5592519,464.5494329,486.1704257
3/1/2004,100.7835,99.5877,103.7508,280.09,79.199,36.76,138.53207,109.12394,183.70297,2.1427345,295.17,96.681313,46.414726,353.65344,372.69409,493.1101851,469.24843,521.332016
4/1/2004,100.7442,99.5065,104.6152,284.06,79.346,36.69,149.63139,121.14622,205.3252,2.4110904,287.8,96.804382,46.240517,358.00168,362.71521,500.817487,479.6998246,532.4595064
5/1/2004,100.7234,99.4481,106.3226,303.19,79.604,40.28,121.09119,91.965393,159.94843,2.7814915,289.55,96.912819,50.600471,380.87283,363.73801,479.6543898,452.1412343,507.4851451
6/1/2004,100.7671,99.4518,105.2344,292.66,79.831,38.02,137.23392,106.79374,178.03662,3.0214133,294.61,96.943192,47.62561,366.59943,369.04211,492.1686915,467.0899311,518.1989259
7/1/2004,100.8233,99.4954,104.4112,299.01,79.905,40.69,131.01985,121.26778,159.81219,2.9975064,284.92,97.023048,50.92297,374.20688,356.57343,487.5348838,479.8001158,507.3999313
8/1/2004,100.8239,99.5747,104.5459,308.01,79.946,44.94,140.36583,127.44524,176.45432,2.9614503,286.3,97.048355,56.212944,385.27255,358.11673,494.4252086,484.7686782,517.3062033
9/1/2004,100.7984,99.6608,104.1587,315.05,80.104,45.95,153.87161,130.20607,189.35522,2.9075418,291.74,97.023537,57.362926,393.30121,364.20154,503.6118553,486.9118349,524.3624722
10/1/2004,100.8008,99.7039,102.5448,356.74,80.448,53.13,119.86279,100.50788,148.24448,3.1228855,298.64,96.997673,66.042664,443.44171,371.22116,478.6347672,461.0236132,499.8862803
11/1/2004,100.8555,99.7156,99.7651,341.19,80.758,48.46,122.70739,98.926651,151.67926,3.1461422,314.51,97.008942,60.006439,422.48447,389.44748,480.9802578,459.4378677,502.176816
12/1/2004,100.952,99.781,98.6694,314.3,80.801,43.33,109.89523,81.604774,145.22534,2.941349,326.34,97.048477,53.625572,388.98035,403.88113,469.9527457,440.1887765,497.8286605
1/1/2005,101.0312,99.8802,99.2915,324.44,80.907,46.84,100.88759,78.198563,128.53487,2.7748666,319.13,97.219032,57.893631,401.00363,394.44052,461.4006927,435.9251271,485.6200229
2/1/2005,101.0125,99.9337,99.5192,332.78,81.132,47.97,108.97797,104.77036,108.79598,2.8844709,329.46,97.320374,59.12587,410.17108,406.07898,469.1145752,465.1770907,468.9474385
3/1/2005,100.877,99.8718,98.8986,373.9,81.375,54.31,90.410484,87.226334,87.87674,2.9288116,321.76,97.514847,66.740402,459.47772,395.40399,450.4360234,446.8506281,447.5935151
4/1/2005,100.7286,99.6928,99.806,371.48,81.603,53.04,87.032402,72.532631,102.85391,2.9431486,314.06,97.609909,64.997612,455.22836,384.86331,446.6280486,428.4036543,463.3309632
5/1/2005,100.6716,99.4684,100.3656,350.42,81.649,49.83,98.205963,89.932693,104.90989,2.6429148,319.64,97.71682,61.02953,429.17856,391.48059,458.7066937,449.9061535,465.3101791
6/1/2005,100.7123,99.3277,101.3319,382.78,81.7,56.26,81.124054,69.8825,93.417526,2.4346433,322.5,97.76796,68.861687,468.51898,394.73685,439.5979514,424.681526,453.7078972
7/1/2005,100.6747,99.2897,101.7665,396.24,82.046,58.7,165.90192,118.18357,237.56502,2.6736965,334.2,97.875648,71.545227,482.94858,407.33246,511.139677,477.2239094,547.0441354
8/1/2005,100.4678,99.3484,100.4173,431.25,82.377,64.97,116.22766,92.683075,143.29123,2.7672207,335.76,97.883644,78.869102,523.50775,407.58951,475.5550854,452.9185878,496.4879133
9/1/2005,100.2191,99.3985,100.2415,455.22,83.172,65.57,103.80766,78.456703,130.27203,3.0912404,344.81,98.000916,78.836624,547.32361,414.57462,464.2539764,436.2546918,486.9624803
10/1/2005,100.1995,99.4843,101.2591,444.9,83.305,62.37,87.061829,73.187653,105.56188,3.018434,336.02,98.047279,74.869453,534.06158,403.36115,446.6618544,429.3026732,465.9297321
11/1/2005,100.429,99.6384,102.032,418.57,83.131,58.3,83.480095,70.604462,96.029587,2.6934316,347.25,98.234886,70.13028,503.5065,417.7142,442.460822,425.7093344,456.4656342
12/1/2005,100.753,99.9068,101.3296,435.45,83.131,59.43,95.35025,69.644608,130.67891,2.7824228,355.27,98.418671,71.489578,523.81183,427.36163,455.7556954,424.3405282,487.2743246
1/1/2006,100.9797,100.1397,100,442.11,83.534,65.51,94.510017,89.323471,100.19158,3.1024566,372.1,98.671188,78.423157,529.25757,445.44736,454.8705829,449.2264286,460.7084153
2/1/2006,101.0283,100.254,100.2112,422.48,83.584,61.63,95.858192,89.405762,102.79865,2.9246056,370.99,98.889244,73.734207,505.4556,443.85291,456.2869933,449.3185132,463.2772221
3/1/2006,100.9897,100.3083,100.4281,427.57,83.746,62.9,92.797623,88.042229,97.036026,2.7511427,378.23,99.147079,75.108063,510.55573,451.6395,453.0421025,447.7816574,457.5082312
4/1/2006,100.8849,100.3322,99.7435,469.82,84.135,69.69,89.0158,85.911011,92.830711,2.889859,389.73,99.272179,82.831161,558.41205,463.21982,448.8813882,445.3312005,453.0777523
5/1/2006,100.7124,100.3002,97.5118,477.93,84.361,70.94,85.208778,84.033127,82.277428,3.1331861,374.16,99.360825,84.090988,566.52954,443.52249,444.5104457,443.121109,441.0096805
6/1/2006,100.6184,100.2758,98.6927,471.66,84.569,70.96,102.57277,90.384537,115.67947,3.2091341,373.72,99.317879,83.907814,557.72211,441.91135,463.0572498,450.4073202,475.0823177
7/1/2006,100.5919,100.3312,98.4387,490.32,84.858,74.41,137.13483,134.39635,142.08606,3.0698192,376.2,99.330559,87.687668,577.81232,443.32886,492.0964602,490.079327,495.643293
8/1/2006,100.6183,100.4042,97.7138,485.64,85.125,73.05,147.08112,141.55646,159.18817,3.0868816,384.99,99.323586,85.81498,570.5022,452.26431,499.0984271,495.2698648,507.0086962
9/1/2006,100.7613,100.4942,97.9814,434.44,84.902,63.87,111.72426,110.28041,114.77067,2.4448702,389.41,99.363503,75.227913,511.69583,458.6582,471.6033871,470.3026304,474.2935963
10/1/2006,100.9661,100.5897,98.3156,431.13,84.702,58.88,113.1353,125.29189,99.273918,2.1180837,403.44,99.530922,69.514297,508.99625,476.30518,472.8584448,483.0646135,459.7882878
11/1/2006,101.0787,100.7176,97.5133,442.17,84.731,59.37,88.778923,87.275772,86.71051,2.3559494,413.5,99.749908,70.06881,521.8515,488.01501,448.6149268,446.9072899,446.2575099
12/1/2006,101.1329,100.848,96.7951,445.75,85.032,62.03,90.60656,95.78138,78.769653,2.6730061,422.14,100.02884,72.949005,524.21442,496.44839,450.6526617,456.2068303,436.6527808
1/1/2007,101.1421,100.9063,97.8338,408.14,85.316,54.57,97.920044,95.613449,97.65374,2.4190392,426.15,100.22746,63.962212,478.38623,499.496,458.4151268,456.031349,458.1427957
2/1/2007,101.0796,101.0058,97.4764,435.21,85.581,59.26,96.169357,98.155739,90.955673,2.50704,423.44,100.52705,69.244339,508.53577,494.78271,456.6110773,458.6555391,451.0372278
3/1/2007,101.0006,101.1102,97.0118,446.64,85.894,60.56,87.336502,86.152122,83.918602,2.7141943,430.71,100.70454,70.505508,519.98975,501.44363,446.9768497,445.6114594,442.9847305
4/1/2007,100.9785,101.2133,95.6322,469.59,86.096,63.97,76.61338,69.225517,83.419281,2.6162043,449.1,100.89416,74.300781,545.42603,521.62701,433.8771735,423.7369537,442.387947
5/1/2007,100.9974,101.3193,94.7225,470.56,86.346,63.46,92.599586,82.30323,103.89259,2.6471484,461.38,101.06907,73.49501,544.97021,534.33856,452.8284671,441.0410354,464.3357577
6/1/2007,100.9723,101.3106,94.4449,485.25,86.529,67.48,97.972313,87.080597,109.30941,2.7489574,458.71,101.19576,77.985413,560.79462,530.12286,458.4684918,446.6834092,469.4182485
7/1/2007,100.9265,101.1785,93.2059,504.65,86.661,74.18,112.34625,103.2634,127.13468,2.7996664,450.12,101.11791,85.597908,582.32654,519.4032,472.158562,463.7283006,484.5246997
8/1/2007,100.7702,100.8913,93.7603,490.16,86.72,72.39,83.173203,73.12574,100.14825,2.7521291,448.38,101.20496,83.475555,565.22137,517.04333,442.0925217,429.2180425,460.6651588
9/1/2007,100.5688,100.5546,92.4366,528.83,87.054,79.93,94.488869,94.93998,92.248726,3.144665,470.32,101.158,91.816574,607.47351,540.26239,454.8482039,455.3244902,452.4488473
10/1/2007,100.3251,100.2231,90.4002,559.36,87.318,86.2,101.47301,103.61027,97.495163,3.6059425,486.96,101.40132,98.71962,640.60101,557.68573,461.9792852,464.0636456,457.9802767
11/1/2007,100.0472,99.846,89.053,600.37,87.781,94.62,89.795448,95.73848,81.568428,4.1170297,466.14,101.44798,107.79098,683.94073,531.02606,449.7534284,456.1620308,440.1442275
12/1/2007,99.8353,99.5422,90.005,593.12,87.984,91.73,94.967491,98.531372,84.130768,4.0724978,459.58,101.688,104.25759,674.12256,522.34497,455.3534633,459.0374995,443.237235
1/1/2008,99.617,99.2786,89.3971,606.71,88.206,92.95,81.499825,76.402374,83.747643,4.2922478,423.27,101.69627,105.37832,687.83301,479.86533,440.0600873,433.6013769,442.7808027
2/1/2008,99.3047,99.1179,88.6434,638.87,88.382,95.35,80.751465,72.528511,86.752792,4.5365758,422.62,101.83276,107.88396,722.85083,478.17429,439.1376104,428.397974,446.3062603
3/1/2008,98.9276,98.951,86.8399,689.26,88.635,105.56,77.636139,72.029678,83.48439,4.6145239,416.52,101.67728,119.09517,777.63861,469.92722,435.2033028,427.7078229,442.4659668
4/1/2008,98.4622,98.6576,86.5475,717.95,88.799,112.57,71.904808,69.45797,69.992744,4.677072,438.33,101.77627,126.76945,808.51135,493.62042,427.5343133,424.0721821,424.839158
5/1/2008,98.0054,98.1892,86.8245,778.15,89.18,125.39,72.573799,70.67775,74.789787,4.9608464,443.31,101.57999,140.60327,872.5611,497.09576,428.4603961,425.8130813,431.4681338
6/1/2008,97.6488,97.6386,87.0728,832.3,89.827,133.93,87.548424,88.886063,80.344902,5.4400311,405.94,101.59416,149.09772,926.55884,451.91312,447.2192057,448.7355359,438.6328643
7/1/2008,97.5368,97.3174,86.4538,818.89,90.245,133.44,89.739571,84.322487,88.160683,5.6639156,395.69,101.24714,147.86415,907.40759,438.46198,449.691182,443.4648579,447.9161093
8/1/2008,97.6162,97.3553,88.945,716.84,90.172,116.61,88.554108,75.769714,105.06571,5.4139094,387.38,101.0707,129.31952,794.9696,429.6012,448.3613755,432.7698661,465.4585964
9/1/2008,97.6257,97.4342,91.2651,644,90.247,103.9,88.542557,82.014267,94.461006,5.2865396,339.94,100.51015,115.12848,713.59711,376.67734,448.3483306,440.689322,454.8187114
10/1/2008,97.3555,97.3099,98.04,495.93,89.651,76.65,64.159798,53.11739,75.282661,4.7075768,273.37,100.07833,85.498207,553.17847,304.92688,416.1376815,397.250437,432.1249843
11/1/2008,97.1084,97.1521,100.7667,405.96,88.593,57.44,79.080971,68.30365,95.143562,3.4066794,254.7,98.947754,64.835823,458.23035,287.49451,437.0472277,422.3963206,455.538693
12/1/2008,96.9718,96.9701,99.6622,338.27,88.098,41.02,92.366432,83.843132,109.21497,2.5919774,263.72,98.042976,46.561783,383.97012,299.34845,452.5763623,442.8947577,469.3318142
1/1/2009,96.9094,96.8543,100.3521,346.03,88.108,41.74,85.369476,86.313171,89.712547,2.312063,240.25,96.942429,47.373676,392.73392,272.67673,444.6988613,445.7982205,449.6610637
2/1/2009,96.9186,96.7945,102.9737,327.47,88.266,39.16,67.452675,64.772911,64.586357,2.0405233,215.79,96.378738,44.365894,371.00357,244.47693,421.1426241,417.0887476,416.8003197
3/1/2009,97.1483,96.9078,103.4397,350.86,88.169,47.98,72.644623,69.177109,74.832977,1.7080889,233.02,95.7743,54.418221,397.94031,264.2879,428.5579375,423.6670013,431.5258657
4/1/2009,97.6123,97.2467,100.7162,367.12,88.295,49.79,85.688499,84.485367,83.981285,1.4580687,259.8,95.845352,56.390511,415.78799,294.24091,445.0718616,443.6578348,443.0593976
5/1/2009,98.0744,97.6576,97.5519,410.82,88.387,59.16,89.680862,86.637024,92.64315,1.0348403,283.48,95.821671,66.932922,464.79684,320.72589,449.6257391,446.1727253,452.8755016
6/1/2009,98.4192,98.0855,96.0426,458.22,88.912,69.68,81.109589,80.800819,74.591331,0.66920549,281.52,96.155701,78.369621,515.36353,316.62769,439.5801191,439.1987102,431.2024294
7/1/2009,98.6423,98.526,95.6605,429.21,88.922,64.09,83.439621,82.10675,80.12088,0.26523587,305.95,96.21801,72.074402,482.68146,344.06558,442.4123268,440.802023,438.3536494
8/1/2009,98.8488,98.9616,94.373,466.68,89.18,71.06,73.37188,64.709175,78.043854,0.51777631,317.52,96.491966,79.681541,523.30121,356.04395,429.5540756,416.9903,435.7270899
9/1/2009,99.0682,99.3681,93.6638,453.77,89.324,69.46,92.839989,97.49292,77.784645,0.46882439,330.97,96.531357,77.761856,508.00458,370.52753,453.0877463,457.977976,435.3944047
10/1/2009,99.1659,99.6427,92.2598,492.51,89.663,75.82,90.576401,88.229912,90.425148,0.79277968,324.92,96.794273,84.561081,549.2901,362.37912,450.6193705,447.9946044,450.4522415
11/1/2009,99.1949,99.757,91.7996,509.71,89.887,78.08,82.101761,74.315384,85.009789,1.727428,337.76,96.83786,86.864616,567.0564,375.76068,440.7959466,430.8317983,444.2766415
12/1/2009,99.2589,99.7336,92.2586,505.07,89.939,74.3,92.946915,89.343346,95.871368,2.3394871,344.2,97.039406,82.611549,561.56952,382.70383,453.2028524,449.2486768,456.3007376
1/1/2010,99.333,99.5601,92.4403,520.05,90.136,78.22,91.581024,84.972992,100.41094,2.5138235,329.06,97.129196,86.779976,576.96149,365.07056,451.7224089,444.2333465,460.9271165
2/1/2010,99.353,99.2961,93.8867,503.83,90.134,76.42,80.725357,78.846275,80.711739,2.4523211,332.63,97.399521,84.784874,558.97888,369.03943,439.1052739,436.7500071,439.0884029
3/1/2010,99.3526,99.0795,93.1499,523.07,90.261,81.24,74.116943,73.49691,70.039345,2.532645,353.24,97.546638,90.005653,579.5083,391.35397,430.5644157,429.7243365,424.9057156
4/1/2010,99.3327,98.8865,92.6391,543.75,90.31,84.48,88.761581,92.056915,81.268402,2.6295178,352.88,97.819778,93.544456,602.09277,390.74301,448.595391,452.2407027,439.7757282
5/1/2010,99.2851,98.6087,95.5306,499.87,90.339,73.84,88.95871,87.49411,85.857391,2.5827584,317.27,97.995956,81.736572,553.3269,351.19937,448.8172329,447.1571477,445.2687676
6/1/2010,99.2394,98.5536,96.0606,497,90.301,75.35,96.453697,110.69172,70.988625,2.2992291,306.5,98.174713,83.443153,550.38153,339.42038,456.9063069,470.674904,426.2519653
7/1/2010,99.1895,98.8274,94.4547,503.57,90.378,76.37,79.381378,75.185379,84.048233,2.3968589,331.66,98.250748,84.500656,557.18207,366.96985,437.4263807,431.9956784,443.1390836
8/1/2010,99.2055,99.223,93.6822,517.41,90.502,76.82,80.993866,71.95153,85.982574,2.3314154,318.67,98.378456,84.882103,571.71112,352.11377,439.4373423,427.5992698,445.4144648
9/1/2010,99.2315,99.4767,92.7626,526.98,90.592,75.31,71.168549,68.94754,69.293953,2.4936011,348.81,98.416908,83.130959,581.70697,385.034,426.5050993,423.3345926,423.8357644
10/1/2010,99.2759,99.5721,90.2291,561.66,90.881,81.9,65.991936,62.09618,76.168915,2.6997833,360.93,98.527,90.117844,618.01697,397.14572,418.9532553,412.8684473,433.295344
11/1/2010,99.357,99.5982,90.5095,579.86,91.062,84.14,94.70517,98.689148,83.266502,2.7331226,351.97,98.615486,92.398582,636.77496,386.51688,455.0768592,459.1974991,442.2046331
12/1/2010,99.3927,99.4861,91.1835,614.79,91.268,89.04,97.203896,100.39768,91.762108,2.9432201,378.44,98.705528,97.558838,673.60962,414.64697,457.6810793,460.9139099,451.9199446
1/1/2011,99.3551,99.3465,90.1112,634.64,91.542,89.42,79.421616,76.593567,78.806984,3.1032,385.43,98.795799,97.681938,693.2774,421.04172,437.4770573,433.8513091,436.7001622
2/1/2011,99.2469,99.2462,89.3967,661.45,91.797,89.58,90.014488,90.189339,85.486832,3.2499096,396.25,98.864098,97.584885,720.55731,431.659,449.9970635,450.1911227,444.8362352
3/1/2011,99.0185,99.0963,88.4872,708.39,92.166,102.94,136.88831,126.96573,157.47984,3.5110617,393.67,98.871376,111.68977,768.60229,427.13147,491.9165338,484.3917208,505.929745
4/1/2011,98.8868,98.9479,86.9214,744.46,92.557,110.04,91.017769,72.92318,111.94474,3.7034161,409.63,98.845665,118.8889,804.32599,442.57053,451.1054751,428.9406558,471.8005357
5/1/2011,98.8785,98.8904,86.9464,695.69,92.838,101.33,105.34492,95.506638,123.8261,3.9032278,399.13,98.882423,109.14712,749.35907,429.92093,465.7239919,455.9195753,481.8878162
6/1/2011,98.7935,98.8644,86.9412,679.94,92.819,96.29,84.391846,71.391129,98.272758,3.9755504,392.16,98.858002,103.73953,732.54401,422.49969,443.5470786,426.8173618,458.7746858
7/1/2011,98.5554,98.7193,86.3178,689.45,92.977,97.19,78.924759,59.019047,102.11176,4.0462999,384.62,98.85186,104.53123,741.52747,413.67221,436.8494981,407.7860222,462.60679
8/1/2011,98.2734,98.407,86.8983,651.72,93.196,86.33,86.951569,63.504677,112.49906,4.078887,356.02,98.800591,92.632729,699.30042,382.01212,446.5351285,415.1113557,472.2944866
9/1/2011,98.1649,98.127,89.7253,639.04,93.327,85.61,83.350449,70.606689,95.267441,4.0683417,322.3,98.725151,91.731224,684.73218,345.34485,442.3053996,425.7124885,455.6688105
10/1/2011,98.1846,97.9394,90.6098,625.65,93.329,86.41,76.339935,64.185104,92.343315,3.932806,356.32,98.645897,92.586441,670.37042,381.78915,433.5196196,416.1771159,452.5513316
11/1/2011,98.3208,97.8777,91.2649,653.51,93.52,97.21,83.157677,95.574532,70.110039,3.7896473,345.45,98.704147,103.94568,698.79169,369.38623,442.0738528,455.9906383,425.0065993
12/1/2011,98.5075,97.8281,92.2056,642.72,93.574,98.57,85.341324,88.894081,77.476479,3.5354893,344.34,98.770714,105.33909,686.85748,367.98685,444.6658792,448.744556,434.9974394
1/1/2012,98.7175,97.8435,91.6463,661.12,93.894,100.24,79.634972,93.609596,62.068432,3.424336,363.41,98.917465,106.75868,704.11316,387.04285,437.7453343,453.91329,412.8237518
2/1/2012,98.8667,97.9408,89.9605,685.82,94.104,102.25,92.445824,104.2075,78.599861,3.3929679,380.71,98.926804,108.65638,728.78943,404.56305,452.6622786,464.6384104,436.4369931
3/1/2012,98.9348,98.0023,90.5112,701.92,94.284,106.19,88.759979,87.856483,85.856987,3.2908299,383.14,98.985626,112.62781,744.47412,406.36798,448.5935861,447.5704608,445.268297
4/1/2012,98.9361,97.9295,90.8156,681.61,94.408,103.33,96.016685,101.92078,86.384369,3.1539772,377.57,98.894958,109.45047,721.98328,399.93433,456.4521978,462.4195845,445.8806745
5/1/2012,98.9041,97.8334,92.4928,637.66,94.302,94.7,78.171158,80.634888,69.743546,2.835218,342.88,98.894096,100.42205,676.18927,363.59781,435.8900756,438.9931409,424.4824886
6/1/2012,98.8107,97.744,93.8809,579.93,94.254,82.41,77.822433,70.232162,82.174736,2.6804626,359.38,98.747704,87.433952,615.28424,381.28885,435.4429732,425.1806354,440.8847907
7/1/2012,98.758,97.6221,93.4062,627.42,94.288,87.93,82.808022,79.336266,91.000801,2.5695186,363.95,98.70768,93.256828,665.42932,385.99823,441.6524941,437.3695351,451.0868309
8/1/2012,98.7563,97.4492,92.5283,661.68,94.605,94.16,74.878357,70.989159,78.111618,2.7208416,371.63,98.587723,99.529625,699.41333,392.82278,431.586489,426.2527175,435.8138804
9/1/2012,98.7979,97.2654,90.9802,670.25,94.893,94.72,69.28051,68.402824,65.871262,2.8001485,381.99,98.534019,99.817688,706.32184,402.54813,423.8163626,422.541411,418.7702261
10/1/2012,98.8576,97.1741,90.7566,654.57,95.174,89.57,81.663666,74.206009,88.030899,2.774472,379.02,98.349335,94.111839,687.76135,398.23901,440.2609178,430.6845131,447.7687878
11/1/2012,98.8666,97.1347,91.4751,639.84,95.109,86.66,81.389641,75.658463,89.048416,2.6205597,383.13,98.327965,91.116508,672.7439,402.83255,439.9248004,432.6229304,448.9180222
12/1/2012,98.8197,97.1659,90.8804,640.09,95.094,88.25,74.831558,66.240524,82.978615,2.6832683,391.37,98.222672,92.80291,673.11292,411.56119,431.5239694,419.3292421,441.8582924
1/1/2013,98.8899,97.3286,90.8255,658.1,95.275,94.69,90.657494,84.139893,108.94932,2.6391256,408.93,98.249153,99.385986,690.73737,429.21017,450.7088603,443.2480806,469.088282
2/1/2013,99.0087,97.4716,91.5509,669.41,95.614,95.32,81.590332,77.605316,85.658173,2.7345302,408.67,98.25544,99.692513,700.11713,427.41647,440.1710775,435.163593,445.0364643
3/1/2013,99.119,97.5439,92.4132,648.2,95.488,92.96,75.896721,81.891754,69.396812,2.4461162,415.79,98.375443,97.352547,678.82874,435.43692,432.9373482,440.5398302,423.984093
4/1/2013,99.2265,97.5915,92.0478,624.14,95.391,92.07,95.107872,99.52195,87.472755,2.2658045,427.25,98.442894,96.518539,654.29651,447.8934,455.5011742,460.0378223,447.1327373
5/1/2013,99.373,97.6296,92.529,627.12,95.461,94.8,83.717316,75.329224,98.227592,2.3619895,425.26,98.523132,99.307571,656.93842,445.48035,442.7445838,432.186816,458.7287153
6/1/2013,99.502,97.7904,93.2836,622.56,95.673,95.8,82.973007,78.821884,86.634201,2.6622918,413.06,98.468994,100.13274,650.71649,431.74146,441.8515338,436.7190674,446.1694668
7/1/2013,99.6067,98.061,93.8724,639.34,95.792,104.7,73.975815,71.55719,72.675873,2.79074,432.95,98.53022,109.29932,667.42523,451.96884,430.3738215,427.049699,428.6009459
8/1/2013,99.618,98.403,93.7149,645.98,95.934,106.56,90.956749,80.739578,106.97909,2.6181664,423.18,98.586601,111.07636,673.35876,441.11575,451.0384108,439.1228889,467.2633395
9/1/2013,99.5602,98.7049,93.4706,645.31,95.976,106.29,100.45933,100.38423,100.16348,2.462893,444.18,98.597824,110.74644,672.36603,462.80319,460.9752969,460.9005123,460.6803651
10/1/2013,99.4824,98.86,92.4993,633.4,96.103,100.54,72.953117,65.501663,78.730026,2.3678932,461.4,98.656624,104.61692,659.08453,480.10989,428.9817002,418.2075532,436.6024607
11/1/2013,99.5058,98.9956,93.3737,614.88,96.246,93.86,77.779022,92.498878,52.438381,2.5436318,467.48,98.676414,97.520935,638.86292,485.71368,435.3871755,452.7196515,395.9638785
12/1/2013,99.5893,99.15,93.534,631.12,96.414,97.68,70.37249,70.094612,66.790726,2.5465481,475.54,98.678612,101.31309,654.59375,493.22711,425.380242,424.9845929,420.1564239
1/1/2014,99.6439,99.3331,94.4648,617.15,96.614,94.62,77.91597,70.480766,83.145897,2.4576969,456.61,98.567665,97.936119,638.77905,472.61267,435.5630938,425.533985,442.059686
2/1/2014,99.6934,99.5113,94.6456,640.25,96.66,100.82,69.003525,73.278656,59.086555,2.2866325,477.72,98.542717,104.30374,662.37329,494.22717,423.415759,429.426938,407.9003403
3/1/2014,99.7839,99.6765,94.4408,645.89,96.815,100.8,119.83855,151.67477,74.06189,2.4670849,478.92,98.507729,104.1161,667.13837,494.67542,478.614542,502.1738557,430.4901095
4/1/2014,99.8942,99.779,93.9956,653.2,96.987,102.07,93.221542,113.13993,60.9063,2.7630904,482.89,98.553665,105.24091,673.49231,497.89148,453.4978832,472.8625371,410.9336618
5/1/2014,99.9462,99.8431,93.67,652.42,97.147,102.18,83.428856,91.698753,76.150436,2.8926282,490.91,98.634659,105.18081,671.5802,505.32697,442.3994245,451.850878,433.2710805
6/1/2014,99.9545,99.8356,93.8274,657.64,97.253,105.79,98.767105,95.322968,107.18201,2.7771511,499.49,98.704651,108.77814,676.21564,513.59857,459.2764604,455.7270789,467.4528417
7/1/2014,99.927,99.7421,93.6039,636.15,97.391,103.59,138.75395,162.7151,118.54684,2.7166884,491.99,98.719284,106.36507,653.19177,505.16989,493.2702221,509.2000819,477.5308157
8/1/2014,99.9107,99.5742,94.5808,609.56,97.379,96.54,136.44559,158.59349,112.11449,2.6102071,502.16,98.766647,99.13842,625.96661,515.67584,491.5925927,506.6344262,471.9520581
9/1/2014,99.9242,99.463,96.1209,588.77,97.413,93.21,131.55666,143.39539,120.78192,2.5255182,485.41,98.824959,95.685379,604.40601,498.30106,487.9437633,496.560578,479.3986605
10/1/2014,99.9787,99.4639,97.4396,548.78,97.384,84.4,83.661003,86.33345,77.193932,2.467,487.96,98.773773,86.667213,563.52173,501.06793,442.6772955,445.8217124,434.6320853
11/1/2014,100.0875,99.5553,99.1147,521.86,97.291,75.79,84.380051,88.46994,76.337532,2.2457614,495.7,98.732841,77.900322,536.39081,509.50241,443.5331011,448.2662833,433.5164718
12/1/2014,100.2757,99.8062,101.4441,449.58,97.12,59.29,86.526222,81.273224,96.237366,2.045646,485.92,98.748108,61.048187,462.91187,500.3295,446.0447513,439.7816614,456.6817702
1/1/2015,100.4834,100.2283,103.7607,388.27,96.654,47.52,111.98569,83.503906,153.33984,1.8235583,477.43,98.77179,49.165062,401.71127,493.95782,471.8371095,442.4893409,503.2656635
2/1/2015,100.6206,100.6929,105.1685,412.94,96.825,50.58,111.9247,118.2252,107.79053,1.9398196,503.37,98.77845,52.238575,426.48077,519.87604,471.7826324,477.259128,468.0189807
3/1/2015,100.68,100.9846,107.3647,403.38,97.008,47.82,104.23527,117.48873,83.632851,2.1049368,494.14,98.822945,49.294903,415.82138,509.38068,464.6650556,476.6342414,442.6436397
4/1/2015,100.6774,101.0074,106.3523,423.74,97.094,54.45,102.19049,110.18873,95.086456,1.9372755,506.12,98.801735,56.079674,436.42242,521.26807,462.6838621,470.2194623,455.4786541
5/1/2015,100.6106,100.8567,105.4065,443.38,97.327,59.27,76.262329,77.668732,72.861885,2.0049477,504.9,98.805977,60.897797,455.55704,518.7666,433.4179094,435.2452757,428.8565663
6/1/2015,100.5585,100.6845,106.179,436.71,97.516,59.85,85.905968,81.066086,88.789429,2.0219107,492.68,98.837143,61.374542,447.8342,505.22992,445.3253303,439.5264699,448.62676
7/1/2015,100.4476,100.5708,108.1236,402.76,97.605,50.91,106.80866,120.84297,86.168816,1.970283,498.39,98.880447,52.159214,412.64279,510.61932,467.1039009,479.4491934,445.6308349
8/1/2015,100.3556,100.6118,109.9768,360.85,97.612,42.87,82.478531,85.338593,74.028297,1.9772297,464.26,98.836021,43.918781,369.67792,475.61774,441.2538029,444.6626791,430.4447412
9/1/2015,100.3252,100.7258,110.8513,362.49,97.477,45.48,98.767456,115.88519,79.345352,1.8694474,446.31,98.768402,46.657162,371.87234,457.86185,459.2768158,475.259996,437.3809869
10/1/2015,100.4315,100.8638,109.9036,364.46,97.477,46.23,91.931885,79.726318,108.51442,1.9710131,480.96,98.686188,47.426571,373.89334,493.40869,452.1047922,437.8599745,468.6883067
11/1/2015,100.5682,101.0079,111.6916,345.91,97.538,42.65,150.71588,113.04398,213.99352,2.1230481,476.82,98.630836,43.726547,354.64127,488.85562,501.5396475,472.7776947,536.5945734
12/1/2015,100.6144,101.0885,112.7857,315.99,97.456,37.19,148.23688,115.22437,204.63127,2.2216659,467.59,98.536247,38.160812,324.23862,479.79602,499.8811535,474.6881271,532.1209677
1/1/2016,100.5482,101.0366,115.2344,289.97,97.496,31.67,118.21114,124.23914,109.5291,2.3427346,439.63,98.609772,32.483383,297.41733,450.92105,477.2472348,482.2208257,469.6190267
2/1/2016,100.4397,100.8707,114.2817,293.46,97.445,30.6,103.74965,91.322021,117.58202,2.1929748,435.92,98.595673,31.40233,301.15451,447.34979,464.1980786,451.4391952,476.7136133
3/1/2016,100.3758,100.6926,111.8934,324.99,97.673,37.8,109.72029,98.026932,127.76814,2.1025212,466.55,98.656517,38.700562,332.7327,477.66528,469.7934309,458.5242257,485.0217215
4/1/2016,100.3799,100.6017,110.0171,337.79,97.993,40.76,85.221451,80.822441,93.122986,2.1574368,472.59,98.644852,41.594807,344.70828,482.26913,444.5253174,439.2254662,453.392105
5/1/2016,100.4336,100.5659,111.1405,361.37,98.153,46.76,88.33242,84.461365,93.639656,2.1224296,472.07,98.651932,47.639908,368.1701,480.95322,448.1107198,443.6294211,453.9453969
6/1/2016,100.4235,100.568,111.5596,377.37,98.325,48.8,90.168129,80.512863,100.85738,2.2025814,467.54,98.677223,49.631325,383.79861,475.5047,450.1676028,438.841696,461.370744
7/1/2016,100.3435,100.5576,112.4773,354.83,98.342,44.69,114.61045,97.098045,145.14874,2.1623781,487.34,98.715706,45.443451,360.81226,495.55634,474.1538987,457.5721241,497.775901
8/1/2016,100.3254,100.589,111.4384,353.51,98.479,44.76,98.738487,82.440468,121.4537,2.12567,487,98.719162,45.451313,358.96994,494.52167,459.247481,441.2076433,479.953312
9/1/2016,100.3582,100.6919,112.3169,353.19,98.666,45.22,104.54523,95.489594,121.1505,2.3123045,488.99,98.748978,45.83139,357.96527,495.60132,464.9619801,455.9017278,479.7033574
10/1/2016,100.3926,100.8675,113.4747,372.96,98.868,49.81,85.747787,79.648087,100.30768,2.3588336,480.34,98.767693,50.380306,377.23026,485.83969,445.1410278,437.7618018,460.8242262
11/1/2016,100.4608,101.042,116.1075,359.92,98.901,45.73,82.918755,81.225647,83.97506,2.4032297,483.97,98.793602,46.238159,363.91946,489.34793,441.7861273,439.7231047,443.051985
12/1/2016,100.5142,101.1425,117.9048,391.9,99.071,52.06,102.18047,93.936623,113.97946,2.541991,494.78,98.774567,52.548172,395.57489,499.41962,462.6740564,454.2620331,473.6018257
1/1/2017,100.5069,101.1463,117.7858,396.61,99.451,52.56,105.20123,108.277,103.17117,2.8283093,507.51,98.793732,52.850147,398.79941,510.31161,465.5874992,468.4692758,463.6389454
2/1/2017,100.534,101.0919,116.1204,402.06,99.586,53.46,114.20636,125.66468,97.151604,2.8861985,520.98,98.837212,53.682243,403.73145,523.14581,473.8006987,483.361709,457.6272686
3/1/2017,100.639,101.1317,115.6558,385.28,99.535,49.48,96.63588,95.838425,95.674545,2.7185936,525.6,98.905998,49.711159,387.07993,528.05548,457.0950101,456.2663701,456.0952276
4/1/2017,100.7511,101.2223,114.7698,390.61,99.725,51.08,119.45992,127.44655,108.06884,2.6993942,533.03,99.024834,51.220856,391.68713,534.49988,478.2980918,484.7697061,468.2768431
5/1/2017,100.8263,101.3369,114.2591,381.04,99.682,48.51,102.57996,102.35461,99.704803,2.5191126,542.96,99.11377,48.664753,382.25558,544.69214,463.0642592,462.8443353,460.221385
6/1/2017,100.8528,101.4859,112.7603,364.63,99.766,45.19,126.78902,113.16846,146.67166,2.3213921,544.51,99.184723,45.295994,365.48523,545.78717,484.2524445,472.8877505,498.8196483
7/1/2017,100.8847,101.603,111.0606,374.75,99.803,46.61,102.81346,125.59921,71.955055,2.324851,557.88,99.215286,46.702003,375.48972,558.9812,463.2916278,483.3095964,427.6041688
8/1/2017,100.9467,101.7034,109.9059,380.47,100.027,48.05,138.53162,160.0231,108.43595,2.4950969,558.29,99.26873,48.037029,380.36731,558.13928,493.1098603,507.531818,468.6159676
9/1/2017,101.0199,101.8225,108.8542,394.89,100.4,49.83,115.53445,142.1449,84.096268,2.5595784,568.88,99.276993,49.631474,393.31674,566.61353,474.9568754,495.684696,443.196219
10/1/2017,101.1054,101.972,110.8892,402,100.531,51.6,91.461571,109.23061,69.156998,2.479327,579.83,99.295624,51.32745,399.87665,576.7674,451.5918895,469.3461335,423.6379253
11/1/2017,101.1279,102.104,111.1635,425.01,100.675,56.66,92.596016,103.94398,80.115875,2.5813875,590.63,99.391922,56.280109,422.16043,586.66998,452.8246117,464.38521,438.3474024
12/1/2017,101.1187,102.1857,110.8758,425.39,100.821,57.9,82.718254,95.908447,62.657478,2.5863833,599.29,99.438957,57.428513,421.92599,594.40991,441.5440303,456.3394059,413.7683036
1/1/2018,101.1186,102.1512,108.3567,452.53,101.199,63.66,92.426788,107.64432,75.66629,2.5324788,631.23,99.546295,62.905762,447.16846,623.75122,452.641685,467.8832459,432.6332751
2/1/2018,101.1364,102.0152,107.65,444.5,101.416,62.21,64.491371,74.683113,52.002201,2.5174773,604.52,99.664307,61.341404,438.29376,596.07953,416.6531432,431.3254002,395.1286045
3/1/2018,101.1461,101.852,107.9473,446.07,101.524,62.76,111.9623,146.92708,64.557587,2.4760838,590.47,99.794044,61.817894,439.37393,581.60632,471.8162207,498.9936409,416.7557647
4/1/2018,101.1354,101.7076,107.9428,463.58,101.766,66.26,123.26347,146.39566,94.305855,2.476131,595.2,99.894005,65.110153,455.53525,584.87115,481.4324097,498.6312956,454.6543277
5/1/2018,101.1348,101.5672,111.046,484.34,101.941,69.99,125.66662,172.21671,63.217903,2.6696715,593.75,99.98967,68.657364,475.11795,582.44476,483.3632527,514.8753626,414.6587536
6/1/2018,101.1566,101.4994,112.8435,472.75,102.029,67.33,103.96859,137.02446,56.640434,2.9064412,590.66,99.998352,65.991043,463.34866,578.91382,464.4088834,492.015945,403.6723112
7/1/2018,101.1846,101.4613,113.0594,465.95,102.137,70.97,110.02843,129.10234,84.40847,2.9563115,608.85,99.891991,69.4851,456.20099,596.11108,470.0738787,486.0605423,443.5667752
8/1/2018,101.1386,101.4222,113.8309,459.43,102.208,67.99,112.74168,145.11407,68.575592,3.0240457,613.24,99.736259,66.52121,449.50494,599.99219,472.5099184,497.7520123,422.793667
9/1/2018,101.0656,101.3736,114.0783,470.56,102.418,70.2,75.053909,88.623642,51.163918,3.1220646,616.07,99.590492,68.542641,459.4505,601.52515,431.8206642,448.4398662,393.5034557
10/1/2018,100.9697,101.3404,114.8301,479.81,102.595,70.76,92.016479,115.21215,61.150475,3.2383785,570.03,99.433136,68.970222,467.67386,555.61188,452.1967681,474.6775211,411.333763
11/1/2018,100.8609,101.2336,116.1678,428.87,102.63,57,80.407585,105.16685,47.402168,2.8560233,575.66,99.401222,55.539314,417.87976,560.90814,438.7108513,465.5548137,385.8667966
12/1/2018,100.7862,101.1078,116.2111,396.52,102.701,48.95,90.607666,106.0627,66.240929,2.5705135,533.44,99.298836,47.662632,386.09167,519.41071,450.6538823,466.4030429,419.3298535
1/1/2019,100.7658,101.0994,114.4403,401.36,102.714,51.45,87.424103,112.98045,55.733509,2.3146601,574.48,99.366348,50.090542,390.75491,559.3006,447.0771023,472.7214795,402.0581564
2/1/2019,100.8381,101.1338,114.4106,417.75,102.862,54.96,96.800163,127.85742,57.5117,2.3589339,588.92,99.321648,53.430809,406.12665,572.53406,457.2648678,485.0915737,405.1988405
3/1/2019,100.9177,101.1566,114.7823,430.35,103.056,58.14,82.328293,90.789597,66.641205,2.633935,594.13,99.572777,56.415928,417.5885,576.51178,441.0714827,450.8544709,419.932308
4/1/2019,100.9286,101.1279,114.9024,449.24,103.371,63.86,79.253448,95.455399,57.51553,2.7915931,613.67,99.671593,61.777481,434.58997,593.65778,437.265092,455.8659112,405.2054998
5/1/2019,100.8934,101.111,115.957,434.87,103.426,60.85,106.4719,134.97252,64.663437,2.7057745,576.39,100.02718,58.834335,420.46487,557.297,466.7881101,490.5071202,416.9195926
6/1/2019,100.7969,101.0774,115.4279,412.23,103.469,54.65,106.58846,142.65349,53.420639,2.4616349,613.18,99.913322,52.817753,398.40918,592.62195,466.8975251,496.0418543,397.8197169
7/1/2019,100.6693,101.0638,115.0785,421.95,103.608,57.44,93.521255,126.93078,47.418858,2.4731243,614.82,99.955528,55.439735,407.2562,593.40979,453.8188737,484.3641899,385.9019998
8/1/2019,100.519,101.0376,117.102,398.32,103.661,54.82,103.40442,124.72542,70.097443,2.3771157,599.77,99.397041,52.883919,384.2525,578.58789,463.8647708,482.6114681,424.9886317
9/1/2019,100.4978,101.0502,117.3256,410.88,103.754,56.96,90.367989,110.87095,67.810234,2.1992166,612.34,99.472794,54.89909,396.01364,590.18445,450.3890101,470.8366912,421.6713128
10/1/2019,100.5675,101.0681,116.7479,405.92,103.961,53.98,97.836731,121.31104,69.966583,2.2230914,628.48,99.111519,51.923317,390.4541,604.53436,458.3300079,479.8357826,424.8017742
11/1/2019,100.7059,101.0995,116.5605,417.72,103.997,56.95,73.078384,84.587303,53.032532,2.5466359,643.41,99.527977,54.761196,401.66544,618.68134,429.1532619,443.7784173,397.0905537
12/1/2019,100.8066,101.0647,115.9107,428.12,104.282,59.81,74.279892,80.110771,63.331352,2.9168575,664.28,98.840469,57.354099,410.54065,637.00354,430.7840283,438.3410314,414.8380499
1/1/2020,100.7348,100.9045,115.2786,420.62,104.458,57.53,138.42094,190.84436,81.65094,3.0486016,657.47,98.627914,55.074768,402.66901,629.41089,493.0299332,525.1458227,440.2453332
2/1/2020,100.2426,100.3076,116.7095,386.88,104.551,50.53,75.955559,87.162453,56.68605,3.0069423,601.05,96.389931,48.330479,370.03949,574.8869,433.0148419,446.7773653,403.7528149
3/1/2020,99.1869,99.0102,121.0285,297.15,104.238,29.46,81.540031,97.090073,62.902988,2.4358809,518.11,94.888023,28.262245,285.06879,497.04523,440.1094078,457.5639135,414.1593667
4/1/2020,98.0589,97.7011,123.2894,258.35,103.796,16.61,69.339401,81.760826,47.591232,1.8155228,573.39,90.125229,16.002544,248.90169,552.4201,423.9013302,440.3798229,386.2648543
5/1/2020,97.7063,97.5848,122.6238,284.91,103.89,28.55,68.507217,83.355461,42.295559,1.5775105,599.34,88.594368,27.480989,274.24197,576.89862,422.6939097,442.3114126,374.4682092
6/1/2020,97.9132,98.1955,119.6845,320.86,104.199,38.32,71.227859,85.866608,49.760887,1.8620074,615.53,87.466797,36.775784,307.93002,590.72546,426.588402,445.2795022,390.7229274
7/1/2020,98.1953,98.716,118.7004,338.21,104.541,40.72,66.473282,88.737976,36.252083,2.0172441,645.08,90.161392,38.951225,323.51901,617.05933,419.6800092,448.5687937,359.0496842
8/1/2020,98.4525,99.0162,116.9576,353.56,104.869,42.35,65.466049,90.009117,28.454628,2.0415964,684.83,91.553406,40.383717,337.14444,653.03381,418.1531672,449.9910965,334.8310819
9/1/2020,98.6693,99.1055,116.3534,348.01,105.048,39.59,80.37738,101.25764,49.518082,2.0723364,661.25,94.434875,37.687534,331.28665,629.47412,438.6732793,461.766816,390.2337896
10/1/2020,98.7494,98.9715,115.7882,354.71,105.124,39.46,76.083168,97.65258,42.681442,1.9641706,641.03,94.831413,37.536625,337.42056,609.78461,433.1827058,458.1416078,375.3764212
11/1/2020,98.7592,98.883,114.1033,368.28,105.197,41.01,70.067467,79.036446,62.313946,1.8896911,723.54,96.042786,38.984001,350.08603,687.79529,424.9458592,436.9909088,413.2185253
12/1/2020,98.8744,99.0761,111.9051,396.92,105.707,47.05,64.067291,86.815277,31.744429,1.95828,756.48,95.568321,44.509823,375.49075,715.63849,415.9933953,446.3782608,345.7717245
1/1/2021,99.0183,99.2279,111.4953,428.99,106.145,52.07,77.418701,98.475624,48.287487,2.2794316,749.56,95.963974,49.055538,404.15469,706.16608,434.9228366,458.9809045,387.7172459
2/1/2021,99.2997,99.5212,112.0275,464.45,106.522,59.06,73.956802,94.483559,46.326778,2.3474708,767.28,95.422668,55.443947,436.01321,720.30188,430.3481166,454.8425841,383.5720152
3/1/2021,99.7132,100.0178,113.3497,478.66,107.066,62.34,78.618767,100.85202,49.418041,2.9672294,790.85,95.921333,58.225769,447.07004,738.65656,436.4610437,461.3654294,390.031556
4/1/2021,100.0424,100.5888,112.6426,485.8,107.662,61.72,88.166222,109.58696,67.873795,3.5426037,826.02,95.858818,57.32756,451.22699,767.2345,447.9223919,469.6718389,421.7650025
5/1/2021,100.2924,101.3127,111.2252,516.17,108.207,65.17,93.007133,120.78284,52.626114,4.0855923,837.08,96.397896,60.227158,477.0209,773.59137,453.2676189,479.3994222,396.321246
6/1/2021,100.4506,101.8484,111.5888,528.93,108.755,71.38,74.127121,92.546547,46.34864,4.1967015,847.05,96.353264,65.633766,486.35007,778.86072,430.5781471,452.7711729,383.619195
7/1/2021,100.3522,101.9419,113.0721,530.66,109.28,72.47,58.420769,64.036316,50.715832,4.3392386,858.04,96.550926,66.315887,485.59662,785.17572,406.767146,415.945036,392.623813
8/1/2021,100.1086,101.8411,113.4124,520.38,109.74,67.72,89.486549,103.20159,76.482857,4.5273876,877.64,96.290459,61.709496,474.19354,799.74487,449.4088323,463.668426,433.7066624
9/1/2021,99.9423,101.7272,113.4532,538.91,110.096,71.5,80.696968,92.047318,67.940277,4.7930269,839.17,96.369453,64.943321,489.491,762.21661,439.0701003,452.2302771,421.862904
10/1/2021,99.7578,101.424,114.0758,583.89,110.808,81.44,79.029236,93.808029,61.149113,5.3964148,882.26,96.462288,73.496498,526.93848,796.20605,436.981786,454.1250449,411.3315357
11/1/2021,99.5292,100.9869,115.0036,573.47,111.494,79.17,86.569145,121.50095,39.742691,6.0215163,860.73,96.861183,71.008308,514.35052,771.9967,446.0943459,479.9922082,368.242595
12/1/2021,99.2882,100.5871,115.8172,545.65,112.24,71.71,105.34542,155.31026,47.654934,6.5554299,898,97.079948,63.889877,486.14575,800.07129,465.7244665,504.5424794,386.3986171
1/1/2022,98.9535,100.1092,115.0507,596.98,112.829,83.17,138.67499,199.48752,63.25153,7.0517635,852.22,97.136726,73.713318,529.10156,755.32001,493.2132994,529.5751678,414.7119317
2/1/2022,98.4893,99.244,115.0057,645.03,113.496,91.65,216.15901,320.60587,105.21831,7.608295,830.96,97.038513,80.751747,568.32837,732.14917,537.6014294,577.0212549,465.6037335
3/1/2022,97.9453,97.882,116.2984,746.61,114.446,108.41,318.95493,403.71362,250.95586,8.7986889,850.98,96.844467,94.725899,652.36877,743.56464,576.5049808,600.0705765,552.5277067
4/1/2022,97.5484,97.0068,117.1702,740.15,114.789,101.78,191.1431,221.91055,184.41782,9.4765816,779.51,96.578682,88.66703,644.79175,679.08075,525.3022362,540.2274373,521.7203944
5/1/2022,97.1718,96.5337,119.6926,764.01,115.446,109.34,142.25848,166.42456,140.13734,9.8836412,779.65,96.427177,94.710945,661.78992,675.3374,495.7645685,511.4542114,494.2622942
6/1/2022,96.799,96.0733,120.0269,773.67,116.495,114.6,130.70732,160.72696,114.81469,10.456755,708.83,96.294655,98.373322,664.12292,608.46387,487.2960625,507.9707025,474.3319437
7/1/2022,96.5981,95.6558,122.7609,677.39,116.511,100.74,117.17677,141.24294,97.83873,10.486382,761.63,96.268036,86.463936,581.39575,653.69794,476.3683649,495.0481386,458.3320511
8/1/2022,96.6032,95.4645,122.3262,668.94,116.89,93.11,132.86322,159.38303,111.15858,10.560736,730.06,96.188507,79.65609,572.28162,624.57013,488.9320178,507.1310299,471.095783
9/1/2022,96.6233,95.3309,125.5999,631.62,117.314,84.04,131.98587,170.3118,108.62807,10.854751,659.46,96.153625,71.636803,538.40118,562.13239,488.2694871,513.7630875,468.7929846
10/1/2022,96.7195,95.5686,127.4828,638.31,117.842,87.37,143.16241,185.2843,112.67503,10.923103,704.61,96.00647,74.141647,541.66595,597.92773,496.397972,522.1891402,472.4507835
11/1/2022,96.8988,96.1284,124.8627,632.8,118.104,84.37,116.71629,143.04655,98.68261,10.57875,755.4,95.944916,71.437042,535.79895,639.60577,475.9746118,496.3170102,459.190874
12/1/2022,97.1696,96.6964,122.2476,594.99,118.348,76.61,111.19594,119.13853,109.77222,9.9063644,724.01,95.862289,64.732819,502.74612,611.76361,471.129387,478.0286934,469.8407492
1/1/2023,97.4766,97.1684,119.8133,598.91,119.011,78.16,103.41142,113.00708,93.356415,9.922246,775.31,95.991562,65.674599,503.2392,651.46082,463.8715401,472.7450472,453.6424587
2/1/2023,97.7304,97.5296,120.3366,585.62,119.386,76.85,122.07389,149.96591,102.5573,10.066294,754.72,96.141525,64.371033,490.52652,632.16791,480.4626517,501.0408002,463.0421667
3/1/2023,97.9049,97.7741,120.8071,565.51,119.53,73.34,105.55168,127.01546,86.341125,9.3488493,775.49,96.292206,61.356983,473.11136,648.78271,465.9200691,484.4308811,445.830602
4/1/2023,98.1165,98.0188,119.3744,582.23,119.893,79.44,106.78195,118.49525,92.792641,8.9536104,787.12,96.483238,66.259079,485.62469,656.51874,467.0788905,477.4872875,453.0367337
5/1/2023,98.3053,98.2315,119.7956,544.07,120.02,71.59,107.82906,122.43441,91.924988,8.45438,778.51,96.602745,59.648392,453.3161,648.65021,468.0547195,480.7575458,452.0972897
6/1/2023,98.4894,98.4331,119.5789,542.98,120.221,70.27,111.36509,131.1244,95.296394,8.001008,822.46,96.638695,58.450687,451.65155,684.12341,471.2813903,487.6146491,455.6991972
7/1/2023,98.5784,98.513,118.4119,566.92,120.373,76.05,106.8078,122.75454,91.750916,8.6666241,850,96.508018,63.178619,470.96939,706.13843,467.1030958,481.0186752,451.9077471
8/1/2023,98.4819,98.3912,120.2177,585.08,120.803,81.37,101.85308,119.07635,83.287071,9.4362946,827.06,96.362686,67.357597,484.32571,684.63531,462.3531383,477.9764884,442.2293327
9/1/2023,98.3198,98.1896,121.9827,611.29,121.267,89.48,98.806625,126.61871,68.042595,9.4552879,790.88,96.165359,73.78759,504.08603,652.18073,459.3164657,484.1180287,422.0133906
10/1/2023,98.1988,98.1308,123.7914,587.89,121.299,85.6,196.70425,204.39084,219.03455,9.3091106,767.25,96.040413,70.56942,484.66187,632.52789,528.1701332,532.0034043,538.922948
11/1/2023,98.2521,98.2637,121.5369,563.08,121.218,77.46,153.73654,142.41887,184.92548,9.3257504,838.84,96.007881,63.901402,464.51846,692.00946,503.5240358,495.8772504,521.9952933
12/1/2023,98.4871,98.4667,120.1585,537.7,121.421,71.98,141.38467,136.49973,171.77718,9.3896379,879.34,96.045479,59.281342,442.83939,724.20752,495.1484332,491.6322637,514.6198172
1/1/2024,99.1108,98.5667,120.5769,543.26,,74.03,148.3434,127.06276,199.00359,,886.67,96.101791,,,,499.9529856,484.4681138,529.3322865
2/1/2024,,,,,,,,,,,909.37,96.232597,,,,,,
3/1/2024,,,,,,,,,,,,,,,,,,
4/1/2024,,,,,,,,,,,,,,,,,,
5/1/2024,,,,,,,,,,,,,,,,,,
6/1/2024,,,,,,,,,,,,,,,,,,
